Sub_W,Sub_L,Sub_H,Patch_W,Patch_L,Feed_W,Slot1_W,Slot1_L,Slot2_W,Slot2_L,Freq_GHz,Gain
31.24,31.81,1.06,18.11,22.27,1.28,2.1,5.27,1.25,3.31,2.8873,5.2581
48.52,34.2,1.0,35.03,13.54,1.18,1.65,1.27,0.74,6.72,5.0409,5.9583
41.96,45.64,0.76,25.17,20.62,2.81,2.91,5.29,0.82,7.96,2.9134,5.8082
37.96,30.2,1.41,11.91,20.08,3.9,1.05,1.63,0.95,6.89,3.2361,4.2141
24.68,46.09,1.21,11.8,24.99,2.51,1.97,5.97,1.01,3.42,2.6029,4.2645
24.68,22.64,1.8,12.12,15.65,1.15,2.25,3.73,1.11,5.98,4.1882,3.8002
21.74,43.3,0.55,11.74,37.21,1.66,2.56,6.86,1.14,4.74,1.4105,4.7034
45.99,45.43,1.47,27.52,13.55,1.73,1.52,7.6,1.64,6.51,4.6793,5.6155
38.03,25.45,1.64,21.61,17.42,2.01,2.22,3.92,1.77,2.07,3.896,5.9574
41.24,32.91,1.64,15.33,14.13,1.13,1.26,4.22,1.27,5.47,4.6851,4.2563
20.62,24.96,1.83,10.38,14.13,3.71,1.59,5.13,2.77,6.42,4.6639,3.6618
49.1,41.2,1.59,15.85,10.86,2.55,2.74,2.38,1.88,6.33,6.3255,3.8552
44.97,36.06,1.89,39.51,12.86,3.01,2.87,7.49,2.47,7.75,5.0399,7.1182
26.37,39.06,1.0,15.33,17.69,1.2,2.3,4.03,2.81,1.41,3.9432,3.6671
25.45,25.89,1.25,19.07,13.73,1.16,1.44,2.17,0.91,3.42,5.0698,4.4565
25.5,26.35,0.52,18.91,20.21,2.76,2.55,6.34,1.57,4.34,3.0341,4.0509
29.13,21.24,0.51,17.23,14.63,3.66,0.56,2.53,1.58,3.17,4.7049,2.7648
35.74,29.66,0.86,24.66,24.25,2.59,0.76,2.0,1.39,3.17,2.745,7.3981
32.96,36.79,0.65,13.46,23.06,3.63,2.15,4.94,0.52,2.23,2.7284,3.9727
28.74,45.74,0.89,19.46,17.43,3.43,1.23,5.7,2.54,6.69,3.6192,4.516
38.36,40.01,0.77,16.36,18.19,1.23,2.88,4.99,0.78,7.36,3.456,3.7416
24.18,33.06,0.54,17.64,15.78,1.61,1.59,5.6,2.99,1.58,4.1872,3.2678
28.76,48.59,1.86,11.15,20.97,2.97,1.57,1.81,2.43,2.08,3.5002,4.2357
30.99,41.58,0.51,22.36,27.89,2.33,2.2,4.33,1.95,2.6,2.2982,6.5026
33.68,47.9,1.6,11.87,27.47,1.87,2.42,3.5,0.89,4.56,2.3826,5.5246
43.56,35.83,0.73,35.16,18.03,2.26,1.69,7.81,1.79,6.54,3.2961,6.8043
25.99,27.77,1.87,13.34,11.9,2.34,1.04,1.35,1.15,1.5,6.1028,4.1054
35.43,21.58,1.84,23.37,10.15,3.73,2.43,3.09,1.13,5.46,6.7286,4.8371
37.77,41.78,1.48,21.1,15.86,1.31,1.3,7.59,2.57,2.05,4.1577,5.0239
21.39,23.64,1.51,12.34,10.93,1.84,0.94,7.88,1.45,7.8,5.8734,3.3738
38.23,29.08,0.51,24.99,21.06,2.61,2.08,6.77,1.63,7.29,2.6773,5.7321
25.12,35.97,1.98,19.58,12.36,3.09,0.73,1.53,2.61,7.65,5.5677,5.1136
21.95,36.93,1.82,10.29,25.88,2.89,2.93,4.93,0.72,1.74,2.6278,4.9429
48.47,38.02,1.84,40.75,18.88,3.82,2.08,3.8,1.99,4.42,3.6019,9.8839
48.97,24.99,1.49,30.69,10.73,3.39,2.96,6.65,1.95,2.16,6.3576,5.1154
44.25,31.39,1.02,33.62,23.32,2.67,1.35,1.39,1.56,5.2,2.8877,9.1425
29.14,38.52,1.84,15.43,23.63,1.64,2.93,2.38,2.57,2.63,2.9636,5.914
22.93,49.09,0.94,13.74,18.04,2.35,0.86,4.42,2.86,6.39,3.4935,3.5355
40.53,41.83,1.34,32.18,34.0,3.08,0.6,2.1,1.66,5.51,1.8249,12.7996
33.2,47.68,0.65,17.55,11.48,3.51,0.58,5.85,1.64,5.0,5.6529,2.9423
23.66,42.87,1.88,14.63,15.62,3.88,1.66,6.75,1.76,6.78,4.1473,4.8306
34.86,37.75,0.71,10.4,27.11,2.82,0.71,5.93,2.31,4.5,2.2397,3.6045
21.03,25.76,0.84,10.96,17.63,2.58,1.78,4.08,2.17,2.89,3.9369,2.6876
47.28,40.0,1.34,30.71,17.23,1.05,1.32,7.15,1.06,5.34,3.6421,7.3379
27.76,38.7,1.65,19.15,11.47,1.22,1.34,1.96,0.66,7.7,5.8826,4.2414
39.88,38.07,1.43,24.49,29.8,1.47,2.09,2.82,2.87,5.21,2.056,8.9054
29.35,34.69,0.85,12.06,16.18,1.16,0.91,4.43,1.15,5.41,4.0613,2.915
35.6,35.86,0.5,19.18,14.08,2.2,2.42,1.43,2.1,7.54,4.7159,2.6359
36.4,30.03,1.64,17.6,17.76,2.01,1.96,1.67,2.57,4.61,3.9542,5.1971
25.55,35.58,1.98,15.23,28.73,2.91,2.79,3.78,1.25,7.97,2.053,6.8973
49.09,25.93,1.71,39.67,10.48,2.61,1.41,7.61,2.09,2.12,6.5472,6.3841
43.25,44.16,1.19,31.92,32.33,2.79,2.96,7.36,0.77,4.76,1.6991,11.6963
48.18,25.57,1.86,12.79,16.05,2.42,1.94,4.26,2.92,2.49,4.3698,4.5004
46.84,22.55,1.11,38.35,13.21,1.83,2.93,2.0,0.65,4.17,5.2425,6.5575
37.94,33.09,1.29,20.82,23.46,3.86,0.57,2.25,1.6,2.19,2.8773,6.3788
47.66,39.75,1.22,34.29,33.9,1.26,2.32,3.64,1.84,2.56,1.9142,13.3865
22.65,33.13,1.17,11.07,14.16,3.82,2.54,2.47,2.48,2.48,4.824,2.7747
25.88,28.3,1.66,17.3,11.91,1.93,0.63,1.58,0.8,3.24,5.8708,4.5284
21.36,36.75,1.29,11.5,29.85,2.54,1.95,5.72,1.6,1.94,2.0865,5.0499
29.76,30.41,0.98,16.47,20.31,1.33,2.5,5.07,1.25,6.67,2.9998,4.4533
31.66,47.99,0.89,10.28,24.45,1.21,1.9,3.04,1.28,2.54,2.7214,3.6374
28.14,47.68,0.56,11.99,28.73,2.29,0.66,6.45,2.45,3.92,2.0342,4.2338
44.86,35.07,1.37,12.75,24.97,3.23,2.23,6.43,0.51,1.11,2.6304,5.1259
30.7,29.84,0.84,13.76,21.47,1.81,0.65,4.44,2.37,1.73,3.1056,3.8715
28.43,42.11,0.72,11.34,34.94,2.69,2.54,1.68,2.53,7.27,1.6879,4.523
36.28,21.1,1.48,24.72,12.6,1.84,0.61,7.43,2.75,6.86,5.0445,4.8887
24.23,34.24,1.52,10.27,15.65,2.17,0.84,5.68,2.07,6.89,4.0979,3.7412
44.07,30.09,1.63,27.96,19.65,3.72,1.19,2.73,1.33,3.88,3.5428,7.802
22.24,47.62,1.26,11.02,23.56,3.57,2.08,5.27,1.57,1.99,2.7893,4.0453
49.61,20.36,1.84,42.71,13.19,2.55,2.94,3.84,2.92,1.76,5.352,8.0725
43.17,36.58,1.9,36.28,19.07,1.71,0.79,5.45,2.7,5.24,3.427,9.6391
25.96,42.22,1.71,12.47,14.16,1.58,0.86,4.32,1.66,6.8,4.707,4.4463
20.17,34.55,1.45,13.17,19.18,3.86,1.42,4.4,2.86,7.3,3.3036,4.1206
44.46,22.56,0.96,10.83,15.22,1.61,2.59,6.15,2.56,3.02,4.3761,2.5466
41.21,49.17,1.97,34.42,37.31,3.42,1.67,5.3,2.75,3.25,1.712,15.3233
41.87,35.54,0.91,24.05,20.13,2.11,1.3,1.56,2.21,1.71,3.5125,6.379
43.14,38.43,0.8,11.22,13.87,3.96,1.9,1.46,2.64,6.42,4.864,2.309
22.22,27.1,1.16,12.47,15.02,2.1,1.15,3.14,2.73,2.93,4.5247,3.4829
30.75,34.5,0.59,11.21,25.34,2.05,1.5,4.01,0.73,4.37,2.4035,3.702
23.48,32.87,1.97,13.33,17.38,2.91,1.33,2.93,2.91,7.5,3.7722,4.8272
45.89,22.25,1.38,30.7,15.05,3.88,2.51,5.56,1.33,6.27,4.3768,6.3197
38.7,23.18,1.34,21.14,14.15,3.93,2.81,2.37,1.6,1.37,4.9914,4.6577
29.93,45.12,1.48,15.73,17.27,3.12,2.4,5.93,2.48,1.06,3.956,4.7049
21.91,27.19,1.25,10.82,19.71,3.26,1.6,6.41,2.16,6.51,3.0083,3.591
29.33,25.85,0.55,13.51,10.91,2.69,1.76,1.87,2.73,4.87,6.28,1.7455
29.76,35.15,1.42,11.48,20.58,3.27,0.81,5.56,1.5,6.04,3.0418,4.4443
41.89,43.06,1.57,31.71,15.86,3.58,2.37,7.73,1.43,2.1,4.0406,6.7822
39.13,21.86,1.13,13.26,10.46,2.46,1.99,2.35,0.58,7.1,6.4909,2.8685
46.62,37.3,1.64,28.82,21.22,2.86,2.76,7.37,1.66,6.41,2.7624,8.3403
34.17,23.58,0.84,16.57,14.28,2.61,1.0,5.24,2.31,7.24,4.43,3.3824
23.59,21.09,0.83,11.94,14.31,2.69,2.4,5.14,1.25,3.39,4.7047,2.4777
41.4,21.58,0.74,26.88,14.9,3.67,2.21,1.36,1.66,2.93,4.666,4.5318
42.82,45.02,1.06,22.72,31.85,2.07,1.16,6.24,1.05,2.06,1.9134,8.8384
36.84,23.54,1.77,18.74,13.5,1.62,2.17,4.35,2.43,7.51,4.8555,4.6898
43.13,21.35,1.74,26.68,14.01,2.37,2.81,6.05,0.65,2.24,4.8417,5.8247
34.81,33.14,1.07,19.73,20.46,1.62,2.8,6.66,2.26,1.84,3.1849,5.3715
35.68,45.32,1.38,16.28,22.78,2.5,2.3,4.67,1.45,2.35,2.8665,5.5692
32.83,27.87,1.58,19.97,17.69,3.71,0.62,2.85,0.6,6.4,3.795,5.5705
20.76,32.65,0.86,13.86,26.72,2.85,2.68,1.99,2.63,7.23,2.2442,4.967
23.24,21.2,0.75,10.22,11.2,3.57,2.14,2.12,1.72,6.68,5.9362,1.778
20.94,33.47,1.96,12.77,26.73,1.5,1.28,7.07,2.0,4.94,2.3199,6.1799
39.09,37.33,1.43,11.39,11.19,3.7,0.97,1.87,2.33,7.96,6.0181,3.4819
29.43,37.13,1.97,12.69,16.82,2.81,0.79,3.69,2.14,1.48,4.1925,4.9779
35.26,29.97,1.01,21.35,14.31,1.1,0.63,3.34,2.33,7.07,4.6085,4.3232
47.23,29.47,1.55,37.91,19.06,2.9,2.39,7.06,2.41,3.99,3.3185,8.7932
27.48,23.2,0.83,21.02,11.08,3.85,1.09,4.34,1.97,4.19,6.1201,3.6806
32.31,31.0,0.89,11.21,24.12,1.24,0.56,7.98,1.41,1.89,2.5928,4.0174
42.67,22.98,1.27,21.6,16.62,2.75,1.49,6.16,1.11,1.23,4.143,4.9469
26.86,43.0,0.98,16.92,28.26,3.75,1.71,6.96,2.76,3.22,2.0945,6.1118
22.31,48.99,0.75,11.07,25.58,1.03,0.92,1.69,2.92,2.22,2.6517,3.5876
28.69,49.1,0.89,20.48,41.82,2.89,0.61,2.77,1.39,4.38,1.47,9.6497
24.84,45.95,0.55,17.32,35.71,2.42,0.97,1.95,0.78,2.03,1.8691,6.7265
47.89,38.02,1.56,39.71,21.5,2.04,2.2,4.25,1.06,1.97,3.1649,10.5803
44.24,41.03,1.24,10.25,28.27,2.88,0.71,6.03,2.18,7.14,2.0749,4.6275
39.0,28.56,0.64,15.2,17.69,1.16,1.89,2.18,0.93,7.45,3.5418,3.2695
46.14,38.92,0.76,35.76,24.07,3.26,0.87,1.91,2.45,7.75,2.4931,9.4364
44.11,33.67,0.65,29.52,16.18,1.01,0.99,5.3,2.81,5.76,3.8484,6.0533
25.6,34.46,1.42,19.48,18.99,1.92,1.48,2.61,2.91,6.4,3.5167,5.4836
46.78,42.73,0.64,11.82,12.17,2.51,0.75,4.36,0.52,6.85,5.4071,2.4653
36.18,28.46,1.63,22.64,14.81,2.13,0.93,1.36,2.9,5.61,4.5749,5.226
44.22,29.54,0.53,26.63,20.12,1.92,1.37,5.76,2.35,3.31,3.1476,5.5097
46.88,47.74,0.87,11.14,41.21,3.49,1.32,4.79,0.71,2.09,1.4772,5.99
29.54,21.69,1.84,17.47,16.44,3.8,2.37,5.53,1.54,2.66,4.0133,5.4702
23.3,34.57,1.58,15.06,20.87,3.62,0.69,2.93,2.25,6.88,3.1023,5.5595
26.84,47.38,0.61,12.26,29.64,2.57,2.65,2.95,2.89,5.87,1.9731,3.9798
32.81,38.31,1.73,14.87,14.33,3.65,2.54,6.61,0.91,4.19,4.6589,4.6339
44.54,36.39,1.24,28.92,24.87,3.76,2.41,6.03,0.82,1.21,2.5797,8.2177
45.82,27.49,1.77,24.43,10.88,2.23,1.27,5.06,1.68,2.86,6.3629,5.1271
20.21,30.3,1.4,14.47,14.36,1.85,2.56,5.4,2.92,6.1,4.6113,3.8376
35.32,45.56,1.52,16.96,30.43,1.29,0.96,1.66,2.93,4.59,2.239,6.9176
32.52,36.78,1.99,14.67,16.76,2.44,0.81,6.99,1.07,4.05,3.9396,5.4672
26.66,35.44,0.85,21.49,11.02,3.84,0.61,6.39,1.3,3.2,6.0912,3.4133
23.6,22.99,1.44,17.83,16.64,2.68,2.85,5.13,2.77,5.25,3.8458,4.5442
30.13,20.48,1.19,10.44,11.7,3.0,1.27,7.43,2.34,7.76,5.4488,2.5947
48.29,48.91,0.56,35.66,12.14,1.34,2.79,2.18,2.93,7.31,5.4607,4.9111
29.7,31.31,0.52,11.62,11.22,1.43,1.18,5.81,2.73,1.21,6.0598,1.6041
35.56,38.1,0.68,10.57,15.81,2.39,2.77,7.74,1.04,4.37,3.9075,2.1931
41.09,22.39,1.47,17.14,11.32,3.85,2.76,3.17,2.4,3.31,6.1647,3.4627
30.91,40.49,1.35,14.28,29.74,2.08,2.81,1.11,0.62,4.57,2.1965,5.8576
49.15,47.98,1.33,37.98,20.61,3.63,1.74,6.14,2.54,5.24,3.1109,9.4332
48.87,37.27,0.55,34.07,27.92,1.36,2.66,1.05,2.0,2.4,2.4509,9.9958
27.55,23.78,1.2,22.32,11.53,2.85,2.88,7.11,2.89,6.47,5.6941,3.6517
34.92,37.45,1.89,24.17,21.07,2.8,1.31,1.39,2.9,4.33,3.3452,7.5758
29.03,42.99,1.1,15.87,29.26,3.58,1.55,5.57,0.63,7.94,1.9819,6.1919
28.55,32.19,1.44,19.47,21.21,1.01,2.3,3.64,0.9,1.18,3.2836,5.7784
21.11,46.4,1.67,16.1,28.87,1.57,1.25,2.42,1.71,2.33,2.3866,6.8705
38.29,39.46,1.68,26.54,32.62,1.66,2.38,7.29,2.7,5.83,1.6854,10.6453
35.08,46.98,1.28,25.29,17.31,3.85,0.68,6.22,2.54,5.87,3.7299,5.989
21.54,38.71,1.79,16.14,21.7,1.46,1.81,3.38,2.91,5.08,2.9846,5.6056
28.36,23.94,1.09,11.52,17.9,1.11,0.81,2.99,2.05,7.8,3.5197,3.3804
47.25,29.29,1.83,32.73,11.11,2.6,1.23,6.15,1.14,3.91,6.1269,6.1554
27.19,26.05,0.86,20.37,10.62,2.59,1.15,6.86,0.56,3.92,6.2745,3.6551
24.35,47.26,0.92,18.92,17.53,3.53,2.6,6.01,1.06,7.37,3.5511,4.3402
34.68,42.81,0.58,14.15,27.61,3.85,0.98,5.48,2.19,4.77,2.069,4.7269
49.57,40.29,1.69,27.42,16.57,2.62,2.52,2.6,2.82,3.48,4.1773,6.8336
27.26,29.03,1.13,18.34,12.67,3.79,2.48,6.97,1.3,6.03,5.0976,3.3699
40.16,25.52,0.84,16.23,14.83,3.18,1.75,6.25,2.69,5.34,4.2744,3.1697
42.85,42.69,0.85,26.72,26.99,1.79,1.08,4.62,1.49,3.14,2.3896,8.5107
27.13,34.22,1.85,13.12,14.78,3.79,1.07,4.58,1.27,3.09,4.6361,4.5201
41.85,26.77,1.75,18.95,13.54,3.0,1.66,4.98,1.77,3.77,5.012,4.8258
31.03,38.5,1.33,17.08,24.42,2.24,0.52,6.8,1.61,1.5,2.6054,6.103
38.97,21.21,1.42,22.68,15.87,3.04,1.83,6.2,2.78,7.6,3.9393,5.4891
39.01,29.79,1.21,20.79,19.98,2.2,2.88,6.99,1.67,2.28,3.1861,5.5086
36.07,34.06,1.09,20.39,24.92,1.34,0.89,4.55,1.19,2.36,2.6762,6.4495
22.71,24.44,1.87,12.3,13.46,3.16,1.93,5.37,2.61,5.53,5.0057,3.5392
45.06,49.54,0.69,14.78,19.4,3.47,2.9,6.98,3.0,6.07,3.1856,3.3194
29.62,26.27,1.13,10.69,15.12,3.19,2.65,2.63,2.12,6.16,4.4245,2.7549
25.6,23.91,1.02,12.08,17.19,1.69,2.63,4.11,1.13,3.63,3.8575,3.0249
21.22,26.11,1.25,13.62,15.07,3.87,2.55,5.34,1.1,7.11,4.2243,3.5171
37.73,43.07,1.19,27.87,33.77,1.08,1.27,7.41,0.64,4.81,1.6501,10.9146
40.33,32.77,1.28,14.29,27.57,2.0,2.73,1.11,0.69,4.07,2.473,5.5475
20.5,36.96,0.71,10.6,11.58,1.78,2.85,2.49,2.79,6.67,5.7785,1.6722
35.36,20.63,1.27,25.26,10.26,1.14,1.74,2.64,0.74,2.7,6.8193,4.3362
26.79,21.03,0.86,13.6,10.9,2.22,1.39,3.29,1.71,7.02,6.1886,2.5032
39.36,33.37,0.78,33.17,17.06,2.87,1.54,2.97,2.25,4.77,3.8598,6.7017
25.23,44.5,0.6,17.31,13.87,3.65,1.34,5.13,2.63,7.3,4.6628,2.7928
40.73,46.56,1.64,18.41,37.48,3.97,1.03,7.2,0.93,2.41,1.6011,9.5241
31.6,22.6,1.14,14.81,10.18,3.42,2.05,5.46,1.59,7.55,6.4725,3.0679
48.1,36.15,1.44,27.34,16.68,2.41,1.91,2.69,1.13,5.82,3.9668,6.7131
24.13,47.4,1.59,10.72,15.98,3.17,1.66,7.05,1.14,5.33,4.0066,3.8718
30.23,31.64,1.52,11.79,25.5,3.53,0.74,5.42,1.26,3.95,2.5124,5.0294
23.4,44.89,1.21,11.48,30.01,2.4,2.49,2.53,1.97,7.69,1.9733,4.6994
47.74,24.01,1.08,35.37,18.22,3.36,0.94,3.53,0.54,4.11,3.6939,8.2682
46.32,48.06,1.06,26.09,42.15,2.45,0.79,6.53,1.52,4.49,1.2307,12.5823
27.74,42.54,1.46,10.13,23.69,2.16,2.06,6.17,0.97,6.47,2.526,4.087
39.8,48.24,1.24,26.7,17.79,2.58,1.5,5.04,2.92,2.99,3.6783,6.3675
44.52,40.3,1.77,22.51,14.9,3.03,0.65,2.01,1.96,3.04,4.7516,5.5885
36.66,30.9,1.81,21.06,13.54,3.18,1.39,6.62,2.67,6.43,4.7948,5.23
35.89,48.15,0.76,14.47,33.49,2.07,2.43,3.15,0.99,1.9,2.0374,5.8035
27.26,28.27,0.7,16.76,10.54,2.71,2.04,6.4,2.53,6.76,6.2344,2.658
22.79,29.97,1.45,17.63,10.77,3.73,1.41,5.53,1.54,5.38,6.2439,3.8201
46.92,41.02,0.95,12.34,25.83,3.93,0.98,2.85,0.94,4.77,2.5442,4.3966
47.01,42.96,0.53,19.09,27.95,1.68,2.08,2.49,2.4,2.6,2.3769,5.688
38.99,47.88,1.83,15.83,31.88,1.58,2.72,1.92,2.41,6.5,2.0561,7.4964
30.17,26.14,0.84,13.77,14.14,3.03,2.12,2.69,2.99,6.63,4.6302,2.8554
30.48,43.94,1.89,15.86,33.32,2.24,2.53,2.1,2.45,4.38,2.0341,7.6247
41.78,42.16,1.58,31.91,24.49,1.07,1.8,5.32,0.86,3.72,2.6504,9.5395
46.91,21.91,1.64,39.13,10.73,2.04,2.29,5.19,1.31,2.72,6.3564,5.8175
46.61,31.62,0.8,16.39,23.25,3.42,2.74,5.1,1.63,6.28,2.6627,4.6218
43.4,28.48,0.85,25.42,22.85,3.39,2.43,5.49,0.82,5.48,2.6081,6.5237
39.26,29.13,1.28,25.45,10.85,2.48,2.77,6.7,2.47,2.45,6.1974,4.0538
22.52,49.49,0.76,13.93,23.5,2.42,1.58,7.39,1.82,6.56,2.2789,4.0247
24.85,39.28,0.96,14.28,21.84,2.74,2.76,2.61,2.86,7.18,2.9046,4.4078
46.96,41.53,0.98,16.13,13.89,1.66,2.05,5.11,1.97,1.41,4.8394,3.3355
38.19,49.3,0.74,21.32,39.76,2.58,2.68,1.55,1.81,6.41,1.4488,9.2833
20.28,31.32,0.81,12.12,14.64,1.03,0.6,1.84,0.68,6.97,4.568,2.9583
23.04,44.06,1.68,16.4,32.75,2.43,2.14,5.58,0.87,7.94,1.6853,7.109
39.91,33.04,0.75,29.02,22.1,2.01,2.62,4.41,2.62,2.66,2.9259,6.9354
20.15,46.09,0.54,10.69,28.59,3.02,0.94,6.31,2.98,3.6,1.9806,3.2353
24.82,25.42,1.44,10.87,12.0,2.92,2.15,3.98,1.54,7.76,5.51,3.4468
36.46,48.43,1.96,29.49,17.38,2.14,2.56,1.89,2.53,1.66,4.1765,7.1983
40.76,26.56,1.0,23.79,10.55,1.02,1.22,7.1,2.07,4.67,6.326,3.5917
39.56,29.79,0.68,31.07,13.56,1.76,1.51,1.58,2.9,4.55,5.1246,4.7362
26.73,42.69,1.36,10.68,19.56,2.9,1.92,2.32,1.1,5.25,3.3796,3.6241
41.37,31.81,1.86,23.88,24.01,1.22,1.8,2.94,1.86,3.32,2.786,8.177
27.12,38.25,1.68,16.54,18.52,1.32,0.6,7.97,1.52,7.48,3.2725,5.3558
29.76,33.34,1.43,22.71,23.84,2.94,0.75,3.92,1.85,2.89,2.8134,7.3357
42.39,42.27,0.97,12.67,21.98,3.27,0.75,4.51,1.17,5.55,2.8468,4.1533
39.49,26.85,1.31,15.89,19.3,1.96,1.16,6.39,1.74,4.47,3.256,4.7931
45.48,21.75,0.64,22.39,16.59,2.47,1.11,5.45,2.06,2.87,3.8244,4.429
39.73,29.0,1.52,31.41,13.36,3.84,2.36,6.89,0.7,2.32,4.9945,6.3898
37.05,34.23,1.59,30.7,26.58,3.84,1.93,4.41,2.36,7.7,2.2717,9.7838
22.81,25.04,1.95,17.75,16.24,1.92,2.41,7.81,2.27,4.93,3.9746,5.4775
31.03,30.64,0.89,25.38,22.79,3.43,0.67,6.58,2.7,5.23,2.6853,6.5716
27.96,32.0,0.53,10.08,21.08,2.78,1.71,3.81,1.56,6.48,2.9484,2.4592
27.32,21.72,1.32,10.59,12.85,3.93,1.31,3.67,0.65,1.57,5.4719,3.166
49.19,37.5,1.56,15.05,15.13,2.43,2.62,7.51,1.65,6.0,4.245,4.2715
31.79,46.53,1.69,15.86,12.21,3.32,2.27,5.79,0.84,2.16,5.6297,4.2589
46.76,24.55,0.79,36.36,15.12,3.3,2.67,5.35,2.12,6.18,4.2347,6.0136
38.93,37.93,0.89,31.36,32.71,2.49,0.62,6.3,0.62,1.99,1.7151,11.802
43.84,39.94,1.27,15.39,28.41,3.39,2.3,4.93,1.43,6.83,2.0236,5.8179
35.08,32.58,1.0,22.44,15.75,1.78,1.85,2.11,0.71,5.77,4.2138,4.63
37.31,41.03,1.79,30.46,31.53,1.37,2.56,3.23,0.51,3.7,2.0945,11.7313
34.78,32.32,1.21,19.17,23.32,2.28,1.77,4.91,2.9,3.51,2.7201,5.5456
25.86,35.14,1.7,11.12,15.67,3.83,1.85,1.13,2.99,2.04,4.6213,3.5284
41.67,20.22,1.37,22.21,10.07,2.5,0.63,4.06,1.89,7.33,6.6215,4.1052
28.42,40.75,1.66,15.04,13.04,2.91,2.17,6.29,1.1,1.83,5.2977,4.2456
20.73,39.84,1.0,13.31,31.79,2.87,1.18,2.15,2.78,4.3,1.9784,5.1611
39.36,21.15,1.75,20.69,15.15,1.4,0.55,1.45,2.81,2.66,4.6603,5.1901
25.31,31.05,0.91,10.18,14.74,2.17,0.67,6.85,2.64,7.97,4.1681,2.4953
48.21,49.37,1.32,43.01,19.8,3.12,2.89,5.32,1.86,5.1,3.1972,10.0407
48.62,32.62,0.82,28.27,23.97,3.92,1.37,2.24,0.69,2.05,2.9099,7.8564
47.45,35.06,1.21,25.37,28.81,1.5,2.67,6.64,0.72,5.67,1.9713,8.5962
31.1,47.3,0.98,25.37,35.16,2.23,2.9,5.61,2.74,7.94,1.4388,9.791
20.46,41.52,0.9,10.85,26.06,1.29,2.86,3.34,2.69,5.24,2.3684,3.9365
47.85,37.46,1.95,16.22,15.45,1.73,2.7,3.63,1.59,4.2,4.4185,4.7633
32.85,43.93,0.74,24.42,25.21,2.13,2.74,2.09,1.32,3.05,2.664,6.8552
49.0,45.93,1.68,18.87,17.22,2.62,1.22,6.85,2.11,1.64,3.8848,5.5378
48.91,33.71,1.98,37.1,25.12,1.69,0.88,4.56,2.52,2.6,2.6793,11.7491
45.59,34.25,0.53,18.31,17.45,1.68,2.1,4.9,2.33,4.88,3.713,3.6688
28.83,31.58,1.55,10.46,23.82,3.33,1.72,7.18,2.04,6.28,2.4971,4.1708
31.55,49.0,0.88,18.56,22.98,3.89,0.75,1.11,1.08,7.15,2.7301,5.5271
45.53,40.91,0.56,16.01,31.36,1.97,2.19,1.47,1.16,6.56,1.931,5.5338
29.51,22.5,1.1,20.99,12.5,3.06,1.91,2.13,2.31,1.88,5.6044,3.575
25.08,45.89,1.9,16.47,23.6,1.77,2.66,1.21,2.51,6.41,2.8658,6.3606
36.7,34.42,0.52,30.05,21.95,3.78,2.02,5.61,0.79,5.07,2.7807,6.9113
48.08,22.06,1.38,35.9,10.5,3.02,1.93,5.44,0.97,4.28,6.5214,5.5205
40.88,36.49,1.25,14.68,30.38,3.41,1.6,2.48,2.2,5.01,2.0679,6.083
37.1,32.51,1.81,27.68,20.05,1.15,1.66,2.05,1.47,1.06,3.5834,7.7592
22.92,46.33,0.63,15.08,25.91,2.8,2.89,2.02,1.91,1.47,2.5945,4.2612
38.45,26.12,1.52,25.69,19.33,2.58,0.85,7.67,2.04,4.68,3.2311,7.1867
49.7,44.79,1.52,38.88,35.79,1.88,1.62,5.85,2.44,2.22,1.6695,15.3779
24.2,36.73,1.5,15.28,21.35,1.79,2.14,5.1,2.51,4.82,3.0201,5.336
35.55,21.64,1.91,19.58,16.16,2.74,1.58,3.26,1.2,3.48,4.2781,5.4618
46.32,49.16,1.73,29.94,12.21,3.12,1.21,4.03,1.85,7.35,5.4682,5.812
42.22,35.38,0.56,18.11,12.31,1.1,1.22,1.63,0.81,7.65,5.4423,2.9272
40.91,28.73,1.21,14.73,18.19,2.7,1.08,7.99,2.61,7.86,3.2705,4.2415
41.07,34.08,1.1,26.08,16.76,1.51,1.36,6.29,2.61,7.29,3.6346,5.6772
30.78,45.74,0.97,13.69,24.27,1.42,2.68,5.35,1.25,7.9,2.3528,4.3871
28.81,29.15,1.18,11.1,14.64,2.87,1.76,5.11,0.9,5.94,4.4449,3.0375
44.28,25.78,1.08,10.02,14.36,1.93,1.1,4.53,0.68,7.72,4.4572,3.1877
44.3,23.87,1.15,27.83,17.3,2.32,1.46,2.8,1.94,5.49,3.8237,6.351
46.01,28.94,1.97,21.23,18.27,2.08,0.76,2.58,0.73,6.66,3.7294,6.9182
47.4,43.4,0.63,34.37,38.33,2.95,2.76,4.85,2.2,1.92,1.5956,13.5427
35.34,34.15,1.88,17.63,25.07,2.41,1.52,1.49,2.2,5.78,2.6966,6.4075
35.05,26.82,1.22,19.74,13.24,3.89,2.95,1.52,2.03,7.52,4.9723,4.149
43.95,24.99,1.44,21.78,12.64,2.06,1.37,4.93,2.69,4.78,5.3531,4.5722
39.5,29.98,1.75,25.94,15.03,3.22,2.59,7.44,1.45,2.31,4.5868,6.15
41.06,48.2,1.04,19.28,37.99,1.77,1.14,7.4,2.76,4.69,1.4491,8.3834
43.87,30.29,1.15,37.83,10.42,2.53,0.69,1.08,0.59,5.95,6.6059,5.4612
46.7,49.64,1.11,39.68,17.97,2.66,0.58,1.75,0.78,6.39,3.7969,8.547
30.14,34.56,1.06,22.84,27.7,1.99,2.02,5.08,1.53,4.67,2.202,7.5734
31.27,25.37,1.89,24.97,16.64,2.42,1.28,6.94,1.98,2.52,4.0289,6.4338
22.82,46.73,1.74,13.51,17.2,1.84,1.61,7.68,0.58,7.49,3.5604,4.8725
37.35,33.81,0.66,21.99,14.12,1.02,2.55,7.02,1.92,6.42,4.4433,4.0613
21.08,41.29,0.66,14.51,32.68,1.65,1.12,5.74,1.27,2.89,1.7102,5.3767
33.97,49.51,1.14,23.2,40.84,3.1,1.27,2.4,2.72,6.68,1.45,10.473
36.28,21.51,0.65,28.95,11.67,3.31,2.61,1.51,1.83,3.44,5.9324,3.8846
28.6,22.9,1.43,19.74,13.32,1.84,1.73,1.33,1.97,3.19,5.2751,4.4656
37.72,41.61,0.72,32.68,32.21,2.22,2.57,5.28,2.86,7.04,1.6889,11.1464
20.92,28.45,1.28,12.06,20.37,1.11,1.44,1.25,2.41,7.11,3.1992,4.3185
21.12,25.53,0.51,15.1,18.57,1.71,1.5,6.17,1.6,3.79,3.4169,3.424
44.68,21.18,0.97,30.7,13.2,3.34,0.92,5.99,1.69,1.06,5.2209,4.8933
30.81,20.66,1.52,20.93,15.16,2.82,2.79,1.56,2.12,2.31,4.6972,4.7071
23.81,43.23,1.23,12.87,19.2,1.62,2.74,7.35,1.0,7.37,3.1032,4.0176
35.67,24.03,1.97,26.24,11.42,1.77,2.96,4.65,0.72,7.29,5.8577,5.487
43.1,34.03,1.81,35.3,23.49,3.45,1.51,7.33,1.28,4.17,2.6604,11.0328
26.47,38.18,1.04,12.51,22.5,1.63,2.55,7.31,2.45,3.13,2.7184,3.6856
38.69,32.85,0.57,24.82,25.25,2.0,1.54,2.38,1.14,3.12,2.6238,7.0436
22.56,20.81,1.77,12.96,10.47,2.99,1.64,3.66,0.83,7.28,6.4926,3.6342
21.55,43.51,1.87,16.48,34.05,2.68,2.57,1.94,1.05,3.27,2.0305,8.1025
35.94,20.32,1.73,20.03,11.56,2.38,0.94,6.42,2.2,4.58,5.7881,4.4317
36.22,42.86,0.69,14.84,28.24,3.7,1.05,4.53,2.03,6.12,2.0546,5.0336
39.12,46.8,2.0,19.21,11.28,1.66,1.29,7.5,2.22,2.47,6.0756,5.0254
41.78,32.99,0.89,27.51,20.96,3.22,2.47,2.46,1.3,2.78,3.1832,6.7723
49.28,36.07,1.59,12.61,25.11,1.48,1.43,5.82,2.75,3.51,2.4994,5.5088
35.49,34.31,1.86,22.37,17.12,2.85,1.4,7.92,1.63,5.58,3.6075,6.1759
29.69,31.68,0.85,23.68,13.59,3.61,3.0,5.66,1.78,6.72,4.7291,4.0402
43.86,46.62,1.86,34.54,27.0,2.37,1.46,1.48,2.87,4.83,2.5623,11.8552
28.12,46.82,0.96,10.89,36.51,3.17,1.12,5.12,2.95,1.93,1.7691,4.825
33.17,30.07,1.96,28.05,14.88,3.46,2.06,2.26,2.15,4.12,4.7614,6.7111
22.35,38.45,0.92,15.14,15.92,1.41,2.5,1.21,2.86,1.89,4.3938,3.3891
20.76,47.81,1.93,10.93,19.15,3.12,0.67,3.34,1.85,1.62,3.6914,4.9224
48.88,48.86,0.58,10.42,42.14,3.76,2.05,2.86,1.27,5.13,1.3354,5.1585
45.08,35.27,1.56,15.15,17.28,2.73,0.59,6.52,1.29,7.69,3.6658,4.6029
40.88,33.58,1.3,31.69,10.07,1.56,1.82,3.62,1.9,6.86,6.7744,4.8239
32.27,28.36,1.22,10.37,20.44,1.38,1.14,6.13,2.01,6.42,3.0003,3.3675
25.2,48.77,0.84,12.38,33.61,1.78,1.27,1.11,1.6,6.09,1.8199,4.9818
24.69,24.28,1.56,17.34,11.19,1.31,1.67,1.1,2.71,7.28,5.9527,3.8061
27.51,37.39,0.79,17.33,32.06,2.54,2.82,1.21,1.57,6.27,1.8639,6.5253
36.48,28.48,1.33,26.81,18.19,1.21,2.28,2.54,1.18,5.39,3.5744,6.6315
41.44,28.37,0.88,29.73,16.7,1.67,2.84,3.62,0.52,3.55,3.9403,5.9546
39.81,32.15,1.93,11.26,16.55,2.32,2.15,5.25,2.93,1.71,4.2588,4.3455
28.4,49.96,0.54,21.96,41.42,2.42,0.52,7.9,2.56,4.23,1.1095,9.706
48.65,21.65,0.8,17.64,11.62,2.7,1.16,3.48,2.04,7.47,5.6321,3.0029
42.14,37.36,0.86,25.02,16.39,3.12,2.76,1.39,2.58,5.08,4.0801,4.7461
36.63,22.48,1.12,23.94,10.92,1.14,2.11,2.36,2.53,2.29,6.5606,3.6396
38.35,24.64,0.85,13.94,17.31,1.24,2.95,7.28,2.83,5.54,3.5704,3.0639
32.59,33.19,1.24,27.17,20.83,1.18,0.89,5.9,1.47,4.26,3.0985,7.1211
27.43,35.31,1.81,16.07,22.37,2.27,1.24,6.53,1.89,7.52,2.6834,6.1194
30.68,27.76,1.57,10.9,12.79,1.13,1.41,1.87,0.75,2.13,5.4495,3.8371
42.74,29.49,1.37,36.0,19.44,3.24,1.32,1.94,2.91,5.98,3.4961,8.7414
20.43,22.61,0.63,13.18,15.82,1.67,1.13,1.79,2.96,5.77,4.2245,2.2653
23.48,29.1,1.54,15.93,15.05,3.82,1.61,7.0,2.47,7.88,4.1568,4.1735
21.38,49.0,0.75,13.35,37.24,2.46,2.11,2.47,1.64,4.95,1.7118,5.7262
21.22,48.34,1.68,15.19,21.63,2.34,1.28,5.5,1.74,7.1,2.8267,5.2167
45.66,30.05,0.88,11.02,21.41,3.34,0.7,4.61,1.59,1.17,3.1314,3.4483
41.11,37.13,1.13,17.01,10.75,3.14,2.27,4.81,1.23,1.86,6.4161,3.2594
34.23,47.29,1.03,19.03,27.8,2.82,1.65,2.37,1.82,3.42,2.4396,6.7629
22.94,20.19,1.79,10.61,15.03,3.81,1.89,5.45,0.63,5.34,4.439,4.3877
34.75,44.32,0.69,23.94,38.77,2.27,1.64,1.3,2.98,4.14,1.6551,9.6165
34.2,48.45,1.35,17.56,19.42,3.43,2.73,7.95,1.56,2.42,3.2449,4.9818
25.2,22.74,0.71,12.78,13.42,2.14,1.9,1.19,2.82,5.12,5.0673,2.2919
33.02,24.84,1.56,10.06,10.62,3.52,2.81,1.35,2.31,4.97,6.5208,2.7498
31.96,48.82,1.86,22.2,39.54,1.78,1.78,3.27,1.22,4.67,1.6552,11.2855
38.48,36.13,1.15,29.57,22.01,1.87,1.23,6.82,1.06,1.63,2.8624,7.993
39.05,20.43,1.23,19.5,12.09,3.03,1.39,2.8,2.99,7.49,5.6035,3.8909
21.36,27.73,1.89,13.59,11.44,1.64,1.81,4.3,2.43,5.15,6.0344,4.2383
31.24,33.5,1.28,13.7,27.51,1.69,1.82,1.13,1.12,2.85,2.4826,5.4224
38.78,40.79,1.23,24.79,23.67,1.92,2.22,1.55,0.67,5.81,2.7549,7.3297
35.09,41.99,1.37,10.24,17.64,3.04,1.06,5.26,2.24,3.23,3.7315,3.3226
45.69,49.86,1.53,25.0,22.21,3.67,2.15,2.36,1.26,4.54,3.0496,7.9209
39.76,28.63,0.66,25.95,13.69,3.02,2.45,5.86,1.05,3.39,4.8984,4.3742
24.89,36.15,1.73,19.08,22.73,3.48,2.19,6.5,2.34,7.16,2.696,6.5605
22.12,36.0,1.15,12.71,29.53,2.63,1.7,6.95,2.2,7.96,1.7698,5.0607
39.27,32.17,0.61,28.57,24.71,1.21,2.98,1.94,1.7,2.13,2.8144,7.827
20.8,25.07,1.68,13.46,14.64,1.3,1.51,4.19,2.86,1.17,4.844,4.021
37.57,49.32,1.07,30.93,38.37,2.66,0.77,7.63,2.2,2.54,1.4526,12.8249
48.21,45.6,0.65,23.23,22.95,1.98,2.55,6.4,2.73,5.13,2.6042,5.8304
37.26,34.95,1.45,17.1,15.03,1.66,1.03,1.82,0.98,2.22,4.777,4.3011
31.65,38.1,1.82,24.77,32.71,2.4,2.28,4.52,1.24,6.68,1.8609,10.5338
39.3,26.82,1.83,11.2,13.59,3.0,0.95,7.46,0.76,3.86,4.94,4.3672
33.75,36.31,1.94,12.56,16.9,2.15,0.54,4.08,1.26,5.27,4.0866,4.512
36.37,40.85,1.8,11.76,35.58,3.41,0.9,6.86,2.93,4.19,1.6646,6.3243
48.24,35.46,0.5,38.03,12.74,3.22,1.44,4.47,2.91,7.32,5.0901,5.3374
31.58,49.71,1.07,10.18,36.4,3.2,0.77,1.75,2.4,1.25,1.99,4.8926
48.84,38.34,1.73,39.15,31.84,3.96,0.99,2.03,1.8,6.11,2.1109,14.8628
47.16,31.13,1.05,24.51,18.25,1.89,2.41,1.33,2.45,5.57,3.6471,5.646
25.87,43.16,1.4,10.04,10.07,2.93,2.42,2.37,1.88,5.55,6.835,2.8621
22.08,25.11,1.41,12.84,13.79,3.57,2.54,7.26,0.51,3.9,4.7167,3.4513
23.02,31.54,1.05,11.5,11.84,2.74,2.6,5.55,1.75,1.11,5.826,1.9873
20.55,30.41,1.86,13.46,16.41,3.37,1.55,6.17,2.0,5.82,3.9872,4.7193
22.83,32.95,1.25,15.32,24.18,2.24,2.67,5.35,1.16,6.81,2.427,4.8906
40.49,43.45,1.2,22.43,22.48,2.77,1.81,3.71,1.01,1.6,3.0919,6.7428
22.14,34.53,2.0,10.29,18.43,1.17,1.68,2.52,1.18,4.09,3.7258,4.5965
29.57,43.82,1.24,19.56,26.05,3.96,2.3,7.48,2.06,2.14,2.3618,6.4602
45.35,37.29,0.77,35.55,22.97,3.4,1.03,4.6,0.87,5.28,2.7526,9.2655
20.7,30.26,1.27,14.1,23.07,3.61,2.47,4.37,2.3,6.5,2.6522,4.3323
44.43,44.3,1.72,34.43,19.03,3.08,1.57,7.97,1.56,5.67,3.1768,8.7819
28.46,27.15,1.67,12.7,19.98,1.56,0.82,3.69,1.38,3.23,3.4367,4.9047
23.54,26.73,1.68,17.6,16.64,1.09,0.8,6.98,2.52,1.98,4.0115,5.171
40.9,35.14,1.56,18.35,16.05,3.59,0.91,7.04,1.77,6.56,3.9914,4.9222
38.87,27.83,0.88,10.32,13.79,2.19,2.73,2.63,1.45,3.27,5.0224,2.2316
46.32,20.27,1.79,36.42,11.9,1.79,2.98,1.66,2.7,1.15,5.9581,6.7664
42.05,39.45,1.84,35.48,25.22,2.69,1.39,7.83,1.42,5.0,2.4433,11.6106
44.1,35.33,0.79,29.08,14.69,2.26,1.23,3.98,2.65,2.73,4.7056,4.9389
28.46,33.37,0.7,13.12,26.9,2.95,1.05,1.02,1.76,6.89,2.3842,4.5608
25.32,49.01,1.96,12.6,29.55,2.45,2.56,4.49,1.02,2.0,2.345,6.4614
42.52,37.14,1.8,22.84,30.37,3.09,1.02,5.34,2.03,4.04,2.0539,9.4313
44.21,45.9,1.84,36.22,11.43,3.56,2.81,6.43,1.21,2.77,5.954,6.6043
49.72,24.18,1.83,15.19,13.15,1.59,2.17,7.6,0.87,5.83,4.9617,4.2089
32.38,37.08,1.31,24.35,10.5,1.99,2.74,7.41,0.72,4.84,6.3731,4.482
31.16,46.04,1.47,14.71,18.45,2.31,1.89,7.58,1.1,6.54,3.3616,4.8094
43.29,37.49,1.32,32.88,29.39,3.89,2.23,1.22,2.34,4.21,2.2713,11.2315
30.22,41.54,0.58,24.01,10.97,2.1,2.05,5.98,2.59,1.03,6.1976,3.0839
47.92,31.16,1.62,24.07,17.05,2.14,2.58,2.58,2.65,2.51,4.0274,5.9902
45.75,22.77,1.26,21.23,10.91,2.96,2.59,2.31,1.18,7.99,6.195,3.7134
32.87,33.74,1.47,24.34,17.81,2.26,1.97,6.6,2.15,3.84,3.6207,6.2358
42.53,31.83,1.25,24.57,24.12,3.85,2.08,3.92,1.08,5.34,2.6118,7.3339
42.64,46.01,1.24,28.92,29.32,3.68,2.8,7.42,2.06,7.33,1.9114,9.8794
23.09,27.32,0.76,15.04,19.08,2.54,2.82,1.3,2.72,1.14,3.7322,3.4711
47.08,49.0,0.92,14.9,21.87,2.93,2.16,6.62,0.6,5.62,2.7661,4.4374
35.16,48.74,0.74,27.03,41.87,1.17,0.52,1.96,2.96,3.02,1.5745,12.2639
44.79,27.43,0.79,15.83,18.82,3.09,0.76,2.24,2.57,2.95,3.6914,3.9171
29.6,30.44,1.96,23.61,16.51,3.12,2.64,4.34,2.4,2.57,4.0997,6.4722
46.87,46.87,0.73,17.98,23.59,2.08,0.71,3.77,2.23,6.76,2.5496,4.6551
31.68,49.0,0.9,22.24,41.23,1.66,1.03,4.4,2.43,3.61,1.4123,10.2717
20.33,33.3,1.39,11.52,20.55,3.75,1.08,7.58,2.99,1.47,3.117,4.0541
47.16,29.63,1.42,20.22,20.33,2.28,2.0,5.6,2.43,1.68,3.281,5.8663
22.74,35.78,0.73,12.4,18.67,2.96,1.94,3.03,1.38,2.04,3.5727,2.9731
29.58,40.63,1.69,20.9,15.73,1.1,1.22,2.21,2.03,7.29,4.285,5.7292
48.5,28.2,1.68,28.65,19.55,2.24,1.02,3.94,1.34,3.99,3.4023,7.9337
48.52,42.09,0.86,39.59,26.47,3.45,2.41,4.16,2.93,7.41,2.2186,11.0816
37.2,21.55,0.93,16.82,13.28,2.16,2.84,5.21,2.75,6.72,4.8826,2.9619
38.96,21.48,1.91,26.58,14.04,2.81,0.63,2.86,1.92,6.87,4.8244,6.5181
33.45,31.59,1.74,23.89,13.46,1.63,0.83,6.37,2.45,3.01,4.8964,5.4771
28.8,30.6,1.55,12.09,22.39,2.25,2.11,1.69,2.77,2.9,3.1418,4.5379
29.86,29.47,0.62,15.95,23.72,3.78,2.51,4.92,1.11,4.92,2.5713,4.3173
40.18,34.73,1.13,22.16,27.58,2.7,2.48,5.36,1.95,3.93,2.2612,7.5615
42.57,29.62,1.34,19.81,14.7,3.71,2.3,2.45,1.7,4.56,4.589,4.6161
43.75,25.77,0.78,19.26,14.37,3.71,2.72,6.78,2.43,1.37,4.6668,3.1875
43.69,29.28,1.17,29.69,21.55,3.83,1.04,5.31,1.45,7.8,2.8454,7.7122
22.74,49.25,1.4,11.67,30.38,3.69,0.77,5.52,2.27,1.41,2.157,5.3446
34.83,32.33,0.99,24.07,19.5,1.01,2.04,4.48,1.51,2.25,3.3941,5.6962
21.73,33.34,1.67,16.29,27.0,3.8,2.56,7.37,0.78,5.75,2.1266,6.1393
36.49,37.3,1.76,22.14,21.95,1.41,1.96,5.86,0.77,2.09,3.0652,7.0806
33.25,49.5,0.99,21.16,27.77,1.12,2.91,3.67,0.8,1.75,2.4315,6.926
46.63,27.25,1.76,12.18,10.51,1.17,2.49,2.67,0.58,2.08,6.7573,3.5307
30.53,40.44,0.66,23.42,11.77,2.05,2.25,1.5,1.83,1.43,5.9948,3.4747
23.51,41.48,1.76,12.43,10.2,2.86,0.65,2.16,2.18,2.76,6.9531,3.1723
24.29,38.22,0.73,15.71,31.21,2.21,0.77,7.95,0.82,2.9,1.8189,5.6841
42.85,22.66,0.62,37.26,13.13,1.08,2.46,3.85,2.03,4.49,5.074,5.5382
38.55,40.31,1.46,24.02,21.86,2.43,1.0,7.29,1.99,4.07,2.8877,7.0121
23.03,21.92,1.21,15.82,15.85,2.33,0.57,2.19,0.87,4.32,4.3217,3.9338
22.52,37.88,1.86,13.35,23.94,3.27,2.78,3.98,1.51,5.31,2.773,5.4242
41.03,42.19,1.04,11.57,26.57,1.84,2.73,7.72,2.39,2.62,2.3346,4.2195
22.18,26.33,0.93,15.73,13.36,1.65,1.05,1.64,0.54,1.94,5.2806,3.2879
44.66,45.25,1.25,11.04,35.22,1.77,2.45,5.16,0.87,7.15,1.5695,5.2879
41.19,20.91,1.18,28.35,10.98,1.91,0.62,7.43,2.99,5.44,5.9396,4.624
22.44,45.31,1.02,10.17,11.61,2.8,1.21,7.65,2.33,1.42,5.8028,2.4262
22.55,33.81,1.54,16.51,13.6,2.41,2.06,6.92,1.66,7.73,4.6952,3.9318
49.6,26.53,1.64,15.45,13.09,2.01,2.41,6.99,2.07,5.85,4.9071,4.0521
31.23,24.01,1.78,18.35,12.54,2.12,0.53,5.57,2.62,2.06,5.5185,4.3965
31.12,48.6,1.96,19.63,32.53,2.11,1.32,2.54,2.61,7.78,1.83,9.1648
44.38,22.18,0.9,23.44,11.56,3.92,1.04,6.11,1.31,3.56,5.7477,4.0726
48.42,25.97,1.57,21.39,17.42,1.7,3.0,7.85,1.73,7.89,3.4478,5.5579
49.58,30.43,1.09,26.18,11.41,3.45,2.18,4.68,2.1,1.72,6.0565,4.4087
42.6,38.61,1.52,18.6,13.48,3.12,1.51,2.82,0.68,2.12,5.1448,4.4085
31.29,36.34,1.21,17.14,20.86,1.02,0.69,5.01,2.86,5.6,3.0614,5.0123
22.51,23.77,1.99,12.69,18.08,3.98,2.0,5.83,1.58,1.16,3.8127,4.8067
43.31,28.69,1.59,26.03,21.77,3.27,2.1,2.46,1.43,1.13,3.3611,7.6988
36.75,27.16,1.93,15.18,21.78,3.05,2.54,6.03,2.77,6.54,2.8619,5.6811
32.73,26.41,1.75,27.53,17.42,2.22,1.22,5.11,0.8,2.17,3.9446,7.2213
47.19,32.33,1.85,26.12,21.71,2.67,2.95,5.29,0.6,7.43,2.8,8.0809
23.34,41.12,1.72,11.62,26.33,1.76,1.6,3.14,2.21,3.98,2.4732,5.2855
34.78,26.52,1.19,19.44,17.18,1.11,1.24,2.09,1.46,7.12,3.8528,5.1025
20.34,31.0,0.88,14.63,12.35,3.51,1.37,5.36,2.41,3.92,5.3571,2.3432
34.06,31.73,1.06,10.42,19.1,3.69,1.8,5.1,0.67,4.71,3.3917,3.7093
21.69,49.29,0.53,14.55,23.24,1.49,2.84,3.37,1.46,3.22,2.8863,3.6756
23.56,48.64,1.29,14.69,24.89,3.36,2.34,3.07,1.09,5.61,2.6154,5.2274
23.53,44.0,1.26,11.45,25.19,3.22,1.94,3.43,2.35,3.23,2.6606,4.6058
39.48,27.25,1.29,30.01,11.57,1.54,0.91,4.43,1.07,2.56,5.9718,5.3285
42.38,22.04,1.96,20.1,12.53,2.27,0.87,7.82,1.64,1.57,5.4139,5.3156
37.5,29.51,1.87,16.61,10.92,2.27,1.76,6.34,2.55,1.4,6.3418,4.4336
48.87,28.0,0.74,38.04,22.74,3.28,2.32,6.96,2.79,3.14,2.6855,9.221
31.25,35.18,1.05,20.37,12.39,3.51,2.38,4.54,2.31,6.16,5.2756,3.82
28.57,43.33,1.14,22.19,17.32,1.28,1.06,4.68,1.57,2.44,3.8869,5.0324
46.06,45.75,1.04,29.56,37.41,2.69,0.75,2.43,1.93,3.09,1.7949,12.4353
26.71,45.35,1.7,18.67,24.65,3.29,1.46,6.05,2.22,7.34,2.3374,6.8931
48.9,30.79,1.29,38.35,12.14,3.36,2.8,3.95,2.69,5.47,5.6168,6.2667
20.36,40.62,1.36,10.29,19.84,1.44,1.86,6.2,2.72,7.44,3.1187,3.7629
49.1,29.39,1.78,36.46,11.67,2.58,1.3,3.86,2.83,7.38,5.7651,6.5512
21.29,21.83,1.71,13.86,11.37,3.57,1.31,1.76,2.53,1.44,6.322,3.692
46.73,41.05,0.7,12.21,11.36,1.96,0.83,2.21,0.87,7.69,5.8632,2.198
35.83,20.29,1.57,20.59,12.32,2.28,1.68,6.68,2.37,1.36,5.5614,4.4243
49.79,32.28,1.15,12.87,23.94,3.41,2.48,2.81,2.54,7.48,2.5653,4.0488
22.21,29.88,0.94,15.31,18.72,1.27,2.92,2.85,2.69,4.83,3.5319,4.0659
36.62,40.8,0.58,21.81,25.64,3.58,1.75,7.51,2.81,4.73,2.2411,6.1995
49.08,42.99,1.23,42.5,15.61,1.93,0.92,5.6,1.77,5.99,4.2172,8.2635
35.69,29.12,1.03,13.79,14.86,1.0,2.21,1.8,2.14,7.15,4.4971,3.3269
38.88,44.35,0.88,24.47,34.81,1.7,2.39,2.01,0.52,5.32,1.7655,9.6933
40.87,28.82,1.54,15.47,11.21,1.27,0.68,2.91,1.93,3.98,6.1819,3.5886
33.64,33.39,1.65,21.44,25.78,1.28,2.63,5.16,1.68,1.78,2.5568,7.7055
38.83,41.81,0.87,27.22,22.97,3.08,2.57,6.27,2.91,6.52,2.533,7.2583
37.53,40.79,0.57,26.27,31.59,1.64,1.68,2.92,2.75,1.9,2.1258,8.5813
47.03,49.62,1.77,36.11,21.01,3.8,1.9,7.09,2.49,6.08,2.8973,9.5002
21.36,26.75,0.51,15.43,13.98,2.55,2.28,1.76,0.64,4.7,4.8117,2.4052
28.43,39.87,1.91,11.04,28.69,2.38,2.19,2.45,1.51,3.7,2.3456,5.6365
48.51,38.29,1.44,21.5,28.28,2.3,0.54,7.79,2.24,5.29,1.9818,7.7219
46.71,47.45,0.98,31.79,17.45,3.08,0.81,1.94,0.57,6.41,3.8345,6.8494
33.67,24.69,0.87,19.31,19.43,2.36,0.91,7.22,1.09,7.59,3.0346,4.7253
38.6,42.55,0.51,14.5,12.33,1.39,2.39,5.93,2.72,2.85,5.3988,2.047
28.32,37.05,0.85,17.36,11.51,3.64,1.6,1.51,0.82,7.63,5.8423,2.9339
25.64,28.24,0.71,14.34,17.88,2.29,1.86,4.39,0.63,7.73,3.4743,3.3675
33.91,34.23,1.42,17.38,23.9,1.22,2.43,4.63,1.95,6.7,2.53,5.9625
30.6,30.01,0.75,22.63,24.43,2.59,1.35,7.52,2.87,7.17,2.1983,6.0395
37.51,37.38,1.29,19.17,19.06,2.94,2.37,3.95,2.59,5.85,3.4578,5.155
22.33,46.67,1.39,10.19,10.8,1.83,1.61,4.13,2.94,1.27,6.5385,2.5541
49.23,37.08,0.95,11.99,23.31,3.4,1.44,1.79,2.38,5.03,2.8405,3.8313
49.59,38.95,0.55,39.61,16.94,3.01,1.33,5.47,1.59,6.23,3.7377,7.2301
40.94,35.56,0.56,34.92,18.9,2.95,2.91,2.48,2.87,7.59,3.431,6.9283
36.08,21.53,0.54,24.51,13.19,2.26,2.43,1.54,1.57,4.99,5.121,3.6804
29.29,26.99,1.61,15.21,10.77,3.89,0.55,7.98,1.38,6.56,6.0157,4.1063
44.41,34.76,0.98,37.61,19.6,1.82,2.89,2.89,1.62,5.94,3.3375,8.3812
40.54,29.31,1.69,26.93,16.1,2.73,2.44,1.99,2.53,2.97,4.2902,6.2543
24.88,25.45,1.15,18.34,17.45,1.93,0.87,5.9,2.79,2.08,3.8161,4.7408
47.33,35.12,1.18,34.76,22.99,3.23,0.69,6.75,1.39,6.26,2.5626,9.619
44.68,29.68,1.27,21.25,12.72,1.14,1.27,1.45,1.66,2.64,5.5783,4.4913
48.49,27.74,1.57,26.03,12.63,1.14,2.06,1.74,2.75,2.71,5.5736,5.1369
41.77,33.92,0.91,14.98,14.75,3.43,2.04,1.63,0.62,5.51,4.6425,3.0476
38.4,24.0,0.68,16.83,11.61,2.3,1.19,1.33,2.46,6.52,5.7974,3.0619
32.55,47.83,1.33,23.65,31.58,2.02,1.61,5.62,1.64,5.08,1.8986,9.0251
47.98,46.03,0.99,39.49,40.86,2.82,1.03,5.12,1.44,7.19,1.2003,17.1393
45.98,41.23,1.16,32.45,27.1,3.11,0.63,5.64,1.62,2.48,2.3762,10.4585
21.36,23.19,1.47,12.96,14.97,1.6,1.79,4.54,1.55,2.77,4.5089,3.6219
20.79,43.28,1.24,10.5,21.59,1.56,1.37,6.72,2.39,5.46,2.8258,3.6747
31.29,44.24,1.43,10.93,19.14,3.87,1.86,4.83,2.82,6.81,3.3638,3.7944
44.32,43.03,1.32,20.97,35.54,2.77,2.87,7.43,1.73,4.78,1.5391,8.9405
49.62,23.42,1.61,26.06,18.16,2.17,0.86,4.4,2.58,1.07,3.8847,6.7292
24.51,39.32,1.56,15.79,22.08,3.4,0.5,6.53,2.33,5.74,2.7795,5.8602
37.82,45.03,1.3,10.15,18.71,2.58,0.69,3.85,1.33,6.7,3.3986,3.6269
31.43,37.32,1.52,26.26,27.19,1.72,1.66,4.05,1.97,2.94,2.4414,8.8746
49.1,39.39,1.81,22.41,13.23,1.62,2.27,6.94,2.17,1.38,5.2006,5.4324
45.26,33.75,1.15,35.67,24.36,2.19,1.95,1.75,0.56,4.63,2.6367,10.0137
45.15,35.86,1.12,26.13,27.08,3.58,1.74,4.95,1.49,1.3,2.4658,8.4111
34.06,21.03,1.65,12.49,10.75,1.18,1.38,6.08,2.98,3.91,6.2678,3.1947
32.44,39.17,1.37,23.91,33.61,1.66,1.27,6.25,2.09,1.12,1.8367,9.8034
28.2,22.44,0.61,19.37,17.34,3.68,1.44,5.14,1.34,2.57,3.8268,3.9982
21.69,33.05,1.84,13.53,26.91,1.37,2.03,4.14,1.13,3.72,2.5154,6.0765
45.94,28.78,0.55,25.92,16.84,2.89,0.92,2.83,1.02,1.78,4.0827,5.0188
44.39,36.36,1.62,12.57,15.26,1.64,2.43,7.37,1.5,1.8,4.3233,4.1221
49.99,24.0,1.64,32.95,15.24,2.82,1.94,3.59,0.98,6.79,4.3038,7.3271
49.9,40.75,1.93,41.8,20.81,2.15,1.17,6.59,0.84,1.29,3.2137,11.1857
36.66,43.85,0.58,12.02,15.94,1.31,1.75,1.22,1.41,5.82,4.2014,2.3368
43.07,24.9,1.4,17.4,14.19,2.75,2.91,2.63,2.02,6.7,4.7074,4.2548
48.34,23.13,1.14,40.09,15.4,3.05,0.55,3.42,0.87,1.92,4.5166,7.5863
45.49,24.37,1.0,18.67,10.66,3.04,1.0,5.7,0.61,2.37,6.4518,3.4223
27.42,46.31,0.64,18.12,20.44,2.91,1.62,3.24,0.59,5.49,3.1429,4.6047
33.52,35.85,1.34,19.9,10.37,2.5,2.1,1.29,1.17,3.21,6.8495,3.4253
23.87,34.02,1.22,15.29,24.25,2.56,1.03,2.22,0.98,4.33,2.7292,5.2549
48.62,23.2,0.66,23.98,15.25,2.91,2.83,2.81,1.85,6.85,4.4349,4.3385
38.19,39.49,1.42,16.96,11.53,3.07,2.11,2.23,1.64,1.97,6.1592,3.6799
26.86,46.04,1.61,10.58,39.95,2.96,2.69,2.43,1.31,5.34,1.5969,6.1535
40.15,44.85,1.65,28.72,10.68,2.76,1.32,6.38,2.58,7.6,6.2527,5.3177
38.54,38.78,1.86,27.57,24.03,1.47,2.57,3.88,1.76,1.4,2.9017,9.1985
30.74,22.26,1.11,20.56,15.64,1.63,1.45,3.84,0.73,1.42,4.39,4.5329
23.41,23.37,1.93,15.41,16.6,1.78,1.13,7.77,1.24,4.88,3.9346,5.5683
40.15,21.48,1.8,16.13,10.22,3.76,2.78,4.13,2.93,7.72,6.6513,3.4178
35.61,27.72,0.94,10.46,21.53,3.28,0.73,7.49,2.94,2.54,2.9212,3.0009
43.17,24.07,0.74,32.78,18.33,2.66,2.86,3.09,1.14,3.32,3.7426,6.627
35.6,27.8,1.15,20.12,17.19,1.76,1.65,3.8,0.92,1.69,3.9972,4.8642
45.57,31.55,1.1,19.38,17.98,1.33,2.98,3.77,1.74,3.54,3.7687,4.6086
36.56,48.29,1.36,12.2,11.49,3.7,1.85,4.82,1.7,1.31,6.1272,2.9851
36.83,38.31,1.38,11.37,23.1,3.68,2.39,5.09,1.53,3.72,2.7974,4.1518
46.3,45.05,1.62,20.92,22.3,1.33,0.52,2.74,1.82,4.89,3.0106,6.8246
32.1,41.31,1.26,23.76,30.33,3.39,1.74,6.56,1.08,7.83,1.8163,8.7056
24.02,23.38,0.66,18.29,13.38,2.34,2.34,4.48,0.79,6.73,4.8307,3.2565
20.86,42.08,1.79,15.26,28.51,1.97,2.46,1.05,1.93,6.75,2.2561,6.599
42.65,28.25,0.96,35.44,11.34,3.22,0.9,5.14,2.83,2.6,6.0801,5.0506
38.61,39.17,1.96,31.43,13.21,2.84,1.55,6.59,0.84,1.61,5.2129,6.835
41.12,30.23,0.68,23.77,12.13,3.34,1.55,2.75,2.26,5.22,5.5401,3.7401
26.39,49.93,1.94,12.5,11.59,1.22,0.76,1.27,1.59,4.65,6.0726,4.0226
24.09,27.91,0.64,17.26,16.99,1.96,1.61,6.65,1.23,4.62,3.7355,3.3469
20.44,28.37,0.85,11.16,20.62,1.96,2.52,7.83,2.63,1.76,2.9946,2.8607
30.52,47.92,0.57,14.15,30.09,1.99,1.25,1.54,1.64,4.46,2.1693,4.7764
37.7,20.74,1.56,15.29,13.3,2.51,1.58,7.57,1.96,2.05,5.072,4.113
31.77,40.9,1.78,18.63,27.63,1.85,2.9,3.51,1.61,3.95,2.4751,7.5367
33.12,41.76,1.15,15.83,19.09,2.33,0.58,7.59,0.7,1.44,3.3991,4.9505
47.12,45.09,1.89,14.95,20.89,2.1,1.98,5.54,1.99,7.0,3.054,5.7142
30.45,49.23,1.39,17.0,20.76,3.21,2.36,7.23,1.55,1.09,3.165,5.0401
35.42,49.27,1.45,27.84,34.4,2.81,2.4,6.5,0.72,7.58,1.5263,11.3943
43.51,21.96,1.77,26.27,11.12,2.96,2.29,1.2,1.99,7.04,6.207,4.7136
31.9,44.66,0.95,24.84,10.39,1.63,2.32,1.46,0.52,6.27,6.6979,3.6514
38.66,39.39,1.03,14.63,24.54,1.98,0.65,4.68,1.02,7.88,2.3272,4.8507
45.87,39.42,1.86,15.15,33.01,1.06,1.84,1.91,2.45,1.38,2.2125,6.9
48.49,23.85,1.85,29.27,15.39,1.33,2.46,4.23,0.59,5.49,4.3468,7.3997
24.41,39.51,1.96,14.36,29.19,1.8,0.74,7.68,2.12,6.95,1.9138,6.7777
47.8,49.47,1.85,31.65,33.19,1.2,0.53,3.06,2.87,1.89,2.1212,12.5239
34.76,47.35,0.69,25.7,26.09,2.81,2.54,4.42,0.93,5.09,2.389,7.3428
27.75,33.17,1.74,19.58,23.06,3.99,2.28,3.69,1.54,3.76,2.9293,7.0649
33.77,21.2,1.11,27.69,15.11,1.3,1.53,5.41,1.94,4.05,4.4334,5.8901
49.4,30.87,1.99,23.7,13.57,3.46,2.85,2.36,1.63,7.39,4.97,5.7585
34.78,44.79,1.21,14.08,20.01,1.36,2.42,2.82,2.05,4.77,3.3119,4.2035
29.86,41.04,1.33,18.19,15.83,3.01,2.92,7.01,1.51,1.65,4.1681,4.6769
39.0,33.78,1.29,12.66,18.49,2.93,2.82,6.68,0.87,7.56,3.3837,3.8832
27.2,21.65,0.98,13.53,15.89,3.71,1.7,6.52,0.72,2.3,4.1486,3.4723
22.28,32.81,0.61,11.51,16.15,1.34,2.39,6.4,2.36,7.25,3.7928,2.4709
23.87,34.07,1.84,13.52,17.14,1.95,2.17,4.22,1.1,7.8,3.7858,4.5399
23.84,47.86,1.7,10.98,38.27,1.27,2.53,6.1,2.62,7.14,1.432,6.5518
24.56,39.23,0.71,10.3,22.49,2.22,2.47,3.71,2.36,5.74,2.7436,2.7226
24.16,29.35,1.67,16.02,17.68,3.73,0.88,1.7,0.62,6.2,3.8742,5.0531
39.23,35.76,1.44,24.78,27.87,3.34,1.08,3.75,1.0,5.9,2.2119,8.8767
25.46,21.98,1.11,17.41,13.42,3.17,1.16,2.11,1.23,4.22,5.1929,3.9559
30.37,49.18,0.88,20.15,33.29,2.6,2.55,3.74,1.99,2.92,1.8761,7.7125
46.9,30.8,1.79,13.65,11.35,3.65,2.53,3.08,2.52,3.0,6.2104,3.7187
34.22,34.34,1.55,15.59,13.45,2.35,1.74,5.19,0.65,6.12,4.9067,4.2414
40.03,30.66,1.32,13.24,16.33,1.45,1.95,3.53,1.12,5.38,4.0087,4.0521
25.17,40.48,1.41,18.57,22.61,3.51,2.57,5.94,1.44,5.09,2.6822,5.921
25.77,39.87,0.64,18.04,34.01,1.84,1.28,4.59,0.96,5.57,1.6212,6.7059
21.23,41.46,1.21,11.25,35.68,1.16,0.63,7.44,1.86,6.42,1.4817,5.4629
25.07,28.04,0.79,13.44,21.1,1.38,1.71,1.64,1.7,6.24,2.9767,3.863
28.36,29.47,0.81,22.91,14.57,2.83,2.78,5.81,1.29,1.74,4.6295,3.9866
25.31,23.76,1.49,16.13,18.44,2.82,2.48,5.71,1.79,3.54,3.5766,4.4716
22.66,39.67,1.87,16.14,27.0,1.78,1.42,7.65,1.39,2.85,2.2257,6.8165
23.62,21.19,1.11,12.28,12.43,3.18,0.66,3.6,1.36,4.77,5.4035,2.9683
33.82,37.93,0.81,13.95,26.09,3.32,2.09,3.14,1.16,1.43,2.5537,4.7045
26.19,46.09,1.47,18.77,10.51,3.76,2.59,2.21,1.85,6.34,6.5243,3.448
30.93,46.72,1.81,20.92,14.64,2.75,2.16,2.86,1.61,1.75,4.9095,5.4649
35.1,33.47,1.62,23.69,25.33,3.34,1.56,4.51,0.99,2.9,2.669,8.408
40.71,33.78,1.8,24.21,22.12,3.26,0.81,6.86,0.53,6.48,2.7275,7.763
21.18,22.31,1.3,13.48,12.66,1.77,2.78,2.99,0.88,1.36,5.5191,3.3153
43.98,40.12,1.63,31.32,22.58,1.93,1.19,2.1,0.61,5.62,2.8658,8.9039
38.84,44.64,0.71,16.44,36.83,2.44,1.06,2.9,1.58,7.47,1.4751,7.0286
22.45,27.34,1.02,12.63,17.79,1.06,2.54,1.71,1.06,5.32,3.7247,3.5796
46.21,32.64,1.08,37.2,17.02,1.89,2.95,7.49,1.55,5.99,3.6336,7.5049
47.63,45.17,1.27,20.08,13.63,2.42,2.15,7.11,1.32,6.55,4.6907,4.024
21.83,46.31,1.89,13.73,19.2,1.32,2.06,3.16,1.85,2.56,3.6046,5.2195
28.31,27.3,1.81,19.35,22.03,1.38,1.3,2.73,2.31,5.07,3.0148,6.5699
44.19,36.52,0.7,39.18,19.41,2.39,0.55,7.34,1.7,3.16,3.1944,7.8776
42.45,25.77,0.76,21.95,15.08,3.19,0.98,1.01,0.65,2.75,4.6031,4.4416
25.54,23.06,1.04,14.51,14.02,3.5,1.96,5.2,0.54,2.35,4.8996,3.5708
26.28,47.33,0.94,19.5,38.59,2.64,0.88,7.41,1.03,5.1,1.3472,9.0071
31.11,44.62,1.42,22.98,27.89,2.42,2.71,4.56,1.56,6.56,2.1771,7.8587
34.54,42.8,1.85,24.28,29.28,2.15,0.97,1.02,0.61,7.13,2.2703,9.3506
38.55,21.46,1.94,20.91,12.52,1.58,1.81,2.53,1.32,4.0,5.627,5.1376
31.07,45.31,1.48,15.2,10.88,1.44,1.78,7.46,2.72,3.61,6.2375,3.529
33.88,33.14,1.76,21.49,26.89,3.38,2.01,1.12,0.73,5.81,2.5181,7.9524
42.42,30.27,1.29,34.03,24.49,2.4,1.32,3.76,2.87,6.46,2.5471,9.5301
21.1,36.39,0.81,15.39,30.31,3.37,2.68,6.53,2.64,2.77,1.9462,5.4957
27.57,22.74,1.29,11.36,17.3,3.11,1.61,6.87,2.58,3.08,3.7225,3.409
41.4,42.7,1.33,21.31,32.58,1.58,2.25,4.34,2.66,4.73,1.9183,8.5752
46.86,37.47,1.61,24.8,25.38,2.53,2.09,2.63,0.7,4.11,2.6359,8.4413
35.35,25.6,0.83,29.89,18.95,2.33,0.79,5.2,0.88,5.94,3.2317,6.7095
35.96,25.65,1.05,24.21,16.39,2.27,2.06,2.85,0.84,4.53,3.9936,5.2461
23.22,25.53,1.05,13.35,11.41,2.63,1.88,2.79,0.78,1.78,6.2484,2.7552
33.42,21.71,1.94,10.48,12.63,3.95,2.75,6.65,1.32,2.16,5.368,3.7336
35.98,37.63,1.17,21.86,31.98,3.44,2.7,2.08,2.58,7.31,1.8484,7.9929
27.27,45.21,1.63,11.18,20.61,3.71,0.88,1.04,1.13,2.59,3.5131,4.6487
28.08,20.52,1.63,20.91,14.79,1.09,0.7,3.36,1.11,1.35,4.7003,5.6013
31.32,21.47,0.9,22.28,10.6,1.42,1.24,4.44,2.19,6.12,6.3328,3.2671
20.6,37.18,1.36,12.58,17.41,1.25,2.97,5.94,0.74,5.79,3.7473,4.2296
29.66,44.58,1.84,16.29,20.38,1.79,0.55,6.47,1.4,5.2,3.2147,5.9631
26.34,29.8,1.21,20.18,10.76,2.33,2.18,5.64,1.24,4.52,6.2344,3.7008
29.82,30.49,1.92,14.28,11.84,2.93,2.02,5.39,2.62,7.79,5.5699,4.2345
23.59,37.89,0.82,12.14,14.42,2.5,2.12,5.66,1.79,1.84,4.6459,2.788
46.72,28.23,0.61,39.79,21.08,3.71,1.05,2.9,2.12,4.57,3.0787,8.8974
37.81,20.8,1.84,28.46,10.37,3.82,1.07,3.68,0.82,4.95,6.7148,5.6281
40.37,42.06,1.77,30.82,18.08,1.49,1.58,5.32,2.82,1.16,3.7383,7.9999
43.68,38.77,1.99,15.6,10.24,3.56,0.74,1.46,1.31,3.88,6.9462,4.3003
34.95,37.42,1.52,12.86,25.6,2.45,0.69,3.07,2.27,6.48,2.4584,5.2759
22.61,42.25,1.91,10.2,26.9,2.36,0.72,3.84,2.89,4.3,2.5098,5.087
36.11,40.26,1.74,15.0,26.29,3.35,1.93,4.73,1.77,7.13,2.3668,6.0864
37.61,26.18,1.77,27.5,14.18,1.28,1.49,4.41,1.77,5.51,4.7018,6.1545
42.36,30.57,1.35,16.57,13.24,3.65,1.23,6.03,0.79,6.36,4.9099,3.8412
32.95,23.78,1.07,23.09,16.33,3.01,1.29,4.31,1.48,6.63,3.9846,5.0906
23.83,23.9,1.9,12.22,17.22,3.63,1.02,7.33,2.63,5.83,3.7354,4.6584
28.51,40.29,1.15,15.34,13.5,3.98,1.53,3.66,0.84,6.25,4.791,3.643
30.89,45.76,1.31,25.62,24.97,2.55,1.01,4.68,2.79,5.87,2.5114,7.82
39.38,48.88,1.17,15.97,18.43,1.28,2.25,1.02,2.17,4.85,3.7862,4.1336
37.12,38.85,1.35,18.33,14.01,1.5,0.81,3.17,1.55,4.97,4.845,4.5222
30.68,25.52,1.21,14.72,17.73,1.97,2.87,7.07,1.87,2.33,3.7322,3.823
49.6,23.17,0.57,13.79,14.4,1.31,0.72,3.34,0.88,6.79,4.5821,2.8483
38.17,44.39,1.82,21.35,16.35,3.45,2.86,2.77,1.04,3.18,4.2685,5.6896
27.12,37.36,1.17,14.59,16.93,1.89,2.58,4.8,1.22,4.75,3.9029,3.9156
23.05,38.55,1.38,15.6,32.76,3.93,2.2,1.55,1.46,2.75,2.1067,6.9691
24.59,43.44,0.71,17.84,34.14,3.11,2.78,4.72,2.79,5.87,1.6333,6.0659
27.38,41.1,0.51,16.74,32.97,1.52,0.85,3.13,1.42,7.83,1.6391,6.222
24.82,45.03,0.87,10.32,23.82,2.43,0.94,3.68,1.81,6.61,2.5833,3.7446
25.6,21.69,1.56,16.56,14.17,2.4,1.13,6.54,0.91,5.33,4.7026,4.4165
28.55,42.43,0.65,10.75,20.33,2.48,1.11,5.63,2.34,4.97,3.0064,2.8831
25.2,45.53,1.86,16.29,12.37,2.61,1.28,4.12,1.9,4.43,5.5695,4.3245
46.9,28.58,0.82,31.85,15.45,1.09,1.94,5.04,1.6,2.43,4.3534,5.8735
22.41,39.21,0.81,11.46,24.38,3.06,0.57,6.37,2.87,3.44,2.5971,4.1541
35.74,29.42,0.77,26.99,14.14,2.46,1.46,6.22,2.73,3.84,4.7137,4.1177
32.31,48.74,0.52,25.77,38.61,3.37,1.12,2.3,2.15,7.61,1.3626,10.3054
49.47,21.0,1.66,38.03,10.91,3.45,2.02,3.11,2.8,3.98,6.3391,6.3115
23.36,37.39,1.81,12.55,18.22,1.69,2.96,3.44,1.91,5.1,3.6527,4.7706
31.94,25.0,1.42,19.94,11.25,1.15,1.79,2.31,2.57,7.46,5.9867,3.6616
49.08,41.37,0.78,41.18,20.67,3.11,1.56,1.09,1.52,4.63,3.2315,9.2507
45.97,25.28,0.93,19.93,10.41,3.93,1.42,2.22,0.72,2.76,6.7322,3.1362
44.51,27.06,1.21,34.2,13.29,2.34,2.46,6.66,2.99,3.67,4.9444,5.6898
27.74,34.83,1.93,10.12,17.95,1.78,0.68,4.82,0.91,3.63,3.7196,4.531
25.13,47.45,0.87,10.04,25.51,1.47,2.9,3.39,1.13,6.0,2.3806,3.1788
40.06,26.35,1.6,29.04,16.17,1.86,1.54,5.26,0.91,3.07,4.1897,6.796
47.88,24.33,1.16,35.04,12.56,1.98,1.28,6.18,1.34,6.11,5.1894,5.6911
36.7,42.77,0.95,27.12,24.52,2.27,2.94,3.48,1.22,7.22,2.4632,7.6423
37.15,35.02,1.18,30.6,20.19,2.97,2.84,4.26,2.0,3.35,3.2375,7.3283
28.4,47.35,0.61,11.58,20.23,1.82,2.1,1.45,2.99,1.95,3.3456,2.7094
43.08,24.4,1.7,16.52,17.8,1.15,0.55,5.18,0.63,5.47,3.7357,5.1621
25.61,39.38,0.86,19.59,23.3,2.12,2.37,3.49,2.45,3.53,2.7899,5.5709
29.71,26.99,1.59,12.61,13.98,3.57,1.34,4.03,0.82,4.74,4.9699,3.864
32.76,24.7,0.6,22.12,19.19,2.5,1.47,3.96,0.55,5.44,3.3551,4.9495
35.23,40.5,1.93,20.73,31.55,3.89,0.9,5.43,2.1,3.85,2.087,9.1115
27.27,37.81,0.79,11.02,32.41,2.51,1.81,5.01,2.68,7.47,1.7108,4.3088
23.45,42.64,1.82,12.41,29.14,1.83,2.36,3.95,0.94,3.8,2.257,6.022
38.32,29.28,1.71,22.13,15.4,1.58,1.18,1.12,1.35,3.15,4.5708,5.8879
28.66,33.44,1.95,21.64,15.18,3.08,2.85,5.35,0.92,7.2,4.2302,5.7786
37.44,32.16,1.22,25.88,21.39,2.61,0.99,7.16,2.77,1.95,3.066,6.8395
24.63,49.52,1.59,15.99,43.86,2.81,0.67,6.39,1.18,1.87,1.3899,9.2238
34.43,28.77,1.06,19.64,18.63,3.27,2.11,7.87,1.61,7.55,3.2041,4.7478
35.98,28.84,0.78,16.27,22.21,3.18,2.62,1.97,2.74,2.46,3.1169,4.2257
21.55,30.64,1.16,10.78,15.15,1.13,2.88,2.56,1.88,2.04,4.6258,2.693
30.1,36.94,0.75,16.18,18.93,3.41,2.42,4.77,2.83,4.75,3.3533,3.8697
24.03,27.57,1.97,10.26,21.39,2.6,1.0,2.65,2.82,1.33,3.3919,4.6162
21.9,47.46,0.64,11.46,34.57,2.18,2.94,1.24,1.65,5.34,1.7942,4.7068
49.7,27.97,1.38,25.01,22.73,2.61,2.8,3.82,1.96,4.17,2.8897,7.2719
29.67,46.87,1.44,16.14,34.7,2.84,0.91,3.01,1.08,5.48,1.8161,7.7326
44.3,23.1,1.31,11.3,13.63,1.45,1.9,2.85,2.98,2.99,5.0807,2.8603
27.64,39.7,1.49,17.45,23.12,2.25,1.89,7.67,1.2,7.34,2.4015,5.5707
40.45,47.21,0.67,23.99,39.01,2.01,1.61,2.67,2.46,2.89,1.6746,9.6313
42.81,25.06,1.33,12.17,15.55,2.05,2.96,1.91,1.28,5.46,4.426,3.9679
37.87,49.05,0.93,31.57,18.7,1.27,0.65,1.88,1.28,7.62,3.3517,6.9858
34.15,33.59,1.91,11.9,18.1,1.48,2.07,6.64,0.76,3.81,3.5679,4.9559
32.36,48.37,1.64,24.84,27.23,1.49,1.01,6.0,1.9,2.13,2.4849,8.6767
30.47,40.3,1.96,10.0,12.45,2.12,1.82,1.91,1.11,1.48,5.7831,3.9262
47.89,29.05,0.56,39.01,20.45,3.68,2.45,2.54,0.87,7.74,3.039,8.5499
44.92,25.65,0.93,10.59,11.16,1.62,1.12,6.23,1.07,6.35,5.8477,2.9228
48.95,29.11,0.79,35.73,15.71,2.25,1.48,2.92,1.13,7.43,4.0607,6.4794
23.73,22.79,0.52,13.16,16.27,1.93,2.88,7.87,1.76,5.89,3.7494,2.3096
41.93,24.32,0.86,29.88,14.36,3.36,2.4,4.78,1.46,3.4,4.7072,5.2677
48.15,23.14,1.52,23.32,16.85,1.15,1.93,2.34,0.69,1.86,4.1837,5.7602
25.44,32.69,0.85,10.74,16.05,1.59,1.05,7.01,1.84,7.51,3.8455,2.7858
21.99,43.87,1.26,15.37,37.64,1.63,1.56,3.24,2.47,4.43,1.7311,7.2667
42.23,24.24,1.83,11.94,11.94,3.98,2.44,3.02,1.94,3.78,5.8055,3.5849
37.23,23.91,1.54,30.5,10.34,2.71,2.55,3.29,2.94,5.04,6.6676,5.0153
45.25,39.3,1.09,11.54,31.2,1.42,1.11,6.38,0.75,1.75,2.045,5.0751
24.19,25.92,1.06,14.41,18.21,1.82,2.16,2.21,2.55,3.16,3.7172,3.8928
43.86,22.93,1.18,30.87,11.84,1.5,0.74,3.67,1.76,5.47,5.7104,5.5099
26.05,25.01,0.77,14.34,19.85,1.37,0.56,1.22,1.8,1.7,3.6263,3.6597
24.91,47.71,1.45,12.15,26.43,3.39,1.87,6.79,1.8,1.95,2.397,4.9393
24.93,44.64,1.05,17.54,38.19,2.49,1.06,3.39,1.31,4.57,1.6324,7.7605
44.44,30.62,1.78,33.09,17.89,2.89,0.7,2.74,1.31,5.36,3.763,8.4904
39.96,39.67,1.63,33.03,21.64,1.99,2.32,5.06,2.08,2.31,3.1891,9.031
35.69,36.12,1.42,17.78,19.49,2.66,1.74,5.93,0.61,1.23,3.371,5.4222
30.76,40.31,1.05,17.98,18.48,1.77,2.49,6.69,1.97,7.71,3.2581,4.6786
46.32,40.48,0.81,21.37,23.6,1.92,2.16,3.43,2.31,1.19,2.8064,5.6818
31.77,38.86,1.66,14.31,20.8,2.96,2.32,6.69,1.39,1.01,3.1845,5.0067
44.5,27.98,1.23,32.15,10.48,1.45,1.27,4.25,1.04,3.26,6.5371,5.1849
33.17,21.17,0.84,16.17,11.61,2.85,1.16,1.71,1.03,2.56,6.0181,3.0552
31.31,33.67,0.79,16.98,13.98,3.56,2.0,6.92,0.7,5.02,4.5386,3.4126
33.88,46.73,0.75,17.62,37.52,1.36,1.0,4.83,0.72,7.26,1.3723,7.4836
29.04,37.08,1.67,20.01,23.23,3.69,2.54,5.22,0.92,4.37,2.7892,6.5126
42.43,44.97,0.84,35.17,32.89,1.24,1.81,7.56,0.55,6.41,1.4833,12.4555
35.08,49.75,1.29,23.39,43.25,2.05,1.07,4.91,1.17,7.36,1.1368,11.6254
26.97,24.91,1.18,15.64,16.38,2.83,2.06,1.04,1.27,2.33,4.4418,4.112
46.99,40.75,1.37,34.92,35.31,2.68,2.86,7.09,2.99,4.42,1.6032,13.8563
31.52,40.23,1.82,20.59,17.87,1.29,0.71,2.99,2.98,5.49,3.669,5.9133
36.31,49.4,1.8,11.29,16.41,3.4,0.77,4.51,0.97,3.32,4.0768,4.2954
47.19,49.57,1.18,13.08,23.94,3.92,2.61,2.43,1.03,6.18,2.6852,4.6274
38.73,40.6,0.52,10.9,22.05,1.54,0.77,3.08,1.73,5.94,2.8492,2.874
23.51,27.31,1.14,13.89,21.02,3.69,0.6,5.81,0.87,3.95,2.9988,4.3652
48.19,43.96,1.41,37.41,26.21,2.67,1.37,4.01,1.76,1.62,2.6974,12.0044
38.83,23.21,1.34,17.46,12.4,3.81,1.67,5.39,1.5,1.08,5.7084,3.7435
30.05,43.42,1.48,15.78,31.11,1.53,1.92,6.77,1.31,3.59,1.9158,6.9345
24.18,47.31,0.73,18.35,26.34,3.38,1.77,3.39,2.56,1.57,2.5835,5.5756
43.82,31.49,1.47,34.12,12.67,1.18,2.78,4.98,2.57,6.47,5.2634,5.6887
38.6,38.92,0.77,25.7,23.8,3.65,2.42,6.44,2.97,3.34,2.646,6.601
36.0,32.9,1.63,15.6,26.32,3.02,2.96,6.01,1.06,5.66,2.2643,6.3074
46.82,33.13,1.01,13.72,25.28,2.11,1.69,4.78,2.72,3.42,2.6164,4.5148
43.66,29.31,1.56,10.46,18.4,1.57,0.71,3.68,1.84,6.57,3.5271,3.7232
24.55,42.86,0.57,11.02,20.51,3.45,2.89,3.85,1.98,7.22,3.0118,2.7101
29.35,48.09,1.11,14.2,12.88,2.81,0.51,4.03,2.74,6.86,5.1195,3.0547
27.45,48.22,1.56,16.87,25.6,2.08,2.44,3.44,2.86,4.39,2.5501,6.2136
42.32,25.24,0.84,11.75,17.7,2.33,0.58,5.89,2.32,1.59,3.7631,3.5884
21.01,46.24,1.69,10.82,21.26,3.48,2.4,1.88,1.37,3.6,3.2003,4.5381
37.1,42.12,1.45,14.0,16.39,2.02,2.84,7.77,1.72,3.97,3.823,4.129
42.87,27.59,1.38,27.62,21.72,1.27,1.47,6.45,2.04,7.72,2.7108,7.6687
46.3,22.02,1.03,29.28,15.77,3.73,1.1,3.09,2.57,4.96,4.1924,5.5699
30.26,28.04,1.22,18.41,18.32,2.16,1.07,1.3,2.14,5.49,3.7133,5.0918
44.64,47.37,1.4,17.42,14.43,2.05,1.73,5.98,1.41,6.47,4.4952,4.1724
23.32,39.0,1.21,13.09,13.48,1.61,0.93,6.14,1.54,4.98,4.8716,3.2838
45.39,41.63,1.55,12.94,12.75,3.69,2.18,7.75,0.63,5.19,5.1912,4.0486
23.82,27.71,1.15,12.0,17.84,1.65,1.42,2.78,2.81,2.72,3.8494,3.3752
31.92,41.58,0.8,25.19,13.07,2.91,1.31,1.58,0.72,1.41,5.3284,4.5379
43.92,20.84,0.82,38.33,14.92,3.64,1.65,7.41,1.95,6.05,4.1897,6.6692
24.5,31.26,0.51,16.15,26.15,1.1,1.86,2.81,2.68,6.94,2.3569,4.4216
26.88,38.8,0.95,20.89,18.72,3.49,0.85,6.05,1.55,3.88,3.3241,5.1653
41.67,24.38,1.62,27.14,14.26,2.23,2.27,1.42,2.5,4.84,4.8601,5.6841
41.6,44.69,1.69,10.88,31.13,2.97,2.71,6.32,2.51,3.15,2.0213,5.584
39.23,27.05,0.8,34.16,21.29,2.12,1.19,1.89,0.65,4.15,3.2692,8.5435
40.82,39.57,1.94,12.55,31.97,3.09,0.95,5.87,1.53,2.46,2.0747,6.6828
36.28,32.16,1.25,24.53,10.99,1.76,2.4,4.73,2.23,6.32,6.0877,4.3811
27.55,37.88,1.88,13.17,13.87,1.07,0.96,7.69,1.56,4.44,4.7632,4.4208
30.37,23.22,1.56,16.03,16.21,3.84,0.6,1.26,1.86,4.83,4.1694,4.8735
25.45,20.51,1.58,16.75,13.79,1.05,2.05,3.04,1.99,1.26,5.0748,4.8726
47.25,47.29,0.63,24.08,14.3,3.47,1.1,1.49,0.88,5.36,4.7534,4.6821
37.5,28.09,0.83,15.64,16.57,1.51,0.93,7.15,1.53,2.42,3.9276,3.5539
32.03,44.59,0.51,15.69,33.1,2.18,2.95,5.16,0.57,3.68,1.7838,5.6715
33.86,49.98,1.57,16.44,17.65,3.47,1.23,4.74,0.87,3.89,3.7783,4.8426
48.42,26.34,1.02,42.06,19.88,1.62,2.76,1.92,1.78,4.14,3.3949,9.5934
24.6,27.96,1.68,17.67,10.69,3.6,0.95,4.42,1.93,2.59,6.5141,4.1978
37.59,39.89,1.01,20.36,29.47,2.49,2.55,3.79,0.87,6.95,1.9378,7.0149
35.18,48.96,1.73,14.03,30.92,2.1,1.76,3.21,2.39,3.99,2.1143,6.7544
38.34,47.47,0.7,28.93,20.24,2.99,0.7,6.41,1.43,5.28,2.9567,6.6327
20.54,35.09,0.76,10.87,24.48,2.02,2.33,1.43,2.8,5.3,2.6297,3.1837
46.16,43.85,1.01,16.56,32.57,2.04,2.73,5.53,1.47,5.25,1.8175,6.5708
47.96,24.07,1.11,22.07,18.47,3.2,0.91,6.76,0.87,4.92,3.3895,5.4739
36.95,49.32,1.02,29.33,22.62,1.93,2.31,7.35,2.39,6.76,2.5875,7.6921
40.9,48.93,1.65,13.41,33.28,1.6,1.61,6.22,1.92,6.69,1.6737,6.9278
47.67,24.91,0.65,13.99,15.97,3.42,2.38,2.98,1.47,3.92,4.1773,2.6953
41.22,28.98,1.03,22.95,17.34,3.42,2.28,5.2,1.39,5.45,3.6426,5.2884
24.58,23.0,1.76,12.65,17.13,2.49,0.57,1.99,0.88,1.72,4.1452,4.5389
37.29,28.15,0.6,22.68,10.04,2.58,0.95,1.82,1.35,1.64,7.0177,2.7528
38.2,44.48,1.91,20.48,18.32,3.09,1.68,5.47,0.57,4.36,3.633,6.3798
32.72,31.35,1.98,17.71,18.8,2.53,2.83,6.96,1.76,7.3,3.2947,6.3765
42.09,22.65,0.63,13.03,11.36,2.25,1.36,1.47,2.74,5.55,6.0372,2.1771
48.03,30.27,0.94,14.66,23.86,3.98,2.07,1.74,2.49,5.68,2.6434,4.5394
47.77,49.44,1.06,36.9,32.3,1.44,0.53,4.96,0.57,2.1,2.0097,13.2945
33.53,38.89,1.66,26.41,21.42,2.78,2.28,2.53,2.7,4.17,3.114,7.5783
23.4,32.48,1.39,11.97,24.24,3.66,2.01,5.28,1.63,3.81,2.6836,4.3326
49.55,25.0,1.47,13.92,14.51,3.06,2.29,2.5,0.98,6.48,4.6519,4.2516
45.17,49.59,1.64,11.61,29.32,3.64,2.76,1.82,2.38,1.96,2.32,5.3985
23.74,44.63,0.68,15.32,10.08,2.01,0.87,4.82,1.31,4.77,6.718,2.3786
47.63,28.44,1.75,33.34,14.92,1.82,1.15,7.04,1.13,7.38,4.298,7.4097
46.1,22.1,1.56,21.59,10.99,3.55,2.99,5.8,0.9,7.25,6.0759,4.7386
35.57,21.7,1.37,23.98,14.62,2.18,0.89,6.73,1.72,6.97,4.3045,5.3537
37.74,23.61,1.83,26.21,14.13,3.13,2.3,2.86,0.73,3.62,4.9306,6.1123
31.97,37.42,1.55,25.87,16.77,1.44,2.31,7.2,2.46,7.59,3.7154,6.5458
21.64,47.86,0.8,10.43,25.37,3.27,2.21,3.64,1.68,6.64,2.4214,3.4363
30.06,34.9,1.14,12.9,14.17,2.65,1.07,6.97,1.62,6.96,4.4845,2.9375
44.09,45.29,1.24,11.99,38.02,1.81,1.04,4.3,0.5,7.53,1.3924,5.9617
20.14,33.38,0.58,14.46,10.99,2.48,2.17,2.88,2.54,7.56,6.0917,1.9543
30.0,41.26,1.93,21.89,32.72,3.09,0.97,2.82,1.73,2.68,2.153,9.8506
31.95,41.96,0.69,19.74,23.78,1.04,2.15,4.97,1.6,1.89,2.7248,5.5227
36.12,25.22,1.55,11.77,16.32,2.91,1.73,1.55,2.4,5.84,4.1264,3.6431
47.6,30.84,1.26,18.91,14.79,2.62,1.47,7.51,0.66,4.94,4.3012,4.4286
30.39,39.12,0.54,14.58,33.32,1.66,1.25,2.9,1.42,3.29,1.9589,5.2371
30.41,22.12,1.89,18.64,12.01,3.26,2.87,3.35,1.94,5.79,5.7349,4.8107
42.13,30.85,1.78,17.0,19.33,1.91,1.77,2.63,1.65,1.43,3.6726,5.8672
33.57,36.04,1.29,11.35,30.91,1.83,1.9,1.02,0.95,1.33,2.3149,5.5447
26.74,49.89,0.84,18.58,40.74,2.41,2.87,5.85,1.25,3.48,1.2849,8.4916
33.57,34.24,0.68,15.55,20.32,3.03,2.13,5.13,1.25,2.36,3.2092,4.2185
24.23,44.48,1.05,14.17,39.2,3.79,2.89,6.67,2.98,6.03,1.2344,6.3973
25.29,32.96,0.88,11.31,22.6,1.42,0.77,1.29,1.32,7.64,2.8145,3.7165
34.95,43.89,1.26,26.01,16.03,2.19,2.62,7.5,1.01,5.63,3.9897,5.4845
32.57,37.86,1.95,19.94,19.27,1.2,1.34,3.32,2.56,5.58,3.4113,6.4917
47.45,46.6,1.36,39.25,20.57,3.28,2.53,7.39,1.55,1.05,3.2028,9.7666
30.87,32.33,1.83,17.86,15.96,2.34,2.64,1.75,1.61,4.59,4.3968,4.688
37.42,38.13,1.48,31.1,27.59,3.12,1.18,6.21,1.87,6.72,2.1043,10.7126
38.97,38.9,1.21,31.38,23.96,1.97,1.52,5.06,1.99,5.58,2.5474,9.1583
20.39,32.52,1.78,13.11,10.67,3.53,2.32,3.51,1.98,2.59,6.5772,3.531
39.91,24.33,1.21,33.26,18.19,2.6,0.75,1.55,0.59,6.94,3.676,7.782
25.34,22.81,1.8,13.34,12.32,3.83,2.39,5.23,2.55,7.75,5.35,3.5553
48.83,20.5,0.94,22.37,15.48,1.24,0.78,1.19,0.99,2.95,4.5049,4.5395
24.46,46.21,0.69,10.43,39.78,2.54,2.79,4.51,1.23,2.45,1.577,5.1207
32.44,27.09,1.78,20.27,21.38,3.3,1.19,5.23,0.93,3.37,3.1196,6.5649
22.56,26.35,1.38,15.46,19.2,2.8,1.94,6.13,2.42,1.44,3.4235,4.6063
49.91,42.08,1.83,37.0,15.97,1.07,0.79,7.94,1.96,7.11,3.9388,8.1066
35.07,29.6,1.91,13.01,17.78,3.92,1.17,2.82,2.39,7.51,3.7445,4.8836
37.86,35.18,0.58,20.15,14.53,1.89,1.51,3.26,2.13,5.43,4.4843,3.5466
22.01,24.88,1.25,11.24,12.56,1.75,1.72,3.39,0.76,6.35,5.2163,3.1865
42.5,48.79,1.06,28.21,30.65,2.46,0.5,6.12,1.25,5.68,1.7975,10.1563
26.3,45.55,1.44,11.78,11.25,2.63,2.72,7.52,1.77,3.64,5.9385,3.32
46.94,45.91,1.69,38.88,39.97,3.3,0.52,7.82,1.26,5.42,1.3464,17.787
26.15,32.2,0.92,12.57,25.8,2.18,2.43,7.62,1.02,6.85,2.095,4.0687
25.72,42.87,1.34,13.12,20.61,2.32,1.68,7.16,2.67,6.67,2.9393,4.1554
21.1,24.32,1.56,15.19,14.8,2.6,1.81,7.94,2.37,1.57,4.3676,3.9055
34.16,20.26,0.7,18.79,12.45,2.18,1.02,3.63,1.36,4.24,5.4289,3.1688
36.95,20.6,1.72,10.53,14.94,3.74,2.02,7.64,2.41,3.78,4.3674,3.6833
21.97,37.6,1.41,13.45,25.56,3.55,1.84,6.33,2.07,6.26,2.4139,5.2555
43.27,33.66,1.92,12.39,15.19,2.36,0.91,2.18,0.51,4.51,4.471,4.3032
33.6,35.54,1.01,28.33,19.18,1.0,1.1,1.32,1.45,3.45,3.5906,6.6892
35.73,20.22,0.66,22.19,12.24,3.7,0.67,2.5,1.23,5.94,5.3909,3.7634
33.22,32.68,1.26,14.67,26.96,1.37,0.67,6.45,1.04,4.32,2.2125,5.7896
32.02,41.54,0.63,19.6,14.65,1.73,0.53,5.42,1.13,2.8,4.4471,3.2691
36.79,33.28,1.95,11.67,11.64,1.46,1.05,2.57,2.86,7.23,5.965,3.897
24.66,41.97,0.56,17.72,33.75,1.54,2.2,6.19,1.72,1.79,1.7578,6.2806
25.46,26.99,1.63,19.68,20.75,3.41,1.29,1.99,2.62,1.13,3.4426,6.1403
45.85,44.39,1.29,36.98,35.62,2.74,1.36,6.75,1.04,2.01,1.696,14.7898
48.38,37.65,1.05,21.41,21.58,3.87,0.83,6.56,0.94,2.15,2.9279,6.3697
31.2,26.32,0.6,15.28,17.47,1.69,1.94,7.81,2.72,4.77,3.5772,3.1182
28.12,27.1,1.43,10.46,16.82,2.46,1.36,2.05,1.74,5.37,4.0561,3.663
39.32,38.84,1.38,25.84,11.66,3.93,2.19,7.35,2.74,4.14,5.7445,4.5771
32.26,44.9,0.92,19.23,27.81,3.48,2.35,3.39,0.66,2.43,2.3113,6.5254
20.76,32.47,1.87,12.65,10.24,3.19,1.96,3.91,2.79,1.93,6.9363,3.5741
24.68,27.75,0.96,18.79,14.14,1.57,1.19,4.28,1.54,4.45,4.7665,3.9736
41.48,46.01,1.17,14.45,38.91,3.31,1.77,5.39,0.89,4.96,1.4263,7.0383
39.77,40.08,1.32,10.24,17.62,2.04,1.13,7.96,2.21,3.13,3.6791,3.7196
20.81,33.44,0.65,10.43,27.33,2.59,2.76,5.2,2.49,2.54,2.3078,3.3996
26.66,34.64,1.9,12.6,14.91,2.83,2.42,7.49,0.62,1.56,4.4531,4.393
26.93,26.13,1.06,10.4,13.5,2.83,1.73,2.79,2.97,1.18,5.1955,2.6947
40.16,38.8,0.62,22.65,24.96,3.18,2.91,3.79,2.24,1.74,2.6267,6.1679
20.59,30.76,1.08,11.76,22.0,2.99,1.87,4.53,1.3,6.19,2.8258,4.0568
23.12,49.87,1.4,11.47,27.48,1.21,1.32,3.26,0.88,3.41,2.4596,5.0489
44.0,34.41,1.27,31.75,27.12,2.37,0.74,7.84,1.48,1.19,2.2305,10.2456
25.36,34.58,1.54,12.12,10.79,2.99,1.86,6.08,1.05,4.56,6.2289,3.3559
39.58,36.98,0.58,26.9,30.27,1.89,2.65,4.35,1.74,4.75,1.9247,8.4785
27.15,47.5,0.93,14.24,16.38,1.94,2.67,6.26,2.45,4.0,3.9063,3.4068
22.98,44.02,1.73,14.09,35.66,1.37,2.01,4.27,2.15,1.77,1.8344,7.4947
27.3,33.53,0.62,21.48,17.43,2.26,1.48,1.12,1.59,6.28,3.7979,4.4825
41.67,41.56,1.78,11.0,32.12,3.96,2.13,4.8,0.8,5.82,1.8996,6.198
45.67,37.59,0.64,25.34,25.17,1.86,2.41,5.38,2.89,3.76,2.4652,7.0315
44.91,34.77,1.75,35.55,13.48,2.59,1.53,7.87,1.18,3.67,4.9132,7.0954
31.92,25.77,1.04,19.95,19.89,3.23,1.69,1.29,1.19,2.09,3.5622,5.407
40.04,33.92,1.42,16.93,14.64,1.04,2.2,4.58,2.11,6.27,4.6008,3.9192
26.15,27.37,0.73,14.43,13.02,3.7,2.69,1.69,2.43,5.2,5.2273,2.4989
28.79,47.45,0.6,19.38,36.42,2.16,2.48,2.04,2.96,1.6,1.8925,7.1775
46.89,30.06,0.82,38.41,11.59,3.61,0.56,5.27,2.92,3.65,5.8521,5.3193
20.39,48.57,0.69,10.22,17.45,1.12,0.81,2.62,2.78,7.32,3.758,2.1742
22.57,35.99,0.97,10.54,20.57,1.44,2.63,6.24,1.59,4.17,3.0802,3.4184
26.24,38.95,1.27,13.65,29.89,1.97,2.58,4.6,0.92,3.27,2.0839,5.5586
20.8,36.29,1.38,11.35,13.14,2.04,1.47,2.53,1.96,5.51,5.1941,3.4039
25.44,23.88,1.68,12.77,14.86,3.54,1.96,4.46,0.54,2.42,4.6481,4.1594
37.49,31.27,1.48,14.98,21.58,1.03,2.76,1.01,0.99,4.67,3.22,4.7134
32.64,22.97,1.41,13.45,16.86,2.92,2.78,7.04,0.51,5.69,3.7021,3.9632
46.78,38.69,1.12,14.15,32.16,1.39,2.46,1.09,0.95,6.98,1.9948,5.7808
44.52,33.41,1.21,37.57,24.44,3.47,1.02,1.05,1.69,5.85,2.7022,10.7258
30.25,43.34,1.12,12.2,28.5,3.34,2.33,5.28,1.48,3.69,2.2146,5.0804
27.78,26.61,1.76,12.61,15.04,2.5,0.75,7.81,1.42,6.37,4.2382,4.6585
31.39,24.94,0.85,14.04,11.11,1.64,2.73,6.99,2.58,7.29,5.8108,2.2501
37.71,32.19,0.51,31.19,22.2,2.9,0.87,2.76,2.19,4.34,2.9282,7.1286
28.04,47.8,1.48,19.86,42.56,1.47,2.16,2.38,2.84,1.03,1.6911,10.0175
38.72,41.31,0.8,28.74,29.39,1.57,2.03,5.38,1.61,7.17,1.9843,9.3817
32.28,32.57,1.84,11.81,10.29,2.88,2.44,6.76,1.18,2.16,6.5838,3.5845
36.56,35.52,1.79,28.03,20.18,3.97,1.88,3.53,0.81,1.88,3.4781,7.7567
33.08,22.53,0.62,17.38,14.63,3.67,0.65,4.03,2.18,3.15,4.5939,3.0813
28.83,49.54,0.66,13.64,33.82,2.78,2.26,1.81,2.6,3.66,1.8981,5.3764
48.45,39.99,1.24,29.26,27.99,2.62,1.46,2.07,0.96,6.6,2.1279,9.8703
42.91,28.56,1.41,32.95,17.57,4.0,1.3,4.98,2.7,3.72,3.8054,7.5187
24.2,37.57,0.91,17.17,15.04,2.64,2.98,1.72,1.82,1.34,4.6859,3.3935
46.05,23.28,1.58,37.64,17.81,2.26,1.98,2.41,0.86,5.45,3.7386,8.6889
34.62,48.98,1.39,28.21,33.67,3.73,2.28,2.64,2.11,5.7,1.8482,11.258
46.84,25.24,0.99,17.58,12.43,1.7,1.82,4.11,1.8,6.7,5.2985,3.3323
44.0,39.44,0.54,22.29,17.88,1.29,2.42,1.32,0.57,3.79,3.711,4.6467
32.76,27.36,1.63,10.26,21.4,2.9,2.38,4.5,1.5,1.6,3.2037,4.3548
20.67,41.53,0.82,14.99,33.54,1.29,2.14,7.5,2.46,4.87,1.6245,5.8044
28.06,43.3,1.75,12.02,21.47,2.12,2.99,1.17,1.89,1.85,3.3279,4.7962
36.25,40.2,1.13,28.31,10.97,2.27,1.65,5.42,1.21,1.12,6.3207,4.3955
39.0,38.43,1.37,17.91,11.14,2.64,2.27,6.85,2.82,6.45,5.8981,3.5243
27.74,46.77,1.81,14.69,19.02,3.97,2.49,3.19,1.09,3.82,3.6421,5.4174
24.18,22.36,1.8,10.36,14.63,1.66,1.44,1.92,1.13,4.68,4.7326,3.9536
45.05,29.93,1.06,19.82,18.72,2.13,1.64,1.3,1.39,5.64,3.6185,4.9503
49.53,27.45,0.81,40.68,17.89,1.4,2.92,5.51,2.74,3.81,3.5971,7.9734
35.77,49.64,1.66,10.53,34.85,2.82,0.58,4.87,1.77,1.36,2.0056,5.6956
25.15,31.68,1.15,14.12,10.32,3.18,1.34,2.61,2.21,2.77,6.7553,2.8715
28.17,41.98,0.79,10.41,12.84,2.45,1.72,6.82,2.94,2.36,5.1569,2.3923
20.55,40.54,1.86,12.06,19.18,1.74,0.5,6.15,2.46,7.84,3.2091,4.6402
47.43,26.36,0.8,15.6,11.76,2.86,2.75,2.94,0.93,6.18,5.6687,2.7155
23.53,27.17,0.54,12.15,10.92,2.62,1.22,6.27,2.47,4.16,6.0202,1.7613
37.3,28.44,0.53,29.57,18.61,1.51,1.14,2.71,2.37,1.44,3.7233,5.9377
28.22,32.33,1.43,15.77,24.13,2.22,2.55,5.73,1.08,1.81,2.5765,5.5782
36.63,27.03,1.49,15.92,19.05,2.31,1.19,1.83,1.31,6.69,3.4404,5.1644
39.54,20.59,0.97,24.46,14.57,3.95,2.14,5.85,2.28,7.62,4.2654,4.3519
44.89,46.38,0.98,14.25,30.9,3.55,2.55,2.67,1.1,1.22,2.2251,5.6448
26.19,48.97,1.01,12.9,34.98,3.2,2.48,5.01,1.02,7.37,1.4169,5.6909
20.33,30.25,1.52,12.91,14.14,3.67,2.45,2.21,2.26,3.66,4.9417,3.2826
24.11,30.16,0.59,12.16,25.05,3.21,0.72,6.08,2.7,2.5,2.5174,3.6612
47.0,20.21,1.89,31.73,10.95,3.71,0.7,1.43,0.69,1.72,6.4784,6.2008
46.22,40.41,0.83,25.34,15.45,1.16,1.27,2.16,1.61,6.4,4.2934,4.7035
37.92,44.76,2.0,27.7,18.6,2.37,0.59,2.29,2.02,4.28,3.742,7.9218
38.02,24.4,0.76,31.82,19.17,3.24,1.75,1.29,2.19,6.83,3.4479,6.5781
39.95,24.79,1.66,12.89,19.68,2.75,1.49,6.22,2.99,2.58,3.2869,4.4373
25.26,43.7,0.84,13.43,32.82,1.53,1.89,7.87,2.21,5.75,1.5013,5.2586
47.43,38.49,0.62,20.36,24.78,2.02,1.25,6.45,2.05,1.83,2.6098,5.3103
32.56,21.35,1.81,12.66,13.3,1.95,1.71,7.02,2.97,1.63,5.0841,3.7026
31.49,38.68,1.79,23.37,32.98,1.78,1.34,1.04,0.65,1.93,2.1719,9.989
35.57,29.27,1.11,25.63,19.92,2.03,0.99,1.83,0.69,6.66,3.3068,6.613
21.41,31.06,1.55,13.1,25.17,2.54,2.12,4.91,1.9,5.59,2.4124,5.3151
24.99,43.09,1.34,15.37,18.89,3.56,2.18,7.85,1.4,2.16,3.405,4.3709
42.14,44.33,1.78,11.62,19.79,3.23,2.57,5.62,0.74,3.69,3.3702,4.4466
22.48,32.01,0.97,14.16,24.54,3.51,2.69,3.62,1.27,6.35,2.442,4.5653
38.09,48.41,1.29,28.28,15.01,3.65,2.26,2.02,2.19,3.0,4.6174,5.7492
27.36,32.19,1.23,17.09,26.26,2.25,2.22,2.07,2.7,7.45,2.3132,5.6993
31.68,43.16,1.03,14.43,24.29,2.04,0.64,3.54,0.74,7.4,2.4616,5.2778
28.66,34.52,1.84,19.12,28.08,1.17,0.77,6.0,1.85,4.87,2.2463,7.8989
30.67,46.93,0.75,15.66,20.75,3.79,2.53,1.22,1.24,5.42,3.2587,3.9628
41.57,47.23,0.72,24.48,33.08,1.2,1.08,6.97,2.17,5.57,1.6203,8.7808
28.91,22.62,1.37,16.78,13.68,3.22,1.39,7.59,1.87,2.81,4.8702,4.2197
36.99,48.09,1.49,18.38,30.74,2.13,0.86,7.22,2.82,3.56,1.9609,7.622
34.28,44.77,0.79,23.86,25.01,3.85,0.99,7.39,0.59,1.95,2.4373,6.6506
39.91,43.74,1.09,32.02,37.79,2.26,2.44,1.11,1.68,7.47,1.5835,13.1794
48.1,26.03,1.92,10.17,17.63,3.45,1.15,7.84,0.98,6.07,3.4873,4.3704
41.98,44.15,0.87,35.19,17.33,1.85,1.62,3.56,1.84,1.32,3.9217,7.0527
26.45,45.5,1.5,15.86,37.75,1.9,0.88,7.08,2.63,4.85,1.4437,8.0133
20.94,28.67,1.61,14.16,14.02,2.79,2.19,2.31,2.78,3.4,4.9228,3.6892
27.87,48.57,1.17,21.01,22.47,3.99,2.32,4.13,1.5,6.71,2.6938,6.0826
37.85,21.5,1.91,20.67,10.66,2.55,1.4,1.31,2.53,3.41,6.6253,5.0105
21.54,24.5,1.6,15.46,18.55,3.81,2.46,1.28,1.2,5.51,3.7339,4.9149
34.89,36.13,1.19,13.53,16.04,3.36,1.1,7.6,0.52,2.16,4.1653,3.6513
37.91,37.27,1.35,13.65,15.77,3.39,2.23,6.67,2.64,4.91,4.0899,3.4289
30.03,39.35,1.54,19.88,32.41,2.31,2.32,4.71,0.8,3.06,2.0009,8.3423
43.13,20.51,1.39,34.47,14.44,2.16,2.92,4.68,0.54,2.15,4.722,6.4975
23.2,48.81,1.82,17.32,14.77,1.58,1.08,6.24,1.38,5.33,4.3413,4.9592
22.25,21.34,1.04,14.67,14.88,3.89,0.73,3.39,1.45,5.47,4.4229,3.6254
41.85,24.29,0.95,24.11,18.48,3.88,1.16,6.33,0.69,7.88,3.2375,5.703
34.86,20.42,0.82,16.58,10.43,3.24,0.81,4.4,2.54,5.68,6.4443,2.5297
40.65,37.01,0.56,35.14,28.16,1.89,0.92,5.47,1.51,4.61,2.0863,10.128
33.04,47.97,0.56,15.77,28.05,1.74,1.34,7.75,1.72,7.39,1.8349,5.1299
27.39,39.98,1.81,19.22,26.72,3.97,1.53,4.3,1.16,6.8,2.2736,7.5027
44.57,44.68,1.52,25.73,24.63,1.2,2.76,3.93,1.78,4.84,2.6341,8.1815
43.98,20.4,1.49,27.64,13.77,3.53,0.99,7.34,2.42,4.58,4.6792,5.518
40.84,36.26,1.42,20.17,10.72,2.07,2.93,7.32,2.77,7.59,6.1043,3.6447
28.16,33.79,1.77,22.7,24.33,2.26,2.53,7.95,2.93,5.32,2.424,7.5226
37.71,34.97,1.22,22.98,10.67,3.5,2.7,4.86,1.57,6.0,6.3873,3.5879
30.83,22.17,1.81,24.84,13.26,1.27,2.82,3.41,2.98,1.61,5.3057,5.242
22.75,40.53,1.04,10.06,13.85,2.06,2.38,2.68,1.24,6.03,4.8058,2.5874
47.52,35.1,1.89,28.62,26.55,3.86,2.47,1.24,0.52,2.85,2.6496,10.1956
24.1,42.95,1.55,16.53,18.77,3.1,1.59,6.09,2.42,1.81,3.5466,4.8862
48.51,34.56,0.89,34.97,18.88,3.26,1.78,2.63,0.95,6.95,3.4271,7.4179
33.38,24.48,1.35,26.63,14.07,3.27,2.83,5.25,0.63,5.84,4.6624,5.3477
25.55,39.45,1.3,10.05,28.89,1.18,1.45,7.42,2.81,3.85,2.0914,4.5817
36.26,25.17,0.71,10.01,14.89,1.61,0.6,7.65,2.48,4.02,4.3116,2.0544
46.19,46.17,1.39,24.73,34.59,2.47,2.41,1.03,0.76,2.38,2.0369,10.3211
41.97,38.39,0.97,10.79,11.72,2.1,1.93,3.22,2.44,1.07,6.0033,2.1532
44.2,24.72,0.58,38.45,11.86,2.23,2.54,6.86,2.61,3.45,5.631,5.1399
39.76,48.87,1.92,15.5,28.68,3.34,0.69,4.76,2.76,2.04,2.3787,6.8832
40.77,35.55,1.46,22.18,29.46,1.04,2.05,6.65,1.86,3.95,2.0571,8.4695
45.48,22.19,1.82,11.86,10.54,2.98,1.12,6.97,2.26,6.84,6.2985,3.8384
27.49,38.8,1.51,16.52,11.03,1.0,2.76,4.1,2.41,1.8,6.2845,3.8845
34.68,27.6,1.04,17.48,11.97,1.19,0.77,3.51,2.22,1.64,5.9475,3.0754
26.64,44.11,1.27,10.52,28.66,2.22,2.61,4.19,2.12,7.31,2.0729,4.1669
49.63,44.53,1.51,21.61,21.78,3.52,0.72,5.57,1.87,6.22,2.8761,6.951
48.32,49.37,1.94,23.04,38.37,1.43,0.56,3.57,1.7,1.37,1.8091,11.7272
21.18,35.06,0.88,16.12,11.44,2.66,1.09,6.42,2.99,1.56,5.8235,2.6342
41.17,33.65,1.81,15.44,13.66,3.04,1.33,7.33,1.34,5.79,4.7457,3.9132
47.76,42.6,1.89,27.85,18.28,1.69,2.07,2.98,0.72,3.59,3.7755,7.6574
25.42,23.97,1.51,20.29,15.62,2.54,0.83,7.75,2.41,6.07,3.995,4.8002
37.04,36.41,1.9,27.45,24.67,3.73,1.59,5.36,1.03,3.83,2.5875,9.1895
47.46,36.39,1.1,42.25,12.66,2.54,1.01,7.15,1.83,7.77,4.9967,6.7445
21.02,22.68,1.93,15.83,17.25,1.47,2.64,1.73,0.74,5.86,3.997,5.3503
40.92,32.54,1.55,22.69,15.98,2.88,0.61,2.76,2.05,1.33,4.4883,6.0077
28.92,45.6,0.56,19.69,31.82,2.78,1.39,3.25,2.86,3.31,1.984,6.612
47.73,45.68,1.86,13.62,26.09,1.08,2.08,3.12,2.31,4.95,2.4958,5.7082
49.13,22.98,1.23,25.06,11.78,1.27,2.78,2.2,1.04,1.99,5.9667,4.5926
48.33,22.72,1.19,36.96,16.53,1.47,2.67,7.08,2.93,1.02,4.0442,7.4129
34.23,27.88,1.35,19.72,20.54,1.41,2.74,3.93,1.27,1.56,3.3531,5.6009
45.86,46.24,0.72,31.69,22.37,1.78,0.66,7.74,1.59,4.67,2.6696,7.9572
45.34,23.87,1.2,32.62,15.22,2.36,2.6,5.08,1.75,5.43,4.2715,6.2603
29.57,41.6,1.75,13.69,16.86,2.12,2.45,1.97,2.98,1.65,4.262,4.5243
44.87,23.03,0.52,36.15,15.54,3.67,2.76,4.82,0.67,5.66,4.1517,6.3991
21.11,38.69,0.91,12.81,17.32,2.84,1.28,7.95,2.24,5.32,3.5357,3.0858
37.89,30.68,0.5,14.81,23.24,3.63,2.78,4.96,1.4,7.58,2.415,3.8628
26.9,43.67,1.12,20.3,16.23,2.58,1.51,1.01,0.7,6.88,4.0787,4.454
23.62,27.01,1.59,13.6,10.18,1.27,2.09,7.53,2.84,7.6,6.507,3.0661
22.31,39.18,1.7,15.48,16.49,2.39,1.56,2.64,1.97,7.76,3.901,4.8597
40.89,27.07,1.92,24.19,12.31,3.47,1.57,5.82,2.38,4.09,5.5733,5.4439
30.2,41.41,1.41,15.8,23.42,1.58,1.87,4.61,1.1,4.42,2.6567,5.3022
41.74,46.21,0.88,31.66,16.36,1.27,1.39,3.28,2.4,2.97,4.1087,6.1239
21.96,23.8,1.89,14.07,16.72,1.99,2.48,2.98,2.57,4.56,4.0701,4.8519
29.46,46.0,1.66,15.65,17.48,2.17,2.08,7.5,1.58,2.06,3.8681,4.5744
36.18,37.81,1.36,12.32,26.12,1.92,2.22,7.38,1.93,5.7,2.2206,5.1953
43.72,23.81,1.54,35.72,15.1,1.41,1.08,4.59,2.93,1.17,4.5916,7.422
29.56,32.83,1.89,10.52,27.58,1.75,2.92,2.81,2.62,2.65,2.4616,5.2948
38.78,24.83,1.57,30.52,19.82,3.05,2.15,1.72,1.61,2.46,3.5814,8.0277
46.58,41.01,1.05,21.37,32.62,2.16,0.99,2.1,2.16,7.57,1.789,8.5822
38.48,42.77,1.57,25.01,31.1,2.9,2.38,4.66,2.46,2.01,2.1112,9.8413
26.99,23.17,0.56,21.06,13.16,2.61,0.93,3.15,0.56,7.24,4.953,3.3883
20.73,35.18,1.08,10.87,25.2,2.65,0.66,1.29,1.97,1.87,2.8229,4.2476
46.1,44.44,1.11,27.63,38.16,1.75,1.82,4.19,2.96,5.55,1.5358,11.5856
20.64,48.08,0.75,14.31,10.77,2.56,1.88,6.22,2.87,3.24,6.195,2.1358
46.24,35.41,0.53,33.67,20.98,1.07,0.97,7.24,2.58,3.21,2.9085,7.8022
35.87,48.51,0.7,20.97,17.3,2.3,1.37,5.1,0.77,7.99,3.5118,4.5426
48.17,36.07,1.48,30.72,21.75,2.72,2.86,6.06,2.99,2.58,3.0122,8.4542
43.96,31.83,1.7,31.94,17.85,1.55,1.21,3.55,2.02,2.42,3.9239,8.1663
49.94,45.45,1.98,39.38,27.53,1.77,0.89,4.47,1.06,5.13,2.3256,13.7308
30.52,34.79,1.02,21.82,20.9,1.66,2.98,6.11,2.19,6.19,2.7988,5.4124
43.02,34.16,1.4,19.92,28.39,1.21,1.26,6.09,2.64,7.88,1.9979,7.6963
32.06,34.71,1.91,27.0,20.88,2.04,2.2,3.97,0.78,5.91,3.0533,8.3026
34.4,45.4,0.75,18.43,35.73,3.94,1.08,4.81,2.79,4.93,1.5538,7.4401
38.83,44.96,1.58,10.58,19.58,2.06,1.88,7.47,2.8,3.86,3.253,3.9806
46.21,32.11,1.63,21.32,17.49,2.38,1.47,5.42,0.53,5.17,3.7172,6.2002
49.52,30.0,0.63,14.41,17.06,2.96,2.9,5.5,2.75,5.21,3.7645,3.2257
43.05,34.76,1.79,13.41,15.51,2.95,1.58,6.49,2.87,2.52,4.3093,4.2468
32.53,37.18,1.72,14.94,18.42,3.85,1.96,1.81,0.59,5.7,3.6295,5.2891
32.64,27.15,0.55,10.94,17.27,3.57,2.86,4.66,1.24,2.43,3.8251,2.3121
42.13,43.82,0.64,28.68,26.72,3.38,2.97,7.72,1.43,4.43,2.1815,7.7775
27.16,34.59,0.57,10.9,22.47,3.85,0.75,3.53,1.37,2.82,2.9537,2.8164
23.31,30.02,1.0,11.69,15.28,1.69,2.59,3.06,2.4,3.19,4.4704,2.8765
30.64,23.2,1.26,11.45,12.59,2.85,1.46,5.21,1.4,5.3,5.3467,3.255
28.62,27.17,1.3,10.86,17.44,3.66,1.99,2.55,2.89,1.45,4.0873,3.4758
28.89,48.48,0.9,13.72,14.45,2.87,1.44,4.89,2.99,1.08,4.7802,3.0457
27.01,29.15,1.87,16.87,13.58,3.93,1.5,2.09,1.29,1.91,5.193,5.3303
21.26,25.07,1.05,16.04,10.42,1.3,0.9,5.06,1.77,2.18,6.6425,3.0895
20.54,33.82,0.57,14.85,11.37,2.32,1.93,5.22,1.89,2.39,5.9579,2.1045
49.63,29.21,0.95,40.34,13.46,3.93,1.87,3.93,1.95,6.42,4.8711,6.4474
32.83,21.05,1.3,13.14,10.12,2.14,0.97,3.68,1.44,4.13,6.7726,3.3606
31.53,29.69,1.11,14.38,13.61,3.22,1.85,2.72,0.91,4.29,5.0079,3.0941
40.39,36.32,0.91,11.94,23.97,1.09,2.93,3.32,0.64,5.51,2.6022,4.1183
26.55,36.55,0.7,18.99,11.32,3.08,2.29,4.49,0.77,6.1,5.8674,2.8925
48.5,30.7,1.73,12.34,16.86,3.8,1.7,2.73,2.75,1.02,4.2189,4.061
43.59,33.42,1.99,25.92,26.82,2.15,2.79,6.48,1.2,7.0,2.203,9.2525
22.68,48.97,0.99,11.9,36.88,1.06,1.94,5.96,0.69,7.92,1.3722,5.9144
32.53,31.32,1.07,14.27,14.98,1.08,0.84,2.89,2.06,1.85,4.6278,3.2854
46.37,27.75,1.43,41.08,21.79,3.68,1.87,1.68,0.69,5.56,3.0259,10.8486
48.34,27.3,1.58,35.23,14.06,3.17,0.95,1.0,0.68,1.02,5.044,6.9611
34.02,33.73,1.09,25.92,11.36,1.32,2.42,5.18,2.05,1.34,6.1171,4.5221
38.4,42.79,1.86,23.39,37.62,1.16,2.92,2.48,1.98,3.0,1.8168,11.1139
25.01,26.18,1.34,18.72,19.73,3.41,1.4,1.09,0.6,6.92,3.3496,5.2329
49.74,41.28,1.18,32.42,22.24,3.43,1.59,3.51,1.65,5.57,2.9369,8.5656
26.95,20.63,1.47,21.31,13.75,1.36,1.55,7.73,1.59,4.12,4.6888,5.1
48.28,32.57,1.93,19.36,21.79,1.9,1.21,5.83,1.87,4.07,2.9822,6.6102
39.49,43.28,1.69,24.58,15.5,3.34,2.49,7.0,2.34,4.26,4.1714,5.792
38.23,30.16,0.56,26.03,13.03,2.58,2.04,2.01,1.21,3.18,5.316,4.1453
35.38,36.91,1.0,18.01,20.29,3.87,0.66,1.51,1.58,7.14,3.0802,4.9957
26.92,26.15,1.21,20.49,20.16,2.44,2.6,1.08,2.48,4.98,3.4045,5.1877
25.3,42.26,0.97,20.09,10.27,3.03,0.97,7.69,2.81,4.39,6.4928,3.1884
26.61,21.57,1.55,15.73,15.14,2.53,2.95,3.1,2.73,4.26,4.4643,4.1095
25.59,45.58,1.74,14.14,11.76,3.83,1.44,4.22,1.69,7.55,5.6702,3.9685
43.39,25.95,1.6,23.4,15.23,2.2,2.04,3.76,1.8,6.07,4.3172,5.765
30.5,46.23,1.98,23.22,29.92,1.69,0.69,6.11,1.82,2.01,2.2033,9.7205
21.74,30.58,0.91,14.35,20.7,1.98,1.36,3.17,2.67,4.06,3.2256,3.9108
49.07,41.68,1.81,11.53,11.56,3.56,2.51,4.75,2.6,3.02,5.9285,3.5122
46.51,29.58,1.65,27.09,16.1,2.49,1.69,7.97,1.28,7.91,3.7474,6.7544
47.83,47.18,1.04,10.57,28.79,2.06,2.76,4.11,0.91,3.91,2.2425,4.0961
49.85,23.8,1.6,37.13,10.58,2.63,1.94,4.86,1.45,1.48,6.6987,5.5584
25.22,25.36,0.66,13.35,11.4,1.4,2.82,4.52,1.22,3.88,5.9439,2.0571
31.89,34.79,1.68,17.97,23.13,1.02,2.96,6.62,2.88,3.25,2.7943,6.1757
42.75,22.46,1.3,32.16,13.89,1.84,1.63,2.87,1.16,5.2,4.8581,6.0518
40.88,25.88,0.94,11.2,11.76,2.82,1.91,2.19,0.95,2.58,5.9445,2.3334
24.62,48.31,1.48,11.52,27.83,3.14,2.59,6.28,2.75,1.25,2.3589,4.8264
44.47,49.29,1.46,21.73,41.3,3.48,1.05,3.91,0.72,1.67,1.5895,10.9863
26.73,31.29,0.81,12.7,10.25,3.78,2.65,7.4,1.15,2.98,6.6039,1.8832
26.71,47.7,0.55,13.96,31.01,2.24,1.98,5.51,1.6,3.44,1.9218,4.9218
36.11,36.34,1.15,31.07,11.57,3.22,2.31,4.95,1.99,6.84,5.7203,4.3585
37.79,28.09,1.35,28.81,10.08,1.22,0.7,1.49,1.32,2.89,6.9992,4.8428
37.4,41.07,1.81,29.8,13.93,1.17,2.42,6.11,1.74,1.22,4.9461,6.5202
22.74,39.77,1.89,17.26,20.47,1.37,1.28,5.8,1.0,6.47,3.1295,6.2437
46.32,49.67,1.29,20.68,37.82,2.35,2.51,5.48,1.94,7.08,1.3992,8.9303
27.97,27.95,1.63,13.85,13.65,1.63,1.77,2.88,1.52,4.45,5.0444,4.0662
23.89,40.16,1.16,12.08,25.74,1.86,1.19,7.63,2.62,2.99,2.3717,4.3587
46.66,21.56,1.62,36.28,12.7,2.94,2.88,3.25,1.54,6.4,5.2927,6.9141
48.67,23.41,0.81,32.88,11.97,2.08,2.41,2.07,1.61,1.06,5.8277,4.8169
45.86,20.12,1.06,17.29,12.63,2.67,2.96,7.91,1.98,7.47,5.0765,3.039
44.29,49.98,1.45,21.04,37.9,2.24,1.41,6.22,0.81,7.06,1.4213,9.591
39.66,44.07,0.53,22.49,34.2,1.51,2.12,3.9,0.89,4.81,1.7703,8.0592
36.53,43.6,1.58,21.37,34.21,1.22,2.03,7.55,2.48,2.94,1.6702,9.398
22.61,35.29,1.75,16.76,16.87,1.71,2.22,1.64,1.18,1.23,4.3431,5.3481
32.25,29.0,1.1,16.57,21.11,1.17,0.6,1.61,2.21,8.0,3.1151,4.9007
31.18,24.54,1.17,24.7,12.02,2.86,1.23,5.78,0.74,6.33,5.5112,4.5465
27.79,28.54,1.78,15.65,20.0,3.39,2.77,2.25,2.55,3.37,3.555,5.1952
41.7,31.28,1.66,29.93,25.44,2.02,1.56,7.42,2.97,1.13,2.5895,9.6518
34.88,42.69,0.93,28.49,10.38,2.16,2.9,6.88,1.43,5.48,6.3218,4.1653
22.43,36.19,0.99,16.74,19.33,3.45,1.03,3.14,1.76,7.91,3.2705,4.3668
26.61,22.32,1.52,10.66,14.74,1.67,2.99,7.22,1.61,5.95,4.2921,3.5211
40.5,20.54,1.34,15.24,13.89,1.36,2.24,1.3,2.74,1.59,5.1092,3.5309
22.28,23.07,0.74,13.47,11.42,2.5,2.44,4.84,0.52,3.82,5.9186,2.5599
45.54,32.31,0.96,23.18,26.83,2.94,1.49,7.55,2.13,1.76,2.3049,7.4199
34.85,48.0,1.85,22.72,30.3,2.8,2.77,6.99,2.13,7.39,1.8495,9.3653
34.42,39.12,1.53,28.34,13.96,3.14,1.86,3.49,1.46,3.31,4.8443,6.3009
37.77,44.05,1.98,12.56,10.6,1.17,2.2,2.28,1.05,6.13,6.5181,3.4578
44.74,33.99,1.65,23.44,24.88,2.28,0.74,2.47,1.1,1.59,2.8639,8.2733
30.43,30.85,1.91,12.97,11.26,1.72,2.08,4.6,2.5,1.9,6.2526,3.9661
40.34,23.25,0.82,32.66,11.16,3.28,2.7,5.18,0.67,5.76,5.9818,4.6355
36.97,46.28,1.66,31.19,27.98,3.62,0.95,1.23,1.91,6.9,2.3274,10.9763
28.01,43.49,0.53,16.23,27.2,1.84,2.34,3.89,1.27,2.41,2.3482,4.8959
46.36,25.04,1.51,13.26,16.9,1.29,0.56,6.81,1.16,3.93,3.8703,4.3949
43.92,35.37,1.2,32.71,18.02,1.76,2.82,4.11,1.76,5.34,3.6025,7.4223
39.75,34.62,1.02,27.26,25.18,1.31,2.96,2.18,2.74,6.57,2.5486,7.9898
45.52,38.75,1.79,20.82,33.14,1.97,1.39,7.68,2.05,5.4,1.7042,9.2441
46.02,48.39,1.78,37.53,19.05,2.61,0.77,2.86,2.47,1.67,3.7021,9.4597
41.25,37.39,0.53,35.62,25.74,3.92,2.15,6.59,2.0,4.8,2.2233,9.5581
45.11,36.21,1.41,26.8,29.69,2.2,0.57,2.36,2.24,7.19,2.1285,9.7129
40.92,21.51,1.05,24.67,14.47,1.66,1.71,3.96,1.58,7.08,4.524,5.1735
40.4,21.89,1.12,17.56,14.69,1.5,1.18,4.43,2.81,5.1,4.6087,3.6111
38.56,25.62,1.75,23.77,12.38,1.52,1.68,4.5,1.75,7.97,5.3552,5.3701
42.58,20.97,0.96,22.13,13.2,1.58,0.55,4.62,1.88,1.74,5.2281,4.2733
24.76,42.3,1.91,12.95,25.36,3.29,0.63,2.57,1.81,4.35,2.592,5.8051
46.43,41.7,0.77,12.11,28.69,1.18,0.54,4.61,1.29,6.43,2.0328,4.5055
46.16,24.08,1.49,17.87,19.05,3.99,2.05,4.37,1.08,1.99,3.5689,5.5865
20.88,45.08,1.51,11.16,11.01,2.57,1.9,2.46,0.68,7.81,6.1724,3.167
44.77,24.64,0.88,26.14,10.63,2.63,1.08,7.92,2.3,3.48,6.2625,4.0203
23.87,29.04,0.99,15.33,11.09,2.07,2.12,7.06,1.22,3.45,6.0683,3.0716
30.05,27.47,1.75,19.16,19.26,3.07,2.71,7.21,1.47,2.49,3.5086,5.7593
42.31,31.17,1.64,20.6,12.2,2.41,1.19,5.8,2.8,3.02,5.5428,4.3572
24.82,27.64,0.99,14.14,17.87,1.99,2.58,2.12,1.92,5.04,3.7907,3.6
44.54,34.67,1.3,34.64,16.39,1.8,2.16,4.98,0.74,4.01,4.0793,7.0899
44.96,32.22,0.59,24.27,17.88,3.78,0.58,6.75,2.5,2.35,3.7033,4.338
35.22,49.6,0.81,29.98,17.46,1.87,1.44,1.27,1.14,6.66,3.8151,6.0983
20.19,21.68,1.23,12.28,15.78,2.31,1.77,4.47,1.88,1.44,4.3882,3.8514
28.61,24.27,0.63,18.84,15.43,2.05,2.33,3.77,1.77,6.84,4.2089,3.351
38.51,21.58,1.76,11.18,16.22,1.26,1.22,2.48,1.1,2.92,4.3609,4.3061
49.44,38.78,1.58,32.5,23.66,1.56,2.96,3.65,0.79,4.47,2.8467,9.8203
38.95,21.64,1.92,30.4,10.82,1.57,2.21,7.88,1.03,3.67,6.1807,5.8304
27.79,45.09,1.54,22.06,15.14,3.08,1.43,6.06,0.74,4.99,4.3042,5.3661
39.02,35.36,1.91,33.96,30.14,2.22,0.74,3.1,1.19,6.57,2.1673,13.1513
36.2,35.81,1.33,15.98,25.1,3.35,0.95,5.24,2.99,7.93,2.2262,5.6223
43.4,36.85,1.4,26.34,11.08,3.13,1.72,2.73,1.51,3.14,6.2983,4.6771
23.21,25.12,1.97,13.7,17.13,1.58,1.74,5.28,2.66,4.88,3.8721,5.0142
42.83,25.93,1.46,25.69,14.51,2.69,2.42,7.27,1.87,4.26,4.4906,5.2863
36.24,29.56,0.55,13.34,14.47,3.23,2.32,4.9,2.17,7.99,4.4296,2.0499
48.89,37.8,1.59,39.01,13.51,2.9,1.0,6.13,0.89,6.66,4.8344,7.1364
30.26,26.3,1.86,23.88,19.49,2.8,1.99,4.17,1.19,3.78,3.4371,7.2379
38.98,23.49,1.69,20.78,10.54,3.22,0.55,4.67,1.78,4.34,6.4706,4.4654
47.96,49.1,1.38,19.24,19.88,1.17,1.5,5.87,2.7,2.72,3.3186,5.6354
23.08,20.66,1.51,11.14,11.73,3.19,2.41,6.69,0.61,6.29,5.6546,3.2757
48.12,44.08,1.99,32.64,14.68,1.82,1.5,5.62,1.77,6.92,4.4503,7.1691
40.64,43.64,0.64,18.0,24.55,2.72,2.59,7.84,0.63,7.75,2.1892,4.9822
22.04,28.92,1.5,16.4,10.16,1.73,2.94,6.74,1.64,4.96,6.5667,3.639
29.03,24.07,0.93,19.41,12.73,3.52,2.02,6.44,2.07,5.69,5.1221,3.3974
41.25,24.37,1.46,26.95,18.75,2.44,0.86,6.92,2.36,4.12,3.4245,7.1567
22.02,40.92,1.41,13.93,18.05,2.93,1.45,2.97,0.85,5.26,3.6551,4.3107
37.47,39.28,0.73,11.03,18.75,3.38,0.52,4.02,0.92,3.44,3.5642,3.1633
30.38,43.48,0.81,24.33,23.48,3.69,2.01,4.95,1.68,6.16,2.6565,6.2023
38.63,48.12,1.43,24.84,28.61,3.2,2.55,4.24,3.0,1.16,2.3757,8.6532
21.37,40.76,0.69,16.33,30.83,1.45,2.07,6.93,1.39,1.2,1.9972,5.6506
46.15,24.68,0.9,26.74,11.84,3.56,2.47,1.19,1.57,6.01,5.7133,3.8297
49.2,27.3,1.75,34.29,20.73,2.86,2.5,2.46,1.58,7.51,3.1635,9.5501
49.07,45.27,0.99,11.91,32.93,2.83,2.63,7.17,0.7,5.43,1.6641,4.9483
42.49,26.28,1.23,27.37,18.15,3.76,1.17,1.41,2.44,6.09,3.6717,6.3065
23.9,22.18,1.91,16.81,10.62,1.75,2.68,2.59,1.13,6.77,6.4178,4.5322
42.75,41.1,0.84,31.6,10.56,1.72,2.14,3.46,2.26,3.53,6.5956,4.1926
20.74,32.08,1.08,14.42,20.14,2.54,1.22,6.26,1.69,1.76,3.277,4.3958
20.66,47.6,1.41,11.28,38.14,3.25,2.97,4.92,2.03,7.53,1.3474,5.5769
29.71,39.51,1.63,24.35,24.32,2.34,2.88,7.68,0.63,7.57,2.3834,7.8606
34.66,22.71,1.85,29.56,11.64,2.9,1.94,2.6,2.72,4.09,6.0034,6.1726
43.11,48.44,1.87,12.13,13.03,2.36,2.61,7.1,1.11,2.52,5.1985,4.1884
40.5,27.76,1.66,33.88,18.92,2.83,1.15,2.98,2.18,7.25,3.4828,8.3612
33.38,30.12,0.84,15.32,20.91,3.47,1.54,2.72,2.5,5.96,2.9395,4.1086
28.21,32.07,0.54,19.1,12.94,1.54,0.96,4.49,1.85,1.06,5.2103,2.7987
49.91,21.54,1.08,21.8,10.18,3.09,1.8,1.5,1.34,1.75,7.0355,3.7986
32.79,34.9,0.71,27.21,18.12,3.36,1.74,3.69,2.94,7.88,3.432,5.0777
33.54,23.7,1.57,11.88,15.07,2.34,1.03,3.49,1.2,1.27,4.6427,3.9712
24.91,32.03,1.49,14.93,22.02,1.97,2.18,2.12,2.87,2.98,3.0745,5.0727
43.84,30.52,0.57,22.35,22.57,1.04,0.79,7.03,0.89,4.84,2.6412,5.5019
40.81,43.19,1.75,18.41,27.21,3.39,0.65,3.7,1.47,2.29,2.52,7.3753
26.62,44.1,0.87,17.5,13.23,1.98,1.46,7.87,0.85,2.62,5.0412,3.4689
22.47,24.6,1.15,10.98,16.55,2.07,1.52,7.3,0.51,3.47,3.9147,2.9814
40.41,31.0,1.5,28.21,25.74,2.01,1.3,2.36,1.15,2.89,2.6503,9.0152
39.64,31.2,1.14,34.16,24.67,2.5,1.14,4.54,0.72,6.62,2.4753,9.9258
28.2,24.54,1.16,20.62,18.32,3.11,1.35,5.21,2.97,4.5,3.5898,4.9218
48.53,43.95,0.6,38.83,18.75,3.32,0.91,6.73,2.4,2.95,3.4343,7.7545
24.53,41.22,1.1,13.43,29.68,2.18,1.51,7.2,0.51,3.19,2.0308,5.4333
32.97,25.71,1.65,15.84,19.12,2.99,2.76,5.37,1.06,1.28,3.5868,4.9345
48.31,31.0,1.87,27.22,20.85,3.16,1.06,1.25,2.18,1.35,3.4576,8.1572
32.59,23.17,1.12,10.8,12.05,1.89,2.21,4.37,1.5,6.03,5.476,2.6709
39.16,38.85,1.14,32.84,32.75,1.29,0.85,7.19,2.58,1.79,1.7886,12.2676
31.93,23.64,1.55,12.43,13.9,3.68,1.38,6.0,1.76,4.33,4.8048,3.4948
28.23,49.58,1.91,21.94,14.49,3.03,1.3,7.09,2.13,6.9,4.4526,5.5811
49.52,43.42,0.9,12.89,13.12,2.94,2.84,5.72,1.99,3.58,5.1303,2.6756
32.28,31.71,1.16,24.21,20.82,1.18,1.57,1.31,2.1,3.42,3.3426,6.1185
46.82,37.36,1.69,14.84,19.79,3.45,2.23,7.78,1.08,7.11,3.0918,5.1674
26.9,47.34,1.41,10.45,13.06,2.7,2.01,7.43,1.43,7.05,4.8882,3.1483
26.39,36.62,0.67,18.2,26.01,3.54,0.85,1.89,0.63,7.16,2.4022,5.0664
20.93,25.23,1.44,11.66,18.18,3.92,2.85,1.79,1.97,5.0,3.6877,3.7022
39.55,31.36,0.78,27.54,21.87,3.87,1.36,4.77,1.65,7.67,2.723,6.9579
31.06,45.29,1.27,18.91,16.13,3.57,0.61,6.3,2.4,6.73,3.8174,4.6043
45.93,39.33,1.29,13.37,26.78,1.03,1.25,3.68,1.02,3.91,2.422,5.1982
34.2,39.52,1.81,27.89,10.26,3.66,1.34,1.95,1.59,5.41,6.8423,5.3223
49.05,46.0,1.19,25.4,19.46,1.23,0.73,4.57,0.95,1.85,3.4763,6.7627
25.57,46.82,0.92,17.76,22.69,3.55,2.05,3.36,2.03,4.86,2.8685,5.1075
46.06,47.59,0.85,25.56,37.22,1.84,1.37,3.46,2.62,2.84,1.7042,10.2346
43.3,22.85,1.81,27.1,13.06,2.83,2.07,5.51,2.41,2.98,5.2019,5.5169
43.13,36.32,0.76,18.52,10.24,1.11,0.52,7.2,2.86,1.88,6.5955,2.7971
45.34,42.22,1.14,16.08,19.59,3.31,2.96,4.91,2.93,3.51,3.4025,4.0341
42.83,42.71,0.78,25.1,23.82,1.34,0.93,5.81,2.43,4.37,2.6063,6.7098
38.79,38.2,1.66,20.47,32.02,2.23,2.15,5.62,1.22,5.2,1.8274,8.7482
23.94,25.0,1.21,13.49,19.41,3.45,2.29,4.86,1.05,3.13,3.3356,4.3311
20.98,43.92,1.03,14.02,15.23,3.09,0.93,3.18,1.62,6.55,4.3219,3.6777
47.63,41.6,1.04,32.53,14.93,1.02,0.78,3.64,2.98,4.65,4.4516,6.0532
38.5,22.58,1.78,11.08,11.24,2.21,0.88,3.21,1.53,5.47,6.0977,3.5695
43.9,33.91,1.33,19.79,24.92,1.13,1.12,7.42,1.0,2.95,2.4112,6.476
34.45,25.22,1.58,18.01,10.06,3.02,0.92,6.79,2.86,6.7,6.6427,4.1906
23.52,30.12,1.85,10.83,11.92,3.91,2.18,5.06,1.46,5.37,5.6558,3.6361
23.76,20.54,1.85,12.07,12.98,2.97,1.55,7.39,2.23,7.04,4.9754,4.1028
40.57,32.01,0.99,11.32,14.21,1.67,1.84,7.2,2.47,2.12,4.6234,2.7057
32.91,36.5,1.93,27.84,11.99,2.07,0.62,7.49,2.61,3.66,5.5875,5.8082
26.02,38.59,0.54,18.11,18.49,3.93,2.65,2.55,2.55,1.79,3.7104,3.5267
34.75,39.9,1.07,11.73,16.83,1.67,0.93,6.02,2.59,2.51,3.8985,2.9431
21.93,45.09,1.84,10.14,25.38,2.68,1.4,5.26,2.17,3.76,2.54,5.2065
37.46,26.46,0.91,26.15,21.23,2.2,0.68,6.14,1.51,7.26,2.8596,6.6764
28.07,23.61,0.91,15.74,11.07,3.3,0.84,2.84,2.17,4.9,6.0756,3.0919
43.93,45.55,0.95,32.76,21.39,3.6,2.16,5.86,2.59,3.31,2.9897,7.8712
29.31,24.7,1.42,23.22,19.04,2.02,2.23,3.87,1.38,6.23,3.3537,6.1273
33.66,49.24,1.16,21.18,40.03,2.98,2.19,6.84,1.24,1.14,1.5703,9.6442
20.35,45.28,1.59,11.0,21.94,2.65,1.88,6.57,1.36,3.59,2.9018,4.4121
22.17,35.03,1.84,15.61,24.0,1.84,2.88,2.48,1.88,5.21,2.7275,5.7858
31.77,49.44,1.51,26.03,13.03,1.82,1.77,2.29,0.63,5.08,5.2616,5.4987
34.4,22.92,0.81,21.26,15.64,2.62,1.62,6.02,2.45,5.25,4.1053,4.1498
38.0,29.09,1.9,25.69,23.71,1.46,1.12,4.85,0.85,2.48,2.9781,9.037
28.75,39.15,0.9,14.64,22.98,3.43,0.75,4.9,0.83,3.36,2.6832,4.2598
40.85,30.5,0.72,19.86,17.73,1.21,1.87,6.27,0.99,7.52,3.3571,4.5649
45.8,47.85,0.63,32.63,16.15,1.28,1.29,6.98,1.94,7.82,3.8155,5.7047
43.4,21.97,1.35,36.34,14.42,2.03,1.81,2.67,1.21,3.18,4.7264,7.0238
21.19,36.48,0.67,13.89,22.68,1.35,1.02,4.89,1.42,5.51,2.7,3.6847
34.42,37.73,0.71,25.34,24.82,2.43,2.6,6.8,2.83,2.69,2.4537,6.8474
23.15,39.58,0.95,11.4,10.64,2.2,3.0,7.11,2.62,3.58,6.2486,1.5742
27.26,27.67,0.92,12.6,16.95,3.17,1.31,3.01,2.63,6.55,3.824,2.9918
49.6,30.94,1.41,28.41,19.48,3.86,2.61,1.73,1.94,4.51,3.4828,7.2101
24.27,45.31,1.73,11.64,16.29,3.26,2.68,2.63,2.67,6.95,4.1362,4.2997
34.97,25.85,1.64,22.68,12.26,1.54,2.99,7.62,2.45,5.4,5.4124,4.2742
38.54,44.81,0.89,16.87,18.23,3.81,1.36,4.24,2.88,5.4,3.5507,3.9915
41.07,36.88,0.87,30.64,25.57,2.18,2.39,3.93,0.66,1.24,2.613,8.728
36.79,42.87,1.95,27.61,26.89,2.42,1.07,1.09,0.57,6.25,2.4998,9.8004
20.29,41.41,0.51,12.45,32.34,2.26,2.06,1.36,0.94,7.85,1.8429,4.2709
29.79,26.23,1.82,12.67,13.32,1.84,2.26,5.68,2.82,4.31,5.1015,3.8148
35.53,37.06,0.8,23.28,30.12,3.69,2.35,5.13,2.01,2.11,2.1103,7.8688
22.64,46.03,1.92,17.58,33.08,2.0,1.02,5.03,1.57,7.84,1.7869,8.4561
30.52,32.96,1.01,19.66,17.1,2.74,2.62,1.77,1.78,3.03,4.0132,4.1787
21.0,49.0,1.16,10.21,13.24,1.72,1.55,3.46,2.57,3.86,5.2082,2.3136
22.36,33.57,1.56,10.13,14.77,3.39,1.04,6.69,2.82,1.54,4.621,3.5341
31.91,24.28,1.38,15.42,18.88,3.32,1.86,2.22,2.32,1.78,3.6948,4.5261
23.98,31.68,0.98,11.76,15.18,1.89,2.66,7.18,2.4,2.52,4.3361,3.0665
37.03,48.55,1.33,27.91,21.07,3.04,2.92,1.85,1.3,4.84,3.2078,7.3836
40.68,29.59,1.6,31.7,12.77,3.11,2.37,2.18,1.67,4.9,5.3995,6.2656
44.02,46.04,0.56,17.5,35.05,2.69,0.51,4.34,2.71,5.24,1.6097,6.7661
26.0,46.44,0.52,13.58,18.67,2.8,0.84,7.62,2.46,5.09,3.1713,3.1448
25.02,30.51,1.19,12.37,15.12,2.72,0.69,3.31,2.21,4.47,4.4248,3.4472
23.14,22.5,0.7,17.39,13.11,1.25,0.75,5.61,0.66,6.61,4.9027,3.2753
39.09,41.74,1.5,22.11,21.6,3.01,1.46,5.12,0.6,7.54,2.7993,6.3558
41.19,29.35,0.82,27.19,15.9,2.41,1.35,2.05,0.83,2.89,4.2898,5.29
20.95,43.49,1.15,12.47,24.35,2.32,0.78,2.74,1.95,1.91,2.8722,4.3542
48.09,33.28,0.8,30.88,24.89,3.58,2.71,7.51,1.84,3.98,2.3733,8.6795
21.56,34.56,1.32,12.53,26.02,1.07,2.04,2.29,2.86,1.18,2.8146,4.5552
36.24,43.34,0.67,17.21,32.62,1.75,2.49,5.87,2.24,7.18,1.6182,6.0979
41.27,31.47,0.53,26.67,11.67,1.36,1.43,7.75,1.23,2.68,5.7139,3.8069
46.13,33.29,0.58,28.4,24.63,1.11,1.53,1.84,0.9,4.85,2.6166,7.6768
41.42,31.29,1.93,17.76,11.96,1.83,1.29,3.79,2.62,1.81,5.8599,4.6621
44.05,31.02,0.71,14.34,12.0,3.97,1.6,2.57,1.65,4.87,5.6726,2.6879
30.18,35.78,1.56,15.6,29.7,1.81,2.03,2.55,2.13,1.27,2.438,6.6115
44.44,44.26,0.6,22.23,33.98,2.99,1.73,1.83,1.91,6.38,1.7495,7.9812
22.4,30.85,0.66,14.65,18.76,1.35,2.59,5.55,0.77,7.69,3.2392,3.1466
46.84,35.73,1.26,39.12,28.14,2.81,2.75,6.22,0.64,3.15,2.2121,12.6606
36.43,40.12,1.2,10.78,34.85,3.95,1.67,5.74,1.44,2.81,1.7392,5.086
44.52,28.08,1.93,17.19,17.99,1.88,1.1,7.47,1.4,4.14,3.5851,5.6853
33.57,28.33,1.92,13.6,18.17,3.54,2.86,2.02,2.18,5.34,3.71,5.057
39.31,48.0,1.67,22.21,34.9,3.99,2.34,3.24,2.08,2.32,1.9374,9.7687
35.79,41.71,1.4,18.93,16.2,2.77,2.1,3.41,2.92,6.62,4.0855,4.5809
41.95,37.32,1.18,29.65,13.73,1.93,2.36,2.62,2.65,2.39,5.0908,5.2871
22.45,39.43,1.03,11.81,28.56,3.02,0.69,2.0,1.74,1.04,2.465,4.6292
21.81,20.88,1.92,14.05,12.03,3.53,0.67,4.41,1.75,4.67,5.7199,4.1305
27.41,38.54,1.4,20.97,13.18,1.51,0.88,6.84,2.19,1.81,5.1435,4.8992
24.79,35.29,1.37,18.91,16.39,2.36,0.87,7.68,0.79,5.89,3.8228,4.8769
46.15,36.37,0.85,39.87,17.66,1.96,1.55,1.91,3.0,2.17,3.9658,8.0164
26.58,30.78,0.57,18.95,25.23,1.85,0.89,6.76,1.8,6.72,2.2235,5.1646
49.28,22.44,1.92,41.05,15.2,3.58,2.64,6.77,2.77,4.29,4.3326,8.6839
30.11,25.8,0.97,13.54,15.73,2.26,1.95,3.72,2.92,4.96,4.2312,3.1342
25.46,48.52,1.16,12.07,42.48,2.02,1.42,1.77,1.95,2.31,1.5942,6.5395
43.69,32.26,0.67,10.19,25.59,2.81,0.67,7.93,0.76,2.03,2.3498,3.5062
39.76,34.0,1.76,27.5,19.73,1.66,1.98,5.59,1.93,5.42,3.2576,7.7509
34.95,21.58,0.54,28.7,15.96,1.69,0.79,7.88,1.99,2.79,4.0097,5.0687
36.66,21.13,1.75,14.05,12.48,2.56,2.36,4.39,2.47,3.7,5.4468,3.8609
41.58,41.52,0.71,26.93,16.11,2.23,2.51,3.77,0.62,4.36,4.1205,5.2063
26.85,36.14,1.83,18.85,14.92,1.88,1.86,2.73,1.67,2.61,4.8015,4.9759
49.89,35.26,1.59,42.36,23.42,1.16,0.87,7.89,2.81,6.57,2.4413,11.6861
49.24,27.29,0.75,32.15,16.16,2.56,2.47,2.77,2.98,7.58,3.9572,5.8074
39.51,42.34,1.35,33.78,28.02,3.45,1.27,1.17,0.98,4.02,2.5667,10.8611
25.99,25.05,0.97,13.79,16.89,3.55,1.06,4.59,2.68,7.42,3.6884,3.0726
40.41,25.7,0.77,18.89,10.24,1.71,1.68,3.64,0.87,7.18,6.5843,3.192
22.17,33.82,1.79,13.89,11.02,2.8,2.81,2.83,2.6,2.16,6.4086,3.9825
20.92,28.59,1.11,12.27,17.24,3.57,1.24,5.44,1.19,2.21,3.8791,3.4153
27.73,27.42,1.1,10.02,12.37,2.23,2.76,3.55,2.9,4.34,5.4879,2.5198
33.88,39.36,0.75,23.81,25.41,3.8,0.63,3.82,2.24,4.68,2.4865,7.1023
46.05,39.53,1.07,33.34,23.54,3.71,0.71,1.16,1.5,3.39,2.8382,9.3351
41.82,44.74,1.81,30.03,27.42,1.62,2.25,5.12,1.2,3.19,2.3825,10.5841
42.28,32.53,1.04,19.41,15.3,1.78,0.98,1.85,1.09,4.02,4.4637,4.4565
32.76,22.19,1.93,19.28,14.6,1.54,1.29,2.5,2.2,5.83,4.5803,5.5164
30.38,28.21,1.92,15.54,20.96,1.59,0.84,6.02,2.74,1.59,3.2796,5.9055
31.13,49.4,0.72,10.26,44.33,3.72,1.33,3.19,2.39,5.97,1.121,4.9424
49.63,37.89,0.77,29.48,29.19,3.79,1.2,2.14,2.59,7.48,2.1525,9.7812
21.2,41.29,1.79,10.77,24.66,1.16,2.34,5.04,2.45,6.34,2.541,5.3473
46.01,20.22,1.09,12.48,11.01,2.78,2.26,2.5,2.95,2.34,6.2936,2.1058
37.36,35.55,0.51,26.89,24.0,2.69,2.89,2.9,2.39,1.61,2.8715,6.7885
33.16,21.13,0.91,10.17,15.74,2.17,2.31,5.35,1.03,4.43,4.1065,3.0433
41.76,37.08,1.4,35.66,14.68,2.9,2.24,6.18,2.48,7.69,4.2828,7.0576
34.6,47.62,1.7,20.1,18.35,3.84,2.24,6.18,1.31,6.73,3.331,6.0853
46.2,49.05,0.7,40.67,15.07,1.51,2.71,4.38,2.99,4.94,4.3049,6.3238
47.02,36.22,0.67,11.86,25.63,1.36,1.24,4.18,1.44,2.0,2.5102,3.9278
32.65,33.75,1.88,20.3,17.62,1.1,1.25,6.51,1.23,6.0,3.6618,6.2015
28.3,48.35,1.63,14.65,12.09,2.09,2.35,2.35,1.1,6.69,5.6832,4.022
37.77,40.21,1.38,29.21,32.06,2.01,1.07,2.07,2.15,7.55,1.8267,10.9105
47.37,21.95,1.65,21.69,13.87,2.29,2.78,5.65,0.77,5.28,4.7862,4.9208
26.32,33.97,1.14,12.95,16.28,2.51,1.84,3.87,2.88,4.6,3.991,3.3226
38.69,27.21,1.64,30.31,14.2,3.27,1.25,5.97,1.24,5.33,4.6485,6.4365
38.95,34.09,1.06,18.97,15.54,2.18,2.44,2.8,1.24,7.6,4.295,4.1358
41.99,33.66,0.87,10.45,18.5,1.99,1.28,3.27,0.62,5.4,3.4292,2.9479
23.95,37.46,1.59,13.49,17.57,3.48,2.91,7.28,1.12,2.8,3.6743,4.3185
41.47,30.7,1.13,27.33,18.6,3.55,2.96,3.95,1.55,5.45,3.5228,6.1948
47.27,24.93,1.97,18.21,17.68,1.7,2.17,5.14,1.42,7.16,3.6695,5.8085
25.39,35.11,1.02,14.49,23.56,1.94,0.78,1.75,1.18,4.97,2.7542,4.4691
27.13,44.91,1.88,10.69,18.81,3.48,1.16,2.25,0.6,4.52,3.7259,4.7607
49.14,39.92,1.9,30.08,23.18,1.24,1.79,1.25,1.25,6.13,2.8654,9.5684
25.43,30.15,0.86,17.89,22.73,1.98,2.63,3.97,2.45,5.63,2.8363,4.6
45.63,48.07,1.7,22.66,12.26,2.35,0.96,7.92,1.6,1.4,5.5622,5.3324
34.77,47.37,1.15,18.31,12.53,1.56,0.76,7.12,1.23,6.08,5.224,3.6549
27.42,26.28,1.88,11.1,16.27,1.54,0.69,5.43,1.26,3.85,4.1362,4.6632
46.12,21.18,1.18,16.28,13.95,2.27,1.77,7.03,1.89,7.59,4.5453,3.7353
33.36,42.24,1.62,12.84,15.76,3.26,2.71,5.16,1.26,7.8,4.0872,4.2514
35.44,44.83,1.2,19.85,32.23,3.52,0.61,3.58,2.08,4.14,2.01,7.9643
30.78,49.04,0.84,18.35,32.0,3.94,1.03,2.21,2.97,7.78,1.8177,6.8468
37.79,46.7,0.8,31.62,39.26,1.22,2.23,5.57,0.6,3.18,1.4188,13.53
24.91,38.02,1.14,10.73,13.89,1.65,2.56,2.35,0.92,5.78,4.8522,3.2296
31.73,35.9,1.63,20.04,25.7,3.27,2.52,3.92,0.95,1.53,2.6395,7.4687
49.08,20.84,1.41,27.94,10.49,2.62,2.46,6.78,1.62,2.01,6.4891,4.7238
27.74,27.4,1.53,16.58,17.01,1.98,0.82,1.9,0.6,7.05,3.9923,4.7069
39.7,33.79,0.92,31.57,20.37,1.62,1.49,1.9,1.69,7.26,3.1762,7.0137
29.76,38.86,1.22,13.03,19.26,1.84,2.96,2.57,2.82,4.73,3.498,3.7395
43.2,36.72,0.57,11.15,28.34,2.29,2.97,4.86,0.53,3.38,2.2213,3.517
23.93,42.28,1.73,16.0,10.12,1.53,2.01,2.76,1.41,4.16,6.9243,3.7312
49.09,28.39,1.98,21.77,16.97,3.89,2.27,4.52,2.4,7.09,3.926,6.1866
33.61,36.95,1.11,10.33,14.77,1.32,2.88,3.11,0.89,2.48,4.5696,2.9466
27.08,22.64,0.52,13.04,15.68,3.96,1.62,4.54,0.69,3.06,4.1809,2.4633
22.2,32.41,0.75,12.23,10.75,3.53,0.84,2.94,2.08,6.5,6.2205,2.3337
25.09,42.5,1.48,16.23,32.87,2.27,2.17,7.86,0.52,7.55,1.4842,7.2888
35.59,40.8,1.42,13.55,31.62,3.22,2.9,4.45,2.5,1.65,2.1037,5.8806
30.11,49.72,1.68,16.24,38.92,3.01,2.24,6.21,0.67,6.63,1.3721,8.9272
44.87,28.34,0.88,24.41,12.03,1.64,2.51,5.9,1.81,5.52,5.5578,3.8626
32.93,34.95,1.65,18.23,22.57,2.02,1.56,4.43,2.35,2.62,3.0251,6.1824
27.46,29.89,1.53,22.14,10.21,2.54,0.74,2.67,1.11,6.29,6.6809,4.4791
38.51,33.22,0.98,11.07,25.45,2.91,0.92,4.58,0.76,6.1,2.3996,4.4848
41.2,45.71,1.32,34.92,32.2,2.63,2.96,5.77,0.94,1.99,1.8731,12.8227
25.01,40.53,0.72,15.83,23.56,2.42,1.73,4.22,2.64,4.52,2.6779,4.4607
25.03,46.47,1.18,17.98,32.99,2.33,0.53,1.57,2.26,6.31,1.8956,7.3995
21.1,26.11,1.82,12.63,11.05,2.49,2.89,1.13,1.0,2.34,6.4367,3.7185
42.09,46.2,1.13,22.3,26.49,2.3,1.74,3.3,2.29,4.24,2.4254,7.1032
39.91,21.79,1.76,31.91,11.98,2.62,2.59,2.05,2.27,1.85,5.9163,5.8629
34.24,46.66,1.39,27.24,40.79,3.66,1.87,7.34,2.99,3.15,1.3204,13.041
45.33,29.87,0.79,17.24,22.75,2.9,0.75,2.23,1.48,2.53,3.0183,4.7689
44.17,29.44,1.37,15.81,20.59,3.17,2.04,3.76,2.66,4.54,3.2477,4.5344
37.56,35.36,1.26,21.2,29.01,2.79,2.99,5.98,1.62,1.99,2.2174,7.6021
46.05,48.22,1.1,37.95,21.52,2.93,0.59,6.71,2.74,3.68,2.891,9.6855
26.18,21.43,0.68,13.6,15.8,2.74,2.6,4.34,0.73,2.93,4.1985,3.0829
23.36,30.57,1.13,15.45,15.06,1.08,1.09,2.27,0.94,6.22,4.415,3.5731
28.09,45.7,0.61,19.27,32.49,4.0,1.48,2.9,2.62,5.9,1.8109,6.9875
21.71,31.88,0.65,15.23,22.43,1.1,1.43,3.93,2.55,1.66,2.9292,4.4017
35.94,25.97,1.12,21.81,10.2,2.19,2.75,3.55,1.26,7.67,6.6136,3.3724
48.1,32.74,0.96,23.32,16.41,1.32,1.76,3.44,1.99,6.21,3.9616,4.8531
21.18,31.57,1.89,15.98,10.32,1.29,1.62,1.92,1.46,5.31,6.7933,3.9278
23.66,47.46,1.06,15.3,42.37,3.38,2.55,7.39,0.53,4.34,1.1373,8.1397
33.57,42.86,1.64,23.53,13.4,2.28,0.62,1.21,0.57,2.25,5.2915,5.1915
48.02,35.15,1.3,21.39,20.94,3.4,0.72,4.08,0.64,7.73,2.9969,6.2069
29.48,49.65,1.56,19.7,37.39,1.82,0.55,7.86,1.99,1.06,1.6658,9.6052
35.22,33.96,0.89,15.21,13.82,1.77,2.22,5.62,1.2,5.85,4.6316,2.9583
21.25,21.75,1.91,11.53,13.27,1.75,1.81,3.49,0.86,4.55,5.1922,3.9346
24.45,27.87,1.3,16.75,17.82,2.85,2.69,2.02,2.85,7.32,3.6926,4.363
49.6,33.08,1.75,28.04,12.9,3.44,1.75,7.75,0.8,3.66,5.1134,6.4598
48.95,24.71,1.05,33.2,17.56,2.36,1.05,1.1,2.18,4.63,3.9091,7.0252
20.15,48.43,0.65,11.39,20.01,2.14,2.51,5.77,2.74,6.2,2.9621,2.6873
48.55,43.01,1.51,30.09,15.91,3.92,1.24,7.16,0.91,1.33,4.1747,6.6154
39.17,28.05,0.51,20.73,17.28,1.35,2.84,1.18,1.04,1.38,4.0904,4.0403
46.04,37.72,1.21,28.53,19.32,2.46,1.13,6.08,1.93,2.48,3.3954,7.2029
33.64,41.64,0.79,15.42,34.52,2.23,0.92,7.99,1.77,2.02,1.6537,6.1173
35.47,48.24,1.44,24.64,39.25,1.29,1.73,5.48,1.8,1.05,1.631,11.5883
34.67,46.45,1.97,25.85,25.2,1.8,0.63,3.9,1.89,5.36,2.5982,9.0969
40.01,35.46,1.2,16.5,17.35,1.09,0.59,7.12,2.87,6.57,3.5861,3.9321
24.19,43.24,1.73,12.76,19.19,3.63,1.74,4.88,0.63,7.7,3.3092,4.8928
20.9,36.86,1.26,13.9,15.85,2.82,1.04,6.25,2.4,4.09,4.1275,4.1667
29.24,36.58,1.24,19.9,21.75,3.45,0.52,5.11,1.08,2.96,2.9888,5.7954
41.14,23.44,1.9,28.41,16.8,2.56,1.24,1.27,1.43,7.05,4.0035,7.3828
26.06,23.78,1.83,17.55,12.73,2.8,1.69,2.49,0.72,6.91,5.278,5.0065
40.2,35.89,1.68,19.9,13.97,3.1,1.49,1.55,1.61,5.37,4.9202,4.9678
49.1,28.07,0.94,23.46,16.21,3.72,0.84,1.75,2.51,2.91,4.2419,4.6003
22.82,20.63,1.32,11.99,10.39,1.28,1.95,1.11,0.75,7.36,6.6718,2.9615
40.18,41.69,0.84,13.95,28.71,1.99,2.28,3.95,1.19,2.25,2.2118,5.2106
33.31,20.97,1.17,22.68,13.1,3.13,2.19,2.25,1.43,1.31,5.4507,4.2561
46.04,37.86,1.23,12.89,21.35,3.88,1.48,6.99,0.76,6.58,2.7809,4.4137
25.31,36.18,1.75,19.67,16.36,3.94,0.84,6.25,2.41,4.95,3.9751,5.3044
40.78,49.06,1.84,31.31,40.82,2.91,1.75,5.01,2.47,2.73,1.5695,15.1048
45.14,34.53,1.12,35.85,11.77,1.58,2.73,4.42,2.59,5.7,5.6125,5.4469
48.34,21.91,0.53,40.23,16.01,1.36,1.67,2.79,1.96,6.37,4.0217,6.8917
40.5,36.55,1.79,20.42,18.12,3.84,0.99,4.32,1.77,6.91,3.5022,6.0264
34.92,45.23,0.76,26.86,36.62,2.3,0.73,5.49,1.16,2.97,1.5865,10.8798
38.54,49.91,1.43,13.72,35.44,1.58,2.86,6.48,2.14,1.18,1.733,6.6454
46.07,32.91,0.54,10.67,11.87,3.8,2.36,1.57,1.61,4.57,5.8391,1.8228
37.12,29.61,1.1,27.36,22.15,1.31,1.28,5.96,2.93,6.99,2.6619,7.2291
20.91,47.2,1.98,10.44,31.97,3.19,1.24,6.2,2.92,2.45,1.8833,5.7663
47.93,25.74,0.65,42.55,10.35,2.88,2.74,4.91,2.76,3.95,6.5166,5.2217
40.69,38.46,1.14,27.33,13.14,1.26,0.94,2.5,1.4,2.79,5.3325,5.0871
40.3,32.17,0.96,29.06,20.91,2.02,1.84,4.77,1.42,1.09,3.3033,7.1414
26.47,21.23,1.86,12.82,14.13,1.45,2.28,4.52,2.63,7.29,4.6448,3.8108
39.77,30.42,1.8,26.69,21.51,2.81,1.49,4.33,2.32,1.95,3.1649,7.8796
31.82,27.96,0.86,10.73,19.33,2.43,0.6,4.22,2.26,6.37,3.2544,2.944
39.54,40.58,0.62,30.56,26.87,1.01,1.07,1.78,1.2,3.43,2.4839,9.0053
23.2,48.46,1.44,11.39,35.64,3.93,2.75,2.28,2.58,2.94,1.8328,5.6158
39.74,28.04,1.0,27.25,17.5,2.05,1.81,1.68,1.95,7.59,3.7111,5.9029
49.98,44.34,1.51,17.85,17.65,1.77,2.54,2.7,1.62,5.6,3.7844,4.7115
21.45,21.66,0.55,10.44,16.08,1.67,1.89,2.84,2.66,5.81,4.0724,2.3265
49.32,36.14,0.7,26.52,10.39,1.48,2.86,2.72,1.49,6.32,6.4969,3.2226
32.21,22.12,1.53,12.91,12.61,4.0,2.77,2.48,2.13,3.39,5.4845,3.4787
46.12,48.02,0.82,32.7,34.07,1.89,1.71,6.15,1.66,4.95,1.6431,11.9255
43.47,42.99,1.79,16.76,21.96,2.22,1.3,6.73,1.98,2.89,2.9522,5.9689
37.01,39.74,0.59,17.54,10.61,3.61,2.0,3.29,0.6,6.84,6.2869,2.324
42.15,44.72,0.82,25.41,11.96,2.93,2.19,3.14,1.65,5.2,5.5903,3.9491
46.36,39.43,2.0,18.94,25.84,2.11,1.75,6.91,1.89,2.7,2.5182,7.3305
32.12,49.07,1.15,16.47,42.87,3.69,2.56,5.37,1.73,7.3,1.1023,8.4206
29.81,41.42,1.55,22.08,24.58,3.25,0.96,3.05,2.62,5.07,2.7396,7.3774
40.03,47.74,0.77,14.49,26.59,1.68,1.34,6.0,1.28,4.47,2.1846,4.8774
44.24,35.51,1.41,12.4,16.53,2.93,2.22,3.41,2.71,1.24,4.2729,3.8256
42.87,23.51,1.59,19.15,12.18,3.77,1.12,5.11,1.51,7.37,5.3085,4.3912
43.93,35.85,0.97,22.28,10.44,2.49,1.6,7.95,2.24,7.67,6.0548,3.4726
33.07,23.81,1.74,19.8,12.4,3.2,2.91,3.11,0.72,4.94,5.5093,4.6192
44.54,37.77,1.41,21.0,20.23,3.91,2.06,7.51,1.0,4.1,2.9821,6.3123
23.61,34.47,1.08,16.8,13.86,3.07,2.87,3.24,2.4,3.52,4.9681,3.3536
36.33,38.68,1.34,10.84,12.07,1.31,2.31,4.78,0.53,2.88,5.6751,2.9887
20.17,20.3,1.37,12.23,13.8,1.73,2.31,4.22,2.92,5.02,4.9245,3.1195
29.74,25.85,0.75,15.63,19.7,2.79,1.98,6.48,0.98,1.9,3.277,3.7604
30.99,34.74,1.1,20.36,28.49,1.83,0.86,1.43,2.75,7.43,2.1893,7.5022
31.89,48.52,1.02,26.32,30.71,3.87,1.8,5.39,1.79,2.23,2.0354,9.3433
40.86,31.51,1.1,23.2,10.87,2.22,1.13,6.32,1.91,6.22,6.0172,3.8835
31.66,32.73,1.64,26.44,23.14,2.37,3.0,4.31,0.71,3.15,2.862,8.1134
33.46,41.44,1.22,15.58,12.91,3.1,1.17,1.74,1.41,2.58,5.3849,3.8118
27.13,38.11,1.91,10.37,25.48,2.57,1.08,2.71,0.89,4.91,2.6359,5.2033
31.2,28.97,0.94,12.68,20.89,2.15,2.06,5.76,1.81,6.36,2.8968,3.6965
26.82,32.32,1.12,14.67,22.58,1.23,1.78,7.27,1.88,6.09,2.6072,5.0722
22.2,26.53,1.68,12.28,20.98,2.79,0.55,3.95,2.27,2.64,3.3889,4.6215
38.1,48.98,1.32,12.24,35.08,3.6,0.82,4.92,2.7,3.31,1.7382,6.0294
40.05,23.92,1.32,20.84,16.18,3.06,2.53,2.6,1.67,7.08,4.0826,4.9906
38.58,31.16,0.58,17.97,14.23,2.14,1.71,3.89,1.08,6.06,4.5837,3.2539
33.9,20.78,1.1,12.32,15.34,1.38,0.87,3.36,1.33,5.99,4.3618,3.2597
31.39,26.65,0.91,14.85,12.09,3.45,1.66,5.59,2.62,2.88,5.5926,2.6089
45.9,43.41,2.0,37.39,35.71,3.83,1.13,7.89,0.86,6.54,1.4669,16.197
35.57,26.04,0.96,16.21,13.45,2.16,1.06,6.69,2.07,3.51,5.0174,3.2207
34.38,22.4,1.83,23.83,10.96,3.19,2.89,2.35,0.53,3.81,6.3545,4.544
20.77,34.23,1.51,13.53,25.9,2.23,1.41,5.04,1.11,3.01,2.4999,5.3593
30.24,20.3,1.01,16.51,10.01,2.51,0.62,1.46,1.98,1.85,7.1228,2.8474
31.41,22.54,1.32,13.92,16.28,3.51,2.93,2.73,1.64,3.94,4.1505,3.5666
31.96,44.23,1.76,16.26,17.67,1.25,2.49,2.21,1.73,1.12,4.0958,5.122
37.41,43.14,1.83,23.27,34.9,2.59,1.14,3.35,2.15,4.19,1.8305,10.3772
36.01,47.45,0.74,17.37,32.44,1.64,1.52,5.75,1.09,6.08,1.7372,6.476
38.24,45.64,1.01,14.99,30.41,2.02,2.66,4.5,1.2,7.73,1.8903,6.1212
42.95,40.5,1.0,13.25,19.31,2.93,1.39,7.53,2.21,1.55,3.3442,3.9492
44.39,21.57,0.56,35.86,10.39,1.08,1.92,2.49,1.85,2.97,6.6157,4.312
41.54,43.49,1.4,21.69,33.65,2.78,1.84,3.55,0.54,4.46,1.8452,9.5173
48.67,45.37,1.78,31.05,15.19,1.85,1.5,3.31,2.18,2.19,4.6102,7.007
20.55,43.97,1.07,12.72,20.79,3.01,2.1,2.65,2.05,1.82,3.3686,3.8251
25.87,35.25,1.61,19.49,22.16,1.42,1.68,7.95,0.7,4.17,2.7981,6.2844
20.23,26.99,1.44,12.86,15.78,3.21,0.55,3.71,2.37,5.07,4.2637,4.155
39.42,45.36,1.06,21.74,16.03,2.94,2.54,7.58,1.81,6.74,3.8682,5.0381
46.94,41.81,0.71,39.53,13.77,3.91,0.78,3.73,1.01,7.98,4.7205,6.5133
27.3,49.42,1.56,18.86,14.24,3.73,1.66,2.43,1.9,6.42,4.7248,4.9603
47.81,24.67,1.78,13.66,18.35,1.85,1.95,1.83,1.99,2.55,3.8651,4.2375
21.81,26.77,1.53,11.21,10.37,1.08,2.26,6.99,2.8,6.24,6.3879,3.4173
48.03,26.35,0.53,36.0,21.09,2.97,1.53,1.22,2.36,4.76,3.1218,7.9748
30.55,43.78,0.82,23.0,15.71,2.81,2.34,7.75,1.25,4.16,4.0887,4.9617
23.04,25.61,0.6,14.38,11.17,1.08,0.83,3.93,0.8,7.55,5.9379,2.6971
34.58,22.0,1.36,20.85,14.04,1.37,2.13,2.73,2.63,5.91,4.8573,4.6388
27.7,49.96,1.63,18.03,12.8,2.75,2.57,5.32,2.62,5.77,5.159,4.1722
28.55,20.74,0.67,15.95,13.46,3.74,2.72,1.93,0.94,1.08,5.2459,2.811
29.22,45.06,1.76,19.67,35.57,3.72,1.95,1.51,0.66,7.06,1.8129,8.9905
44.09,30.96,1.33,13.16,10.76,1.45,1.28,6.79,2.28,6.55,6.1842,3.246
36.17,45.25,1.53,30.35,34.19,2.15,0.91,3.97,2.31,3.09,1.816,11.8498
29.34,36.64,1.96,20.76,18.54,1.13,1.36,4.63,0.94,3.04,3.6698,6.4927
38.31,47.05,0.63,24.71,15.11,2.41,1.85,2.24,2.17,1.37,4.6047,4.5793
41.48,47.79,1.85,18.38,15.77,3.26,0.99,1.43,1.2,1.36,4.659,5.6019
28.18,20.27,0.69,12.12,14.84,3.37,2.88,3.57,1.15,5.68,4.3129,2.1238
32.41,22.26,1.09,17.13,10.8,2.5,2.74,4.54,1.31,2.3,6.3335,2.8108
23.66,27.51,1.78,15.73,20.84,1.29,0.58,6.36,1.8,7.46,2.9889,5.5861
25.43,40.08,1.86,16.61,23.65,2.14,1.9,4.51,2.51,6.9,2.616,6.2919
40.43,46.65,1.26,19.73,11.24,3.8,2.47,6.48,1.75,3.44,5.9292,3.8597
25.44,33.8,1.39,16.4,18.73,1.69,1.11,1.81,1.25,3.66,3.7589,5.0445
35.75,38.21,1.56,26.89,28.97,1.96,1.81,1.45,2.71,3.29,2.3159,9.4701
41.27,25.65,1.75,10.69,17.74,3.24,1.51,2.11,0.64,1.65,4.0696,4.4284
23.21,44.15,0.68,13.7,24.25,3.2,0.99,6.4,2.49,1.22,2.5582,4.1415
37.02,49.02,1.72,26.7,39.26,3.74,2.04,6.32,2.46,4.16,1.3969,12.7038
27.7,28.06,1.22,16.93,11.57,2.16,2.98,1.99,1.13,7.6,5.8324,3.8763
48.89,34.84,1.18,32.08,28.06,2.54,1.41,1.22,1.0,7.42,2.192,10.6683
34.51,22.58,1.14,20.08,16.42,2.4,1.88,5.8,2.69,6.67,3.8592,4.7372
44.18,36.77,1.26,38.94,25.42,3.78,1.32,6.99,1.9,5.4,2.41,11.8493
36.51,35.08,1.92,11.17,26.43,3.31,2.69,6.28,0.62,6.99,2.2264,5.6687
21.3,24.33,1.32,13.09,15.08,3.49,2.66,2.42,2.73,4.61,4.6058,3.3085
38.99,33.26,1.93,12.19,22.33,1.4,0.95,5.09,1.37,2.26,3.0442,5.634
48.54,30.02,0.77,15.36,18.42,3.38,2.75,6.3,1.36,5.79,3.4021,3.4944
38.05,35.65,1.59,18.83,17.34,2.3,0.88,2.79,2.11,7.44,3.6528,5.1492
44.58,37.57,1.72,14.6,22.84,1.07,0.74,4.69,2.15,1.14,3.0431,5.4435
46.53,20.25,1.52,40.38,11.35,1.18,2.13,3.2,1.38,2.76,6.1767,6.7572
26.84,42.83,1.41,21.21,22.25,3.03,1.46,2.58,0.86,2.86,3.0647,6.7277
26.36,41.39,1.35,13.82,17.41,2.12,1.83,7.79,1.88,1.69,3.8629,4.268
38.33,30.99,1.79,24.92,11.96,3.6,2.13,7.39,2.06,2.58,5.6328,5.3749
32.33,21.59,1.73,19.25,12.12,3.2,0.63,4.12,2.65,3.69,5.6023,4.6414
45.2,42.65,0.68,34.63,33.56,1.07,1.23,1.96,1.71,7.58,1.7617,12.4139
47.0,48.66,1.77,30.08,22.83,3.06,1.65,6.1,2.11,7.02,2.5831,9.2665
30.6,27.2,1.12,10.0,19.13,1.58,1.17,2.79,0.64,7.62,3.3336,3.2946
27.11,29.71,0.88,19.24,12.58,2.27,0.62,2.18,2.74,1.84,5.6399,3.1465
43.42,25.51,1.8,31.22,14.46,2.87,0.72,3.67,1.32,1.2,4.9065,6.922
28.24,37.31,1.15,16.75,12.56,3.62,2.5,4.71,2.08,1.77,5.471,3.4767
44.68,24.65,1.71,36.8,11.34,2.37,2.78,1.68,2.79,7.4,6.0072,6.0541
32.71,30.69,0.9,26.09,19.68,3.43,0.88,5.0,2.53,2.1,3.4302,6.5638
40.03,40.91,0.51,23.11,25.74,3.35,1.12,1.11,2.09,5.01,2.4619,6.4743
22.87,36.8,1.24,14.78,14.65,2.24,2.13,7.24,2.26,2.59,4.5517,3.6157
38.72,31.59,0.65,33.63,17.87,2.5,2.89,7.45,2.8,1.14,3.7463,6.2966
33.55,32.61,1.63,15.54,25.2,3.1,1.25,6.13,2.53,1.59,2.6417,6.1698
37.6,36.86,0.91,17.34,13.81,1.09,2.64,4.27,2.02,5.97,4.7464,3.0563
25.04,20.18,1.17,11.84,10.1,3.67,1.77,2.78,2.15,2.28,6.9361,2.6155
42.11,22.36,0.63,34.28,14.8,3.31,2.89,6.21,0.87,2.6,4.4316,5.5552
45.88,46.44,0.93,32.99,11.68,1.75,0.84,7.52,1.68,3.64,5.6237,5.0217
26.5,22.34,1.67,11.22,17.19,3.94,2.93,2.11,1.25,5.6,3.9477,4.1147
22.87,41.2,0.73,17.73,25.97,1.54,1.6,4.26,1.58,4.29,2.4325,5.1485
20.71,47.6,1.47,14.17,25.34,3.74,2.88,3.21,2.16,7.61,2.5092,4.959
39.26,28.12,1.88,30.63,15.64,1.97,1.65,3.5,0.87,4.04,4.2847,7.1674
38.21,31.11,1.52,11.12,19.23,3.29,1.83,3.84,0.54,2.39,3.436,4.3571
36.4,37.07,1.72,20.81,12.0,2.37,2.51,7.66,1.49,4.75,5.5916,4.7458
26.96,46.45,0.66,18.35,39.25,3.21,2.31,2.81,1.31,4.16,1.5428,7.7574
31.73,48.26,0.88,19.08,30.81,1.47,2.05,4.45,1.55,6.51,1.8664,7.2264
37.83,42.19,1.84,25.22,15.0,1.81,1.54,7.66,2.83,7.55,4.2157,6.3665
34.9,22.6,1.57,26.28,14.27,1.3,2.48,4.33,2.27,6.85,4.5981,5.844
49.63,40.07,1.46,22.96,13.34,3.6,2.87,7.05,1.32,3.72,5.0663,4.689
24.09,32.31,1.5,17.72,10.3,1.89,0.52,1.41,0.95,2.51,6.9181,4.1282
40.85,34.12,1.12,14.21,22.06,3.08,1.97,7.67,2.05,7.4,2.5783,4.4831
32.13,21.47,0.57,14.64,14.2,3.46,2.66,2.31,2.14,3.7,4.7745,2.3036
32.85,25.73,1.68,10.77,16.26,3.7,2.13,7.86,1.71,6.39,3.8447,3.8622
41.53,43.72,1.52,19.67,15.27,1.32,2.5,2.23,1.03,7.93,4.2886,4.719
40.77,33.62,1.21,19.79,21.24,3.68,2.74,4.11,0.57,5.04,3.1153,5.5429
49.74,29.05,1.85,37.97,10.79,1.59,2.38,3.16,1.16,4.36,6.4402,6.2903
23.85,31.52,1.0,15.78,20.06,3.21,2.29,4.03,1.64,5.9,3.1092,4.4707
23.12,45.63,0.94,13.55,26.97,3.19,2.91,2.75,2.47,2.36,2.5102,4.5137
41.73,42.47,1.81,27.43,28.0,1.03,2.66,7.76,2.63,4.42,2.1981,9.6768
37.35,28.17,1.7,11.18,21.79,1.66,2.54,3.14,1.53,3.19,3.1876,4.676
28.22,23.53,1.27,12.38,17.25,2.48,0.72,5.57,2.49,2.15,3.8488,3.7245
22.38,27.56,0.7,14.63,22.32,2.26,1.1,1.96,2.98,5.27,2.8568,4.1108
22.57,47.62,0.82,14.85,41.85,3.76,1.89,6.77,2.29,5.03,1.2724,7.0587
46.83,37.45,1.48,34.64,27.34,2.08,2.27,4.8,2.32,6.33,2.1268,10.9483
25.76,36.0,1.08,14.33,30.09,3.81,1.26,7.86,2.77,7.11,1.7546,5.427
29.7,37.89,1.75,20.62,29.85,2.38,0.73,3.96,1.35,2.54,2.2171,8.3493
26.8,30.98,1.92,18.07,21.63,3.89,1.28,2.37,0.53,6.46,3.1233,6.7277
30.65,44.21,1.71,25.08,12.2,3.21,2.43,3.42,2.97,3.57,5.6288,5.3
22.08,35.7,1.07,11.52,11.02,3.49,2.69,6.16,1.73,5.4,5.9807,2.1181
35.57,23.5,1.68,21.35,17.12,1.31,2.78,5.61,2.46,6.95,3.7475,5.6303
22.03,23.87,1.03,14.23,14.34,2.76,1.45,6.45,2.53,2.79,4.6657,3.4146
44.01,36.11,0.75,38.97,27.19,1.43,1.43,1.51,1.49,5.21,2.4367,11.1191
27.01,48.1,0.55,12.42,20.36,1.89,1.52,5.06,1.85,4.36,3.1202,2.9287
36.2,29.25,1.08,21.09,15.67,2.87,1.44,7.53,1.85,6.53,3.9868,4.5934
46.4,46.09,1.86,20.87,31.77,3.18,2.17,1.76,1.05,5.88,2.1073,9.3048
39.53,42.92,0.86,22.9,35.56,1.12,1.4,1.66,0.79,6.39,1.626,9.3199
35.99,27.43,0.81,14.87,11.09,2.59,0.55,6.02,1.86,3.02,6.0328,2.773
29.73,21.09,1.95,10.7,15.25,2.7,1.6,3.21,0.8,5.93,4.3645,4.4444
29.99,23.06,0.54,18.58,16.39,1.24,1.06,5.61,1.37,5.24,3.7405,3.5344
40.08,41.85,1.68,18.42,18.47,2.5,0.57,4.82,0.97,4.2,3.6301,6.0967
49.82,25.99,0.98,16.34,13.9,3.14,1.68,7.9,2.27,3.65,4.7353,3.2158
39.86,31.14,0.56,18.05,10.75,1.16,1.01,7.22,2.68,3.32,6.2084,1.8497
36.73,35.05,1.88,11.07,10.32,3.28,1.63,5.75,1.94,1.07,6.7981,3.2393
41.92,41.76,0.71,35.59,22.77,2.73,1.19,2.83,1.53,2.19,2.9653,8.8704
33.96,23.4,1.33,21.02,10.8,3.5,2.01,2.83,2.99,1.41,6.5431,3.6953
21.8,32.19,0.91,15.54,13.34,1.65,2.98,7.18,0.55,6.94,4.8327,2.9791
36.87,34.55,0.6,19.25,26.56,3.5,1.87,5.1,1.26,7.02,2.2241,5.7267
48.73,36.22,0.57,40.47,22.12,1.28,2.12,6.52,1.2,6.92,2.5886,9.7225
25.26,44.55,0.67,14.96,28.72,2.21,2.8,4.15,1.39,6.73,2.0686,4.9786
40.7,25.15,0.61,24.75,11.9,1.6,1.44,1.72,1.08,2.55,5.9163,3.7352
26.03,44.23,1.64,15.42,34.23,3.63,0.92,3.33,1.16,4.44,1.8974,7.3164
36.07,40.79,1.23,25.45,32.38,3.11,1.21,2.13,1.14,7.35,1.8764,9.7459
22.9,36.68,1.01,14.48,21.34,1.08,1.51,6.47,1.76,6.32,2.8299,4.4243
33.51,40.99,1.13,15.03,33.71,1.03,2.11,5.9,1.48,1.01,1.8139,6.4203
42.68,32.36,1.89,14.03,24.67,1.87,0.51,1.62,2.1,4.22,2.7181,6.1351
30.43,24.15,1.87,19.35,16.69,1.43,2.63,5.35,1.79,1.07,4.1884,5.7102
39.95,39.97,1.57,22.2,28.33,2.89,0.69,7.12,0.96,2.96,2.1221,8.5194
43.86,35.74,1.83,12.77,12.19,2.99,2.75,5.88,2.53,4.05,5.4849,4.0854
47.82,39.18,0.98,22.98,16.55,3.83,2.87,4.58,1.68,7.25,3.7238,4.7109
27.04,30.14,1.07,16.2,11.01,3.86,2.98,3.18,0.88,5.58,6.139,2.8415
31.98,47.21,1.42,24.04,10.28,2.98,2.52,7.21,0.92,3.54,6.5799,3.905
24.57,37.62,1.44,10.73,13.58,1.02,0.85,3.96,2.49,4.43,5.0119,3.4252
49.77,22.56,1.22,22.12,16.66,2.08,2.27,6.99,2.26,6.72,3.772,4.9521
47.81,33.49,1.1,36.99,14.44,2.54,1.01,6.48,1.77,3.1,4.5651,6.9674
36.2,42.69,1.98,23.75,36.86,2.5,2.74,6.71,1.27,5.31,1.5422,11.3714
45.26,43.82,1.73,18.77,27.22,2.81,1.29,7.93,1.65,2.84,2.3047,7.3452
35.63,34.84,1.15,27.44,14.71,3.88,1.32,6.24,2.09,4.36,4.4708,5.2122
38.71,46.84,1.59,21.69,25.83,3.66,2.79,1.24,2.7,1.17,2.7778,7.6102
22.67,28.03,0.9,13.82,12.85,1.33,0.53,2.44,1.89,6.97,5.1981,2.8805
42.66,32.32,0.65,37.01,27.04,1.8,0.98,1.25,1.19,1.34,2.4811,10.8191
23.83,46.96,1.03,18.36,37.08,3.5,1.55,2.33,0.61,2.57,1.7866,8.2566
44.78,46.89,1.1,20.68,10.84,3.47,2.25,1.43,0.94,3.33,6.4401,3.6316
43.46,40.57,0.52,14.0,34.24,1.83,2.12,4.51,2.13,5.38,1.7228,4.9862
41.26,45.77,1.72,18.55,32.19,3.19,2.17,1.2,0.9,6.04,1.9832,8.3516
21.08,22.66,1.04,10.19,10.63,3.02,2.7,4.31,1.7,1.56,6.5425,2.3647
29.09,45.95,1.37,10.29,30.76,2.42,0.8,7.29,2.25,1.3,2.0109,4.9886
27.89,29.62,0.61,15.1,19.46,1.6,1.81,6.24,1.27,6.59,3.0668,3.6732
30.8,25.35,0.76,24.87,12.26,3.67,2.31,7.61,2.17,5.99,5.2461,3.8906
22.63,27.18,1.83,16.65,19.24,3.03,2.09,2.59,1.95,6.82,3.4091,5.4711
48.11,32.54,1.41,26.93,11.53,1.51,1.62,4.72,1.6,5.74,5.9149,4.8156
36.61,27.54,1.93,22.22,16.14,3.11,0.54,3.23,2.74,6.26,4.0513,6.5897
29.17,29.62,2.0,10.08,10.15,3.22,0.65,4.46,2.23,3.65,6.8746,3.9972
31.91,24.05,1.06,13.64,18.77,3.66,0.8,4.9,1.4,5.13,3.4105,3.9177
33.42,28.89,0.95,10.46,20.44,1.67,1.36,1.25,2.51,6.64,3.197,3.3088
38.02,37.17,1.79,27.37,13.52,3.97,0.79,2.63,2.35,2.2,5.2406,5.8804
35.47,33.26,2.0,12.98,16.24,1.46,1.57,5.93,2.48,3.96,4.159,4.5805
47.58,30.4,1.44,38.32,12.47,2.8,0.95,6.41,2.1,6.18,5.2612,6.3914
34.91,42.39,1.69,22.81,31.0,2.97,2.45,4.99,1.45,4.73,2.0403,9.2771
49.76,46.81,1.67,17.98,11.87,2.26,2.68,2.9,1.37,5.77,5.759,4.2977
45.54,42.7,1.03,14.82,33.28,2.43,1.47,3.84,2.14,3.05,1.8559,6.3368
26.26,29.96,1.36,17.06,24.1,3.67,1.78,1.67,0.83,1.23,2.9545,5.8508
47.92,42.33,1.75,39.65,28.49,2.94,2.88,7.67,2.55,1.2,2.2984,13.5934
23.49,24.56,1.53,16.1,12.04,2.49,1.84,7.08,1.43,7.6,5.3401,4.0401
44.52,23.91,0.53,20.29,13.21,1.39,2.99,1.46,2.08,7.61,4.9595,3.4631
31.42,30.37,1.01,19.64,17.33,1.02,0.86,2.17,1.75,2.48,4.0245,4.9859
46.34,44.23,0.72,19.74,27.67,1.37,2.66,5.07,1.8,2.03,2.3175,6.3907
46.04,27.39,0.85,41.02,18.29,3.87,1.74,2.63,2.35,1.13,3.7695,8.5322
44.18,21.9,1.86,31.85,13.82,3.29,0.56,7.54,2.07,2.62,4.8395,6.7486
43.7,23.95,0.56,27.63,13.14,3.9,2.93,6.29,1.13,3.34,5.0052,4.1183
29.14,45.76,0.83,15.99,37.41,1.11,2.91,2.91,0.69,2.69,1.7149,7.3137
22.43,39.01,0.96,14.59,11.95,3.04,1.46,1.04,2.6,6.58,5.7294,2.8864
32.09,27.6,1.43,15.84,15.87,1.13,2.89,6.6,2.71,6.25,3.9853,3.9278
25.21,36.66,1.3,10.29,26.8,3.35,0.85,3.97,0.91,1.57,2.5567,4.6013
40.85,35.83,0.83,20.21,11.27,2.14,2.2,5.5,1.27,5.88,5.8335,2.9733
30.38,39.66,0.75,24.31,27.4,1.29,0.98,3.01,1.21,4.64,2.3856,7.3906
49.27,27.0,0.86,31.46,19.83,2.7,1.12,2.0,2.84,1.93,3.5792,7.2093
39.23,45.93,1.25,12.03,30.44,1.84,2.45,5.73,1.01,6.18,1.8365,5.3459
44.67,29.28,0.91,36.26,10.18,2.98,1.44,4.15,0.92,1.6,6.7629,4.6578
23.98,40.82,1.92,12.41,14.65,2.97,0.52,2.65,0.95,2.24,4.8773,4.4417
45.86,20.48,1.2,17.52,11.88,3.12,1.54,1.96,2.32,2.04,5.9534,3.2034
47.68,31.18,0.59,19.71,13.78,3.98,1.07,5.06,2.72,7.57,4.6436,3.1936
34.61,30.55,1.59,21.32,24.97,2.16,2.21,6.08,1.48,5.89,2.3921,6.9562
38.19,36.3,0.99,22.63,23.88,2.4,0.99,2.99,0.84,3.88,2.7437,6.6519
42.94,22.18,1.48,23.73,12.13,3.41,2.61,6.15,1.96,6.76,5.3796,4.6587
25.25,43.7,0.92,17.35,36.69,2.74,1.17,2.28,1.02,2.51,1.8167,7.1742
35.08,26.53,1.36,16.36,18.54,1.11,1.48,3.37,0.66,7.52,3.3857,4.6509
31.96,40.31,1.66,23.26,17.2,3.53,1.25,6.21,2.72,5.88,3.7128,6.0815
24.39,44.1,1.89,11.65,21.02,1.15,2.11,5.62,2.68,4.92,3.0008,4.7686
31.03,36.86,0.89,22.54,14.36,1.51,0.75,2.89,2.94,6.56,4.5708,4.175
22.05,42.23,1.0,14.68,36.44,1.31,1.7,1.85,1.69,5.51,1.6894,6.571
20.77,39.86,1.2,13.95,22.86,1.23,1.34,1.3,1.24,7.21,2.8481,4.3907
24.05,30.67,1.89,14.36,24.04,1.08,2.71,6.87,2.42,6.8,2.51,5.9163
48.89,44.27,1.85,32.61,20.14,1.17,0.68,1.53,0.95,2.38,3.5782,9.1181
36.49,28.84,0.63,11.71,21.91,2.33,2.57,1.8,1.11,2.68,3.0283,3.032
48.97,37.14,0.7,38.93,11.19,1.76,0.92,2.66,1.14,1.46,6.3159,4.8255
32.97,42.36,1.24,11.0,36.87,1.38,0.72,4.12,2.88,2.54,1.6984,5.5067
29.35,31.37,0.66,12.14,24.93,2.98,1.01,6.53,2.32,3.4,2.4093,3.7844
35.18,29.08,1.02,21.64,15.11,1.68,0.76,2.73,0.83,1.2,4.6496,4.668
33.19,33.78,0.72,23.45,24.55,1.06,1.8,4.8,0.73,3.2,2.5678,6.6206
23.17,44.54,1.45,10.62,32.22,2.26,2.97,1.63,2.61,6.4,1.9812,4.9783
39.22,47.9,1.92,32.31,39.65,1.93,0.59,4.25,2.51,6.88,1.4667,15.3739
26.48,36.35,2.0,21.18,16.56,1.96,1.65,2.24,2.18,1.06,4.3141,5.8954
38.59,39.84,1.06,24.29,21.57,2.34,1.47,2.48,0.99,1.05,3.2366,6.5867
39.51,47.1,1.4,21.79,37.76,3.01,1.35,3.57,1.7,2.02,1.7461,9.9248
24.56,22.96,1.78,17.09,16.19,2.85,1.33,6.33,2.01,7.11,3.9701,4.8854
21.84,26.96,0.68,12.25,14.71,3.81,2.74,6.21,2.83,4.28,4.3821,2.4095
43.42,41.27,1.53,24.02,32.21,2.55,0.55,3.9,0.92,7.88,1.7585,9.5774
33.79,44.71,1.11,27.22,11.4,2.42,2.44,1.83,1.79,7.21,5.8836,4.4537
21.74,45.71,0.81,16.45,34.02,1.64,1.13,2.96,0.89,7.23,1.6278,6.723
49.85,32.45,1.1,42.3,13.61,3.27,1.46,4.54,1.61,1.9,4.9757,7.0011
21.73,22.68,0.61,11.77,12.2,1.42,1.55,7.09,1.0,4.33,5.3183,2.3072
40.85,33.13,1.54,16.01,18.94,2.47,1.26,7.78,2.59,7.96,3.2222,4.8526
49.51,26.92,0.88,20.27,15.36,2.26,0.73,5.46,1.14,2.04,4.4022,4.1236
27.18,28.74,0.97,15.37,17.15,2.97,0.79,3.45,1.54,5.02,3.9064,3.6143
24.27,43.17,0.68,12.91,25.35,3.75,1.25,5.85,1.52,3.41,2.3789,4.0167
23.64,22.27,1.8,13.23,12.41,3.84,2.55,3.35,2.67,3.72,5.4917,3.6239
29.1,44.83,1.24,18.75,15.23,1.5,0.84,5.38,2.39,7.24,4.2055,4.2338
23.03,32.83,1.36,16.12,23.7,1.79,2.36,2.71,0.64,5.12,2.8544,5.546
40.76,37.88,1.35,28.95,19.15,3.43,1.22,2.87,0.67,6.31,3.3859,7.3824
21.87,22.69,1.12,15.59,13.89,2.55,2.71,1.53,1.88,5.71,4.9031,3.6321
35.28,30.12,0.79,10.65,19.75,2.36,1.57,3.94,1.57,4.7,3.1893,3.1591
49.9,22.69,1.62,11.67,17.0,3.13,0.93,5.33,1.19,6.54,3.7772,4.3077
44.42,48.85,0.69,33.22,33.95,2.81,2.96,6.52,2.48,7.8,1.4534,11.7405
38.46,44.22,0.66,22.5,11.33,3.91,0.94,6.67,0.82,7.77,5.5514,3.2759
29.19,33.79,1.57,18.2,25.76,2.75,1.92,7.95,2.94,6.53,2.1575,6.5453
38.72,26.71,0.81,11.25,21.58,2.4,1.92,1.61,0.56,4.41,3.0374,3.2878
35.81,48.0,0.96,15.31,25.59,2.63,1.43,4.45,0.8,2.14,2.4814,4.9966
32.78,30.34,1.21,21.35,24.87,3.43,2.88,4.65,1.28,1.31,2.6622,6.6982
23.92,24.83,1.17,17.67,15.38,2.84,2.61,6.63,1.77,2.62,4.3298,3.864
46.6,36.89,1.56,38.97,20.06,2.94,2.57,2.86,1.04,3.38,3.3765,9.6391
33.49,48.31,1.44,19.25,21.04,3.91,2.94,1.49,2.34,1.91,3.4299,5.8673
25.84,20.11,1.47,15.91,13.36,2.86,1.64,3.2,1.39,2.57,5.1912,3.7467
31.03,27.14,1.57,23.36,12.79,2.14,0.74,7.89,0.6,1.58,5.2905,5.0022
32.42,48.15,0.94,19.37,13.48,3.07,2.41,7.3,2.69,4.67,4.826,3.7628
44.83,25.13,0.98,25.42,10.28,2.98,1.45,3.77,2.86,1.88,6.8514,3.5774
42.01,23.4,1.16,34.44,12.46,1.04,0.98,7.13,2.05,6.2,5.1546,5.9987
43.08,37.11,0.96,32.18,18.75,2.4,1.71,1.23,2.52,3.33,3.7044,6.8193
20.33,45.86,1.98,14.85,27.03,3.23,2.81,3.2,0.8,5.7,2.3503,6.6328
32.48,34.31,1.72,13.82,15.65,2.5,0.93,6.09,1.17,7.18,4.1631,4.6887
34.44,49.84,0.75,20.19,44.28,3.34,2.62,2.55,1.31,1.6,1.43,9.488
20.58,40.38,0.51,14.7,17.4,2.35,1.55,2.39,2.9,7.92,3.6635,3.2105
27.79,22.22,0.56,11.42,13.18,3.95,0.84,7.03,1.78,5.52,4.9306,2.0119
42.81,49.78,0.87,32.1,13.59,1.88,2.62,5.31,0.52,1.37,4.9535,5.45
24.11,32.24,0.67,11.67,14.49,1.28,2.92,7.92,1.45,3.2,4.4751,2.125
36.06,28.62,1.3,27.02,10.66,2.29,1.23,1.94,0.52,7.2,6.3323,4.9533
26.46,36.74,1.79,17.01,22.16,2.63,1.26,3.49,1.09,5.17,3.0885,6.2758
20.36,29.13,1.61,11.04,20.61,2.05,1.48,3.18,1.64,3.01,3.2258,4.7907
27.24,22.59,0.82,15.79,11.49,1.73,2.54,7.16,1.31,7.58,5.495,2.9004
49.28,20.04,1.1,33.37,11.86,3.02,0.53,2.79,0.58,6.51,5.6208,5.6615
44.05,33.49,1.26,28.41,10.31,2.13,1.06,3.47,0.79,6.15,6.5284,4.445
48.79,45.11,1.72,24.44,35.27,2.89,2.26,2.0,1.88,7.22,1.7639,10.7951
34.64,37.17,1.76,27.66,27.29,3.34,1.51,6.43,2.24,6.39,2.2453,9.7481
23.29,49.98,1.86,14.31,12.21,3.28,1.33,2.66,1.51,3.01,5.8162,4.2655
36.44,28.61,1.26,20.85,14.96,2.13,2.68,1.48,2.33,5.09,4.5885,4.5437
33.63,28.41,1.54,11.16,22.81,2.7,2.79,4.05,0.91,6.9,2.742,4.3078
45.33,24.79,0.67,37.97,13.84,2.35,2.87,3.74,0.81,2.27,4.9034,5.8572
22.94,24.92,1.35,11.41,15.22,3.61,1.18,2.24,2.6,2.14,4.6332,3.3608
34.65,28.56,0.87,20.38,14.82,3.64,2.78,1.94,1.35,2.11,4.7011,3.7141
24.5,43.79,1.15,17.64,27.16,2.03,2.34,7.28,1.58,2.36,2.2754,6.2788
29.74,47.17,1.45,13.18,41.47,1.28,0.89,1.47,2.87,1.72,1.6726,7.3097
42.12,49.25,0.89,24.3,44.17,1.5,2.03,1.7,1.56,6.86,1.2196,11.8661
34.28,26.97,0.58,14.64,19.27,2.1,0.57,2.72,0.51,6.73,3.2974,3.679
31.28,46.44,0.52,22.37,22.71,2.69,2.27,7.67,2.84,2.06,2.7139,4.9981
31.83,29.85,0.53,19.5,17.34,2.97,2.33,1.6,0.54,5.94,3.7704,3.7279
33.78,23.39,0.51,26.08,12.99,1.99,2.47,6.71,2.16,5.39,4.9123,4.0244
43.55,46.1,0.67,35.54,40.65,3.0,0.93,7.24,1.31,2.93,1.3447,15.3793
46.76,39.08,0.86,30.61,27.05,3.81,2.07,3.65,1.68,2.59,2.4409,8.8671
48.66,24.94,0.83,34.42,14.46,2.96,0.95,3.06,1.87,2.75,4.8307,6.038
43.61,32.89,1.98,25.71,10.22,1.48,2.87,5.74,1.52,6.11,6.6735,4.992
29.46,28.62,0.96,15.56,17.09,2.74,2.19,5.92,2.44,3.24,3.7634,3.2157
40.64,42.1,0.69,26.62,36.67,2.63,0.74,6.46,2.83,2.95,1.5395,10.7728
33.13,33.6,1.32,26.47,19.73,3.61,0.97,6.81,0.72,1.16,3.2894,7.0459
27.64,49.68,1.79,15.27,16.33,2.05,2.16,2.88,2.5,7.36,3.955,4.7504
45.23,21.64,1.52,19.5,10.15,2.27,1.69,5.81,0.82,6.27,6.7051,3.7519
21.15,30.65,0.94,12.39,15.55,2.8,2.34,1.94,0.7,4.31,4.4541,2.8082
47.05,34.46,1.34,23.96,27.87,2.57,1.2,4.58,2.89,7.6,2.0602,7.9617
33.84,35.09,1.57,11.39,30.02,3.16,2.14,5.29,1.72,3.05,2.1838,5.6737
39.12,29.48,1.59,22.02,23.69,1.12,0.94,2.13,0.88,5.72,2.855,7.0932
39.78,41.88,1.5,22.25,29.6,2.69,1.86,1.54,1.92,3.14,2.2359,8.7815
46.85,46.24,1.81,28.74,27.44,1.37,2.89,2.36,1.16,3.2,2.5511,9.9934
39.1,48.16,1.81,18.74,29.59,1.95,2.07,3.94,1.66,6.91,2.0299,7.635
38.42,44.15,1.37,24.36,25.71,2.98,0.62,7.21,2.06,6.51,2.2509,8.036
22.0,45.52,1.14,16.15,31.58,1.47,2.97,4.72,2.67,3.06,2.1405,6.1147
35.55,36.52,1.46,29.64,19.01,1.93,0.89,6.24,0.51,1.57,3.5962,7.7078
24.51,44.78,1.73,15.55,29.93,3.11,2.3,2.22,1.04,3.5,2.2697,6.7353
42.12,29.11,0.51,11.16,11.72,2.95,1.83,1.74,0.74,6.32,5.8227,1.7497
35.37,31.95,1.99,29.74,14.5,1.27,1.24,2.68,0.74,1.7,4.8137,6.9462
40.41,29.51,0.77,27.93,22.13,2.73,0.94,3.2,2.86,5.7,2.8891,7.1342
21.25,34.02,1.21,12.1,27.19,1.44,0.94,4.84,2.84,7.23,2.1736,4.8222
22.54,28.57,1.81,11.11,17.31,1.76,2.65,7.17,2.37,2.25,3.8753,4.1832
41.49,48.85,0.84,13.8,11.07,2.38,2.68,3.98,2.11,7.04,5.9667,2.5157
22.16,29.39,1.22,11.2,23.33,1.33,1.66,4.63,2.62,1.36,2.9056,4.061
22.14,22.94,0.7,10.33,15.58,3.98,0.76,1.03,0.65,5.67,4.3689,2.5518
20.36,35.8,1.09,14.84,18.61,1.5,2.71,1.23,0.8,6.54,3.4464,4.026
48.7,21.71,0.77,28.22,14.02,3.34,1.72,1.59,1.29,4.11,4.8775,4.66
42.13,23.32,1.05,28.99,13.57,3.49,1.6,5.89,2.58,2.43,4.9115,4.9422
30.6,26.58,1.06,22.92,15.39,3.98,1.52,4.4,1.68,7.47,4.192,4.8265
28.9,33.93,1.99,21.0,26.79,2.29,1.41,2.35,1.76,1.14,2.7628,8.4963
30.49,33.0,1.99,23.67,12.9,3.62,1.82,5.15,1.07,4.89,5.2107,5.8671
43.24,43.99,0.67,37.31,13.01,3.87,2.01,4.81,2.12,3.61,5.0901,5.5609
39.84,42.18,1.59,20.91,10.07,1.52,1.67,1.62,2.72,4.23,6.9706,3.8298
25.56,32.79,0.58,20.03,15.59,2.44,2.74,5.48,1.32,4.76,4.0763,3.6866
25.22,30.01,0.55,17.39,12.21,1.18,1.29,6.37,2.05,4.74,5.3428,2.5282
22.95,29.49,0.66,10.56,13.19,2.86,1.95,3.01,1.33,2.43,5.1998,2.0875
39.81,43.22,1.95,26.91,10.32,2.74,1.25,5.81,2.48,5.76,6.5765,5.4364
42.93,21.56,1.91,29.18,11.49,1.61,2.38,2.4,1.69,1.13,6.2534,5.5818
27.95,20.38,0.79,21.73,11.79,3.39,0.76,6.3,1.35,1.15,5.7794,3.57
20.63,43.87,0.74,12.1,10.91,1.11,0.97,7.38,1.55,4.35,6.1233,2.229
22.47,34.31,0.86,14.37,21.74,3.42,2.5,4.09,0.73,4.79,2.9444,4.2913
49.04,23.93,1.27,10.41,15.08,1.08,0.96,2.71,2.67,2.92,4.5675,3.0146
28.86,27.07,1.35,14.6,11.17,2.97,2.06,3.79,2.9,4.86,6.0893,3.155
43.08,47.98,0.83,11.75,29.62,1.24,2.93,2.75,1.69,4.61,2.0911,4.3004
38.74,45.79,1.63,22.39,40.74,1.75,1.81,1.01,1.05,3.44,1.645,11.1852
31.46,41.29,0.96,23.45,34.83,3.17,0.97,5.55,2.16,5.56,1.5241,9.1962
26.17,34.47,1.88,12.31,10.05,1.84,1.3,1.3,1.63,7.71,6.9088,3.6538
23.64,35.61,1.49,14.56,26.39,2.53,2.56,2.47,1.13,4.44,2.4766,5.6753
38.45,49.26,1.15,14.78,22.11,3.75,1.38,6.06,0.6,6.5,2.737,5.153
43.24,48.97,1.68,13.41,12.16,1.15,2.31,5.66,2.72,2.73,5.6134,3.6363
39.32,26.46,1.73,22.43,13.39,3.43,2.44,1.51,2.49,6.33,5.1189,5.1974
35.91,44.33,0.94,11.65,19.44,1.2,1.75,5.62,2.57,5.54,3.2721,3.2428
21.26,25.92,1.01,13.68,15.71,1.38,2.46,7.51,1.6,5.48,4.0114,3.1959
49.05,26.41,1.9,11.07,17.54,1.36,1.29,1.52,2.38,7.25,3.7825,4.4247
43.96,40.28,0.75,13.09,28.94,3.98,1.79,3.91,1.95,2.63,2.1905,4.6884
28.78,32.15,0.56,17.58,14.22,1.54,2.22,6.11,1.44,3.58,4.6448,2.9684
49.4,47.95,1.18,30.34,20.6,3.69,0.92,5.67,2.61,1.58,3.2506,7.6379
38.06,22.67,1.7,10.67,12.37,3.97,1.18,2.59,3.0,6.08,5.5659,3.4069
37.47,35.35,1.66,22.89,17.38,2.15,2.13,2.14,2.75,6.91,3.8158,5.7772
42.44,47.56,1.88,33.01,42.54,2.89,2.14,6.49,2.44,3.84,1.2824,16.6131
44.35,47.12,1.3,31.2,34.99,3.34,1.73,7.69,2.37,3.5,1.6394,12.3678
39.69,24.7,0.65,13.24,19.45,2.18,2.49,6.37,2.13,5.61,3.1544,3.3831
23.84,31.0,1.38,15.24,21.09,1.49,1.71,7.74,2.63,1.53,3.0795,4.9034
30.15,38.57,1.67,20.18,19.58,2.3,2.7,5.23,1.73,3.06,3.3358,6.2903
47.84,24.78,0.64,11.22,13.81,3.32,2.34,7.5,0.95,3.56,4.6558,2.1407
26.74,49.04,0.76,20.04,26.63,3.34,1.29,5.83,2.42,4.63,2.191,5.9583
31.17,47.44,0.52,24.65,23.52,1.69,1.49,7.36,2.8,4.34,2.5267,6.3563
32.96,25.01,1.39,25.28,18.29,1.52,2.17,2.13,1.35,2.46,3.8408,6.2443
33.18,23.63,1.83,24.99,14.02,3.76,2.74,6.71,2.46,4.79,4.7084,5.9858
38.39,22.56,1.51,27.42,12.24,1.13,0.95,2.38,1.18,7.48,5.5505,5.517
48.29,47.28,1.97,31.09,35.02,3.2,1.79,1.19,2.86,1.19,2.195,13.6738
27.22,25.81,0.59,18.29,19.24,1.14,0.8,4.62,2.21,5.76,3.2755,3.9147
23.65,32.49,1.85,16.97,17.35,3.51,1.2,3.23,1.92,5.37,3.9099,5.6059
25.92,33.47,1.72,17.24,22.33,3.72,2.21,1.3,2.45,7.47,2.9084,5.816
46.61,37.97,0.97,20.36,11.35,1.89,0.69,7.86,2.53,5.52,5.6919,2.9659
39.37,22.15,1.96,19.16,13.79,1.22,2.16,5.67,2.73,5.37,4.8814,5.273
28.58,26.8,0.93,22.18,10.53,2.44,2.75,7.31,2.75,6.39,6.1549,3.1818
44.48,47.94,1.83,10.5,10.96,1.9,2.92,7.99,0.63,2.87,6.1984,3.7394
45.84,47.25,1.82,31.55,29.77,2.25,1.04,3.74,0.81,5.17,2.2246,11.9578
45.4,43.44,1.64,39.02,18.63,2.99,2.37,2.78,2.57,4.64,3.6645,9.2335
47.57,20.58,1.35,33.0,14.14,1.63,2.82,2.29,2.87,4.07,4.8682,6.4171
27.57,29.81,0.68,22.49,23.27,2.07,0.73,4.61,1.27,1.56,2.7657,6.0778
42.65,38.84,1.3,29.01,13.32,3.35,1.54,5.24,0.52,3.05,5.0908,5.5114
33.82,28.26,1.04,10.65,19.6,2.93,2.8,4.31,1.31,2.96,3.4383,3.2118
45.26,47.29,1.69,35.03,26.61,1.98,1.01,3.71,1.46,6.07,2.3579,11.6387
41.85,39.02,1.64,17.64,12.69,2.99,2.83,2.18,2.4,7.44,5.3676,3.6026
43.29,22.16,1.87,22.62,14.66,3.3,1.82,4.09,0.62,2.62,4.7461,5.9704
39.68,47.27,0.52,17.7,29.67,2.78,0.75,1.6,1.03,1.52,2.3212,6.1293
25.32,48.73,1.71,12.77,27.39,1.72,1.62,7.06,2.73,8.0,2.0132,5.6236
36.35,22.33,1.91,19.21,16.79,1.0,1.32,1.33,0.89,5.84,4.0181,5.7831
49.54,35.97,1.68,23.08,20.93,3.41,1.21,3.66,2.4,7.21,3.0207,7.0736
48.12,29.1,0.7,30.98,23.97,3.47,1.85,1.7,1.4,2.01,2.8461,8.4903
21.3,31.79,0.62,15.12,18.55,3.09,1.71,6.42,2.16,6.61,3.2949,3.4443
24.94,25.39,0.53,12.95,11.2,1.23,1.7,3.19,0.68,6.69,5.941,2.0522
23.95,37.34,1.44,11.91,20.51,2.76,0.72,1.79,1.22,2.06,3.4922,4.3364
41.78,48.74,1.44,27.86,16.15,3.46,2.51,4.72,1.56,2.13,4.2434,6.0458
44.53,35.09,1.98,29.8,22.0,2.17,1.7,7.41,2.64,3.07,2.8995,9.0952
26.41,22.49,1.1,20.28,15.19,1.59,2.55,7.36,1.91,2.52,4.2828,4.288
35.18,38.6,1.0,10.32,21.06,2.76,2.56,2.75,0.61,7.83,2.9372,2.9662
45.22,30.21,1.44,35.78,11.49,3.48,1.29,6.04,2.5,3.54,5.8987,5.7394
41.98,45.68,1.74,24.06,24.38,1.15,0.51,1.21,0.64,6.33,2.7117,8.5894
36.27,33.04,1.91,23.21,11.47,2.79,2.78,1.92,2.84,6.64,5.9436,4.9072
37.71,25.79,1.7,12.08,17.36,2.93,2.4,4.5,1.03,3.7,3.9309,3.8186
35.25,25.73,1.14,18.76,18.48,2.81,0.77,2.6,1.72,5.78,3.5716,5.249
28.93,43.06,1.45,13.17,37.01,2.95,2.25,6.59,0.68,1.75,1.6742,6.5789
36.95,27.97,1.78,15.58,11.93,2.89,0.55,7.52,1.9,3.78,5.5668,4.1959
40.67,43.02,1.24,22.94,24.92,1.39,0.57,1.03,1.74,7.77,2.5014,7.5506
46.2,26.18,0.83,35.35,16.34,1.7,1.81,2.63,1.53,2.18,4.2094,6.5321
39.09,29.65,0.75,27.92,23.51,2.86,0.74,4.08,0.59,3.7,2.6263,7.1696
42.83,33.96,0.5,26.45,21.9,1.05,2.91,4.94,2.7,6.53,2.7811,6.0245
24.8,48.3,1.58,15.29,14.84,2.9,2.73,7.41,2.51,5.66,4.2862,4.2707
33.85,47.95,0.67,18.05,24.38,3.0,2.12,7.24,2.08,5.42,2.3534,4.8866
20.28,26.21,0.87,15.14,17.34,1.72,0.66,5.46,1.93,6.97,3.6109,3.6392
27.4,30.75,0.95,16.95,21.03,2.79,1.31,2.8,2.24,1.2,3.284,4.3927
41.79,24.48,1.34,16.8,18.18,2.6,1.43,6.48,0.86,6.4,3.3642,4.6385
49.75,35.3,1.1,18.0,13.66,1.78,1.7,2.42,2.83,7.18,4.9385,3.5868
22.98,33.82,1.51,14.88,27.91,2.39,0.92,7.76,1.21,1.11,2.1937,6.3355
32.04,47.02,0.58,18.91,11.89,3.73,1.94,1.04,2.14,4.91,5.6612,2.7355
44.0,47.9,0.69,10.22,42.37,2.28,1.59,4.99,2.02,3.44,1.3788,5.2034
26.12,31.51,1.25,19.23,24.16,2.89,2.87,1.62,2.09,1.36,2.8631,6.3541
36.65,34.75,1.01,25.25,23.04,1.11,2.84,3.85,2.7,3.92,2.8778,6.9488
41.99,46.89,0.94,27.86,33.44,1.23,1.91,5.44,1.24,5.51,1.7042,10.0992
38.48,44.2,0.6,11.61,12.12,1.24,2.11,5.83,2.37,7.43,5.31,1.8038
25.64,20.11,1.84,13.85,10.21,3.33,0.84,6.5,2.0,5.34,6.5663,4.0713
30.66,29.6,1.54,24.65,11.49,2.05,1.06,5.15,0.69,7.0,5.7308,4.9391
43.51,32.65,0.68,34.6,11.54,1.68,2.75,2.76,1.54,1.85,6.0144,4.2641
36.63,26.89,0.6,16.18,16.51,3.24,2.25,7.22,2.59,2.47,3.8625,2.9721
20.16,25.99,1.96,10.81,12.37,1.51,0.97,6.68,1.29,7.79,5.3154,3.5997
42.83,21.13,1.52,22.5,15.28,1.74,1.93,2.12,1.71,7.21,4.3296,5.3008
21.06,39.3,1.13,12.16,20.83,2.29,2.84,6.79,1.72,2.65,3.099,3.6288
42.37,27.88,1.55,28.67,18.95,1.99,1.36,7.81,2.05,5.35,3.3204,7.3511
26.07,21.57,1.63,20.7,14.29,2.76,0.96,5.46,2.71,3.54,4.6737,5.2789
48.74,26.93,1.67,22.25,13.82,2.01,2.86,2.97,0.93,4.28,4.9992,4.9335
31.04,44.06,1.22,11.0,17.07,2.18,1.65,5.25,1.76,7.03,3.6536,3.217
29.81,45.54,1.14,23.29,20.46,3.59,1.54,3.4,1.56,6.15,3.1235,5.9441
24.47,34.49,0.52,10.36,25.53,3.65,1.17,5.73,1.24,2.67,2.4099,3.3928
29.17,32.48,1.89,23.5,20.25,3.48,2.73,4.81,2.8,3.21,3.2844,7.2666
46.3,49.34,1.4,30.8,18.71,3.59,2.61,7.51,0.52,3.03,3.4446,7.6275
49.89,26.02,0.8,42.86,19.01,2.71,1.51,5.33,0.81,6.46,3.1919,9.1844
31.05,26.46,1.88,13.2,10.63,2.94,0.58,2.5,2.33,4.43,6.6167,3.6914
33.46,28.76,1.87,10.75,19.62,2.67,1.62,6.08,1.16,7.66,3.0917,4.6801
41.66,25.18,1.98,23.02,14.47,3.36,0.95,3.11,2.31,6.72,4.5854,5.7561
46.59,31.38,1.81,24.23,21.98,2.65,0.86,2.91,2.58,2.48,3.1527,7.7074
37.79,47.33,2.0,17.56,39.98,1.33,1.48,3.74,1.14,6.5,1.4575,9.683
31.75,38.46,0.87,26.04,27.6,3.43,0.75,1.08,0.98,4.54,2.4144,8.1941
32.38,32.36,1.76,24.3,17.67,3.28,2.89,7.78,0.86,2.78,3.6991,6.5685
40.87,48.03,1.73,27.11,14.99,3.46,0.62,4.73,1.0,3.54,4.45,6.639
20.1,21.45,0.85,10.83,15.2,1.57,1.5,6.41,1.17,7.8,4.1263,3.0042
38.59,26.31,0.65,27.32,15.21,1.81,0.91,2.8,2.67,4.39,4.3928,4.8793
30.66,36.98,1.97,21.39,11.66,1.89,2.22,6.23,2.43,6.04,5.7313,5.4374
43.83,38.47,0.94,22.25,26.87,2.52,0.7,4.97,0.5,4.34,2.4,7.3163
22.79,21.19,1.81,17.2,11.81,1.4,1.87,3.97,2.69,3.6,5.9237,4.6421
37.65,32.09,0.51,13.78,10.84,2.16,2.43,7.79,0.7,6.57,5.9422,2.0267
34.43,39.47,0.53,15.19,32.09,1.55,2.88,4.46,2.14,6.94,1.6428,5.2204
39.27,40.94,1.2,11.53,22.53,1.79,2.25,5.6,0.88,1.5,2.8704,4.0511
21.95,39.14,0.86,15.52,16.78,3.12,0.75,1.11,0.66,2.95,4.2016,3.8121
37.4,29.62,1.53,23.93,20.47,3.56,0.72,3.11,2.4,4.56,3.2433,6.9746
36.84,22.81,1.35,16.88,16.92,1.07,2.33,7.22,1.67,3.22,3.8322,4.1945
36.82,32.81,0.62,13.57,10.01,2.7,1.04,6.31,2.0,6.49,6.5115,2.1189
38.1,23.86,0.74,10.93,16.1,1.11,1.62,4.76,1.56,1.8,4.2113,2.2599
40.29,48.43,1.08,14.22,35.64,1.26,2.94,7.3,0.67,6.58,1.4774,6.4696
44.15,34.26,0.78,23.21,14.04,3.12,2.55,4.4,2.35,5.33,4.7601,4.0571
28.09,29.52,1.69,13.24,17.11,3.21,2.62,4.97,2.55,3.03,3.9267,4.5646
44.75,42.99,1.12,17.71,12.5,3.44,2.65,3.68,0.6,3.41,5.5116,3.4012
34.95,34.94,0.64,27.47,24.89,2.42,2.05,5.34,1.44,2.28,2.5514,7.2499
22.31,29.3,1.23,13.77,22.12,3.58,2.36,3.23,1.89,2.77,3.0995,4.681
21.76,44.36,0.64,14.93,13.18,1.5,1.4,3.7,2.01,6.02,5.0046,2.3652
30.03,46.01,0.69,10.54,35.32,1.75,3.0,7.76,1.95,3.63,1.4829,4.0331
43.55,40.19,0.86,20.42,29.44,1.4,1.2,1.78,2.23,5.81,2.2017,6.9998
41.23,21.41,1.79,22.57,12.22,3.39,1.98,1.74,2.92,4.6,5.7173,4.9441
43.66,36.99,1.89,15.34,25.18,1.69,1.21,1.3,1.48,2.02,2.8451,6.4564
35.52,42.9,1.74,12.47,10.0,1.47,0.78,3.24,1.89,4.49,6.9461,3.6962
33.21,24.1,1.0,25.84,18.47,2.87,1.92,3.79,2.25,6.3,3.4298,5.9684
24.42,26.86,0.91,18.85,16.53,1.23,1.38,1.66,1.98,3.08,4.201,4.1269
29.85,46.47,1.32,11.17,29.53,1.13,1.96,4.84,1.47,5.54,2.0255,4.9507
33.02,20.6,1.58,16.29,13.72,1.32,1.9,5.08,2.06,2.39,4.9551,4.2007
22.66,42.58,1.99,17.34,25.48,1.0,1.86,6.26,2.13,1.95,2.7136,7.0125
26.62,34.21,0.7,10.97,26.46,3.09,0.81,7.83,1.96,3.52,2.1541,3.3933
37.95,33.4,0.57,24.77,21.22,2.69,1.6,5.34,1.01,3.72,2.9919,6.0071
42.07,20.21,1.54,36.32,14.73,1.63,2.53,1.78,1.76,6.33,4.6056,7.443
49.95,44.58,1.75,44.19,27.23,1.7,1.29,1.62,2.71,4.22,2.458,14.3813
47.99,30.79,1.77,25.55,12.7,3.43,1.61,6.44,2.67,1.57,5.3889,5.5835
39.28,36.22,1.52,13.95,29.39,2.51,1.73,5.55,2.38,5.44,1.9684,5.7673
32.64,40.32,1.93,13.56,27.26,3.1,2.66,2.13,2.24,4.28,2.5989,5.8209
39.09,41.08,1.27,31.43,28.24,2.36,2.14,2.77,0.88,3.32,2.3411,10.6371
43.57,48.68,1.87,36.05,43.19,1.71,0.75,6.25,1.65,6.62,1.1903,18.1405
23.55,35.94,1.95,15.2,11.57,3.91,2.66,4.96,0.78,2.08,6.1184,4.3765
32.3,31.99,1.77,23.25,17.28,2.7,2.58,5.1,2.54,7.39,3.6492,6.2053
45.19,48.61,0.96,32.34,18.04,1.39,2.38,2.47,1.23,3.34,3.8355,6.9704
31.51,39.26,0.79,20.93,25.3,2.22,1.67,5.4,2.42,4.23,2.4545,6.2071
37.16,28.94,1.32,28.33,21.25,1.99,2.39,6.39,2.54,7.5,2.7034,7.4913
37.63,23.79,1.18,25.51,18.5,1.64,1.7,7.2,2.73,6.33,3.289,5.6647
25.53,45.28,1.82,15.63,23.76,3.8,2.34,6.16,2.38,1.52,2.8288,6.1032
30.87,30.87,0.65,13.76,22.47,3.64,2.7,5.03,1.91,5.05,2.7446,3.7217
30.04,39.81,0.89,21.18,32.76,1.6,2.73,5.71,2.0,3.17,1.8294,7.538
20.79,34.12,1.63,12.74,23.07,2.06,1.64,4.4,1.3,4.56,2.7846,4.8533
20.73,25.97,0.64,11.69,12.66,3.29,2.65,2.59,0.94,6.2,5.2366,2.2612
44.95,38.05,0.98,34.02,24.01,1.63,0.75,7.18,0.83,4.47,2.4784,9.706
28.19,21.82,1.08,19.19,16.62,2.77,0.75,4.73,0.96,1.5,4.1986,4.1061
35.54,32.4,1.43,29.26,27.18,3.1,1.87,5.16,2.83,4.71,2.2351,9.7211
28.96,36.4,0.74,12.31,23.75,2.96,2.13,7.93,0.91,1.17,2.6061,3.6806
48.22,33.08,1.79,31.57,26.04,3.12,0.88,7.9,2.31,3.44,2.3602,10.6012
27.78,42.46,1.17,13.12,15.5,3.12,1.68,5.1,0.96,4.35,4.1845,3.553
32.89,44.84,1.88,26.16,17.34,3.89,0.74,1.24,2.94,5.51,3.995,6.8311
46.18,43.14,1.2,13.1,36.81,2.04,2.01,3.77,1.42,4.54,1.5825,6.4144
45.26,21.16,0.91,29.85,10.83,3.64,2.64,7.56,1.53,2.06,6.1564,4.0487
25.58,25.82,0.71,18.37,12.07,1.07,2.34,3.02,1.51,7.53,5.4126,3.0502
44.08,36.1,0.51,20.32,18.87,1.86,1.45,7.99,2.54,5.55,3.0802,4.3886
33.75,48.04,1.3,27.89,29.48,1.15,2.98,1.59,1.05,3.22,2.3783,9.5914
34.49,45.05,0.66,26.58,28.14,2.95,2.16,4.98,2.58,7.76,1.9961,7.8287
24.0,45.28,1.09,12.65,18.84,1.3,2.54,4.61,2.14,7.18,3.3612,3.5698
22.42,29.1,1.38,10.06,22.98,3.54,2.17,2.79,1.05,2.0,3.0526,4.3647
41.84,32.88,0.91,17.96,26.37,2.94,2.97,7.64,0.66,5.59,2.1338,5.6237
34.89,34.12,0.76,15.6,17.5,1.09,2.55,5.33,2.44,4.92,3.6491,3.2934
33.11,24.72,1.66,26.11,14.22,3.14,1.8,2.61,1.05,2.35,4.997,5.9865
41.89,20.93,1.92,36.0,14.17,3.59,1.42,3.69,2.72,2.63,5.0053,7.698
42.97,48.41,0.65,11.97,32.15,2.98,2.21,6.05,0.82,4.95,1.6767,4.6266
24.77,27.22,0.73,14.6,14.67,1.09,1.98,3.08,2.04,3.25,4.7565,2.8475
38.31,27.2,1.94,22.78,15.05,3.57,2.07,7.16,2.23,6.84,4.1786,5.8476
24.06,22.5,0.56,10.84,12.61,3.2,1.36,2.16,2.14,1.68,5.5109,1.9184
42.54,47.86,1.97,20.4,17.73,2.14,1.57,2.85,1.29,7.4,3.7203,5.6405
39.71,37.39,0.51,17.83,20.26,1.99,1.9,2.01,2.69,6.88,3.1439,4.289
48.7,40.01,1.81,28.06,27.17,2.44,2.6,1.73,2.42,6.17,2.5163,9.801
22.07,47.35,0.96,14.67,34.0,3.6,2.41,3.1,1.78,2.84,1.9529,6.0488
21.71,30.37,1.91,14.72,21.97,1.76,0.8,7.99,2.01,6.0,2.7663,6.2356
28.47,38.65,0.98,11.84,18.86,1.3,1.11,1.66,1.92,4.07,3.6542,3.2453
27.85,21.16,1.48,20.45,14.71,3.59,0.57,2.49,2.87,5.44,4.6293,5.3537
27.41,25.6,0.62,18.42,10.07,1.08,0.52,2.9,2.74,3.19,6.8257,2.6067
47.19,44.94,0.86,38.62,24.28,3.73,1.06,5.33,1.09,6.85,2.4464,10.5465
27.49,43.0,1.66,15.61,32.23,1.92,2.5,6.22,1.16,1.28,2.013,7.2856
28.16,30.52,1.29,21.76,19.78,2.52,2.76,6.26,2.95,5.84,3.0976,5.5038
42.78,31.3,1.89,34.05,17.73,1.4,1.48,1.06,1.09,6.8,3.8927,8.2884
33.49,36.01,1.14,18.11,23.54,3.71,1.91,5.56,2.88,5.52,2.5948,5.2622
43.3,20.01,1.8,20.79,14.54,3.25,2.27,5.42,2.12,2.34,4.6542,5.5083
21.96,27.24,1.17,16.49,16.93,3.77,2.88,4.62,0.63,2.99,3.9119,4.0148
34.63,26.25,1.97,24.04,19.0,3.05,2.78,3.65,1.34,4.6,3.5753,6.7761
21.01,27.51,1.94,15.58,22.27,1.55,0.64,6.58,1.69,3.31,2.9626,6.13
21.88,44.18,0.99,15.48,30.59,1.92,1.12,3.41,2.58,1.03,2.2393,5.9708
47.19,28.39,1.83,29.62,17.68,2.46,0.62,2.61,1.32,1.28,4.0578,7.7917
24.18,25.75,1.77,11.06,10.4,2.82,2.04,3.17,1.28,6.37,6.5334,3.5975
35.97,35.13,0.82,16.11,17.54,3.78,2.28,4.08,2.8,1.59,3.8806,3.7732
32.33,45.97,1.44,26.79,27.51,2.15,1.27,2.5,0.7,7.5,2.2267,9.4432
30.42,27.24,0.61,14.93,19.76,3.11,2.63,5.25,1.88,4.1,3.2028,3.3804
47.0,22.36,1.76,12.98,13.22,3.88,1.63,7.19,1.76,6.31,4.9032,3.9013
20.65,30.69,0.76,14.0,25.07,1.46,3.0,5.17,0.64,1.88,2.5438,4.4424
39.91,42.43,0.61,28.29,17.46,3.59,0.5,4.13,0.72,7.49,3.6144,5.7799
48.9,36.52,1.1,19.68,26.02,2.26,0.77,6.58,1.45,1.24,2.4167,6.3763
36.81,44.5,1.37,16.49,22.36,3.2,1.25,6.24,0.84,1.29,2.8927,5.7874
48.1,48.79,1.78,25.52,26.42,1.88,0.56,3.57,1.7,1.38,2.598,9.2433
21.57,43.78,1.96,10.14,33.1,2.0,2.46,5.23,2.02,1.72,2.0533,5.9818
32.56,38.11,1.16,23.86,16.85,1.08,0.63,6.11,2.23,4.41,3.8518,5.3946
27.8,34.8,0.59,14.06,11.92,3.91,2.37,2.72,1.87,6.52,5.5088,2.3638
41.92,21.2,1.62,32.99,13.23,3.44,0.63,3.56,1.45,2.99,5.2708,6.2735
49.44,49.53,1.35,37.64,28.26,1.28,1.13,1.74,0.82,6.22,2.2648,12.7983
27.7,31.5,1.17,18.4,23.16,4.0,2.6,7.91,1.12,6.42,2.4678,5.258
39.63,24.57,0.96,18.0,19.26,2.82,2.88,1.6,1.55,7.36,3.3485,4.1954
25.94,40.0,1.25,15.65,11.38,3.56,1.54,2.18,2.81,2.05,6.1298,3.2775
36.96,28.53,1.01,19.77,18.0,1.2,2.92,4.36,1.01,1.95,3.7658,4.572
33.92,37.57,1.64,16.41,25.38,2.17,2.07,7.06,1.53,1.85,2.4723,6.1924
49.16,37.6,1.32,38.97,32.28,3.01,1.54,3.49,2.33,3.52,1.9789,14.0616
38.26,33.37,1.82,21.24,27.32,1.32,2.51,6.38,2.26,4.43,2.2415,7.8926
30.49,45.08,1.32,22.89,31.43,2.47,1.24,5.73,2.91,4.23,1.9468,8.8177
23.42,27.95,0.86,10.89,16.76,2.33,1.16,5.47,0.98,2.8,3.9418,2.8864
24.54,33.46,1.78,11.35,12.98,1.65,2.14,6.92,0.54,5.35,5.1081,4.0464
26.76,36.13,1.34,21.49,18.12,1.9,1.48,1.1,1.31,3.37,3.7973,5.6356
27.53,39.91,0.81,17.36,24.57,3.9,0.84,7.5,0.87,3.56,2.4322,5.2278
45.52,43.52,1.44,25.56,30.68,1.87,0.67,6.8,1.87,1.74,2.0735,9.8955
36.84,31.84,1.04,21.42,20.7,1.64,2.47,7.57,2.75,5.15,2.9843,5.1021
35.7,39.38,1.77,14.46,27.41,2.61,2.19,6.56,2.22,5.59,2.1214,5.6552
23.44,24.52,1.18,16.07,14.08,3.01,1.53,7.15,0.84,6.31,4.4802,3.4786
45.8,47.98,1.59,12.61,34.0,3.18,2.74,2.42,0.79,7.33,1.8002,6.2502
41.68,31.49,0.64,25.3,12.37,3.26,1.53,3.23,2.78,6.36,5.4457,3.7423
22.03,41.89,1.09,14.01,14.37,1.11,2.28,3.21,1.72,2.65,4.8067,2.7211
41.24,20.61,1.97,33.98,10.91,2.18,2.77,1.76,2.81,2.65,6.4737,6.1106
36.31,26.16,1.71,21.21,19.94,3.32,2.6,6.11,2.34,7.41,3.0277,6.233
22.45,34.61,0.74,11.02,11.49,3.71,1.78,1.95,2.98,6.53,5.8795,1.9276
33.75,46.35,0.92,20.74,35.13,2.81,2.2,1.37,2.68,6.48,1.7532,7.79
34.54,35.82,0.99,11.78,14.86,1.16,1.53,6.43,1.54,6.04,4.2766,3.4596
24.97,47.9,1.48,12.03,25.41,2.19,2.12,7.33,2.4,2.87,2.3977,4.8259
48.37,34.51,1.64,11.04,27.87,1.22,1.14,6.35,1.68,6.93,2.1201,5.0044
45.5,34.71,1.62,25.66,21.55,3.25,1.59,6.78,1.08,2.0,3.0243,7.7243
40.07,23.59,1.26,12.12,11.81,1.19,1.02,5.17,1.1,3.45,5.7792,3.4143
33.87,44.08,1.72,18.86,18.26,1.56,0.6,7.21,1.49,3.43,3.4669,5.5517
32.35,27.41,1.16,26.19,21.42,2.25,1.97,4.48,0.78,4.92,3.0439,6.7697
39.53,46.99,0.69,27.66,23.66,2.39,2.66,7.92,0.94,4.24,2.4481,7.1888
36.36,47.32,1.35,11.65,28.97,2.22,0.56,1.72,1.75,4.22,2.3728,5.1585
21.87,48.3,1.93,11.54,25.32,2.39,0.99,6.66,2.88,4.88,2.4713,5.5684
35.38,35.61,1.69,23.73,17.8,3.14,1.65,5.49,1.94,3.91,3.6454,6.6927
44.19,40.31,1.37,36.12,15.65,2.11,2.16,5.06,1.52,2.75,4.3271,7.4926
33.78,43.36,1.47,10.62,29.46,2.64,0.93,6.08,1.11,5.65,2.0709,4.8521
21.56,23.93,1.9,15.33,16.41,1.91,0.64,6.88,0.99,6.53,3.8454,4.9825
43.59,38.03,1.14,26.06,16.33,2.06,1.8,7.04,2.15,4.35,4.0065,5.4156
26.04,21.03,1.0,16.03,14.76,2.84,2.55,2.23,2.62,5.55,4.5761,3.4998
27.76,34.93,1.97,22.22,27.03,2.47,0.59,2.38,1.5,4.75,2.553,8.8674
24.94,24.65,1.8,17.43,18.88,3.17,1.37,1.11,1.88,1.41,3.8487,5.9113
29.91,25.49,0.98,22.67,11.69,2.68,2.16,1.92,2.27,3.96,5.9148,3.7965
42.7,30.95,1.2,19.81,14.85,3.41,0.83,2.85,0.65,1.07,4.8317,4.4616
35.58,32.97,1.12,21.41,25.46,2.33,1.09,6.05,1.38,5.63,2.3727,6.8495
26.15,38.7,0.72,16.86,14.7,2.47,1.84,4.33,2.32,4.56,4.4794,2.856
46.33,22.23,1.94,20.08,10.03,3.01,2.88,6.31,2.21,1.89,6.9383,4.534
46.39,35.11,1.11,27.9,27.51,1.66,1.22,4.41,0.63,4.8,2.2215,9.0251
46.12,25.48,1.81,17.36,13.42,2.16,1.72,4.89,1.09,7.29,4.9061,5.0134
27.16,37.22,0.78,11.74,19.21,2.87,1.5,1.78,2.2,3.38,3.6027,3.1821
33.54,39.12,1.32,16.93,20.77,1.09,2.74,6.44,1.18,7.88,2.852,5.4944
49.55,36.7,0.54,35.54,28.41,2.31,0.68,6.31,2.54,7.72,1.8259,10.6634
43.16,42.15,1.65,35.8,19.17,2.8,1.92,3.15,0.57,6.5,3.3634,9.1649
20.82,30.07,1.37,12.66,23.45,3.9,2.62,3.3,0.98,6.7,2.6911,4.63
21.96,42.95,1.44,14.47,27.25,3.63,2.97,2.54,1.2,3.87,2.4075,5.6061
33.92,32.98,0.58,11.95,19.48,1.84,2.25,6.7,2.81,3.82,3.1309,2.6366
47.28,34.53,0.82,39.19,16.36,2.52,1.45,6.23,2.49,7.68,3.6978,7.4417
36.16,39.44,0.61,22.03,15.96,1.17,1.53,5.26,2.71,3.56,4.1599,3.7392
34.93,20.55,0.93,25.56,13.46,1.72,1.38,2.67,1.6,1.68,5.1799,4.5555
23.16,39.62,1.44,16.49,21.0,3.32,2.01,2.2,2.56,2.07,3.3382,4.8344
39.7,38.56,1.35,16.34,31.45,1.37,2.35,1.35,2.63,5.97,1.9942,6.7379
44.66,29.3,1.42,25.7,17.03,1.77,2.55,1.32,1.5,3.68,4.0622,6.0065
31.41,22.57,1.32,25.76,13.88,3.83,1.54,2.31,2.99,2.4,5.0198,5.2088
43.27,22.73,0.91,12.53,13.22,3.47,2.29,1.7,2.63,6.7,5.0661,2.3809
48.93,47.7,0.87,33.18,35.81,3.35,2.79,4.89,2.94,4.42,1.5352,12.5563
26.11,40.68,0.71,20.69,20.91,3.59,2.8,3.51,2.67,4.97,3.1211,4.9649
35.7,23.81,1.77,16.22,12.37,3.25,2.26,4.11,2.44,2.08,5.6461,4.2228
28.61,30.7,1.42,21.73,23.54,1.36,2.09,5.16,2.86,2.35,2.8156,7.0642
43.79,37.77,0.78,36.88,23.59,2.55,1.83,5.61,1.55,1.88,2.78,9.4354
37.33,45.07,0.77,26.68,27.79,2.33,0.96,5.54,2.46,4.6,2.1852,8.1068
39.04,21.31,1.81,15.56,13.85,1.93,0.81,2.83,1.03,6.43,4.851,4.9333
43.94,27.1,1.61,19.67,18.7,3.5,1.71,6.67,2.33,6.13,3.3766,5.6199
31.88,46.69,1.49,10.6,19.92,2.39,0.9,7.42,2.46,2.83,3.2555,3.9274
47.45,20.27,1.11,36.98,10.18,1.18,1.94,3.21,2.29,6.96,6.6438,5.083
35.99,26.04,0.89,27.83,18.95,1.82,2.11,1.12,2.62,1.74,3.7729,6.1075
24.74,48.77,1.97,16.16,14.35,1.69,1.81,7.29,1.53,1.8,4.7644,4.8764
40.88,38.4,1.7,19.12,26.89,3.66,0.59,7.46,1.86,6.95,2.1446,7.3023
43.8,27.85,0.95,12.21,11.06,2.94,0.64,1.36,0.53,2.71,6.4271,2.9347
29.5,22.01,1.77,20.92,12.63,2.68,0.78,1.03,0.87,5.96,5.4905,5.1046
45.72,20.85,1.64,32.32,10.37,2.52,0.88,6.71,2.11,1.06,6.6747,5.3963
47.18,27.34,0.95,39.37,16.45,2.95,2.97,3.11,1.91,1.66,4.2456,7.3458
28.31,46.44,1.14,19.72,30.54,3.26,1.36,7.4,0.99,5.27,1.8134,7.5677
49.51,32.48,0.78,38.59,13.0,2.66,1.23,2.52,1.11,2.28,5.3646,6.2426
24.22,41.61,0.67,16.88,19.89,3.81,0.63,7.03,1.36,1.2,3.2228,4.124
26.06,47.55,1.58,16.98,40.28,3.93,2.09,1.48,2.29,4.27,1.5324,8.6032
25.53,32.24,0.9,14.49,17.63,3.99,2.13,2.82,2.02,3.31,3.8699,3.8752
46.82,25.74,1.73,38.71,18.62,3.01,0.94,7.81,0.67,6.62,3.2151,9.6671
39.63,35.51,1.99,26.03,29.02,3.8,2.8,2.62,2.4,6.73,2.161,10.0037
24.56,47.24,0.61,13.81,41.42,2.21,2.5,1.93,1.16,5.3,1.4675,6.2902
33.21,44.13,1.21,11.52,36.17,3.58,1.08,7.0,2.18,3.05,1.6371,5.4064
38.46,21.97,1.7,16.82,12.21,3.73,1.71,1.82,0.81,4.23,5.7811,4.3476
22.5,40.78,1.68,14.08,34.81,3.71,1.65,1.68,2.99,5.92,1.7416,7.1146
46.47,37.16,1.64,18.67,28.0,3.49,1.37,3.26,0.7,1.49,2.4952,7.7258
44.11,47.22,1.02,16.44,36.98,2.22,2.54,5.45,2.35,3.33,1.5846,7.0527
35.16,23.67,1.18,20.63,10.13,1.48,0.77,5.98,1.85,6.76,6.589,3.6363
49.01,36.02,1.39,15.78,30.06,2.0,1.54,7.17,0.71,3.84,2.0415,6.8532
32.53,46.38,1.96,24.03,34.42,3.3,1.57,4.79,0.57,5.37,1.7003,11.0074
49.52,32.3,0.99,26.72,23.29,1.7,1.67,3.75,1.41,1.67,2.8994,7.5456
40.04,34.46,1.88,24.37,11.59,2.43,2.65,3.51,2.51,6.44,5.9044,5.2194
39.04,22.11,0.9,13.54,11.65,2.7,1.05,6.93,0.6,1.7,5.7778,2.6367
24.98,28.34,1.98,13.24,22.84,2.81,0.76,6.07,2.26,7.03,2.7616,5.5142
46.46,29.74,1.51,22.9,17.38,3.81,2.04,7.34,2.14,1.75,3.7913,6.0312
32.82,48.35,1.2,24.41,23.27,2.98,0.93,7.75,1.16,7.24,2.4283,6.7274
24.87,28.48,1.42,17.6,21.32,3.36,0.69,3.1,0.69,3.55,3.1097,5.6109
20.38,33.83,0.91,11.2,11.64,2.75,1.57,4.71,2.79,5.37,5.7358,1.9527
36.79,40.14,0.91,23.43,20.48,3.5,1.05,5.42,1.25,6.93,2.8142,6.1475
35.82,24.87,0.67,15.07,13.71,1.79,1.4,2.15,0.78,1.07,5.1109,3.1258
41.58,34.59,0.67,36.27,16.85,1.63,1.15,1.37,2.2,2.86,4.1616,6.6393
46.71,42.16,1.02,40.19,18.36,3.78,0.73,7.07,1.04,7.36,3.2064,9.285
22.38,46.01,1.64,14.16,16.51,3.08,1.9,4.75,1.69,3.72,3.9906,4.7209
41.94,38.79,1.41,28.83,14.11,3.01,0.57,5.0,0.63,5.94,4.7169,6.1071
25.62,40.07,0.65,18.51,26.06,2.4,2.92,4.88,2.98,1.98,2.5292,5.5147
45.75,23.79,1.78,32.17,18.08,2.13,1.35,6.28,1.62,5.75,3.4635,8.0578
44.57,48.37,1.4,30.7,26.98,2.67,2.24,2.02,3.0,1.51,2.7006,9.8064
36.22,23.98,1.94,30.34,12.67,1.36,2.53,5.3,1.46,6.02,5.2916,6.4517
41.31,43.24,1.51,25.69,14.49,2.36,1.2,4.29,1.37,3.27,4.7588,5.5866
29.43,27.94,0.76,19.18,20.75,2.37,2.37,7.28,2.79,4.26,2.9067,4.3509
34.14,48.01,1.21,26.25,42.07,2.62,2.58,4.64,1.32,2.16,1.5554,12.2808
44.65,41.6,1.47,29.86,19.29,2.9,1.1,7.6,1.58,5.39,3.1917,7.6609
33.78,42.61,0.54,23.76,18.03,3.87,2.98,3.47,0.7,3.36,3.662,4.8253
30.73,26.57,0.52,13.68,16.96,2.96,0.55,7.77,2.89,3.68,3.72,2.6929
34.83,33.29,0.69,17.36,24.18,3.65,1.04,7.13,0.71,5.57,2.3724,4.7358
44.85,38.53,0.88,14.4,20.72,2.67,2.45,5.09,2.43,2.25,3.0963,3.9051
30.06,43.1,1.14,17.61,27.7,2.88,0.99,3.48,1.85,6.96,2.1802,6.5681
25.21,23.12,1.23,14.65,15.82,1.21,2.25,3.63,0.65,6.18,4.1378,3.7428
41.36,48.87,0.71,36.29,42.54,1.4,2.64,6.41,0.5,5.04,1.1408,16.5133
44.78,46.71,1.51,28.2,15.23,2.74,2.9,5.06,2.84,1.9,4.5594,6.1611
23.02,28.11,1.39,16.31,23.08,2.19,1.69,3.81,2.36,5.81,2.8769,5.2393
27.2,44.68,0.94,14.07,21.64,3.4,2.93,5.45,2.22,1.13,3.0237,3.8142
24.26,35.55,0.52,17.7,24.86,2.63,1.53,6.13,1.6,6.63,2.3001,4.8059
30.44,33.85,0.62,19.5,20.79,3.65,1.05,1.16,1.1,3.13,3.2666,4.7271
33.51,29.43,1.09,22.9,17.02,3.92,1.78,1.63,2.2,1.82,4.2512,4.644
42.46,37.43,0.73,18.09,25.66,1.44,2.12,1.66,2.02,2.15,2.6942,5.1718
39.53,41.9,1.07,23.46,20.64,2.18,1.64,2.62,2.32,7.74,3.0985,5.9343
38.63,32.33,1.44,24.98,12.19,2.99,1.92,3.99,1.41,6.42,5.5516,5.2523
30.57,38.88,1.32,19.17,21.67,1.92,1.54,6.63,2.97,2.67,2.9735,5.7312
45.24,40.98,0.85,37.68,23.56,1.8,1.81,3.46,0.67,7.74,2.5506,9.7393
34.14,41.33,1.02,27.19,15.32,3.44,2.88,1.12,0.7,1.98,4.6911,5.2427
49.37,21.56,1.42,43.38,16.14,3.94,1.75,4.38,2.79,6.13,4.0866,8.7618
39.02,45.79,1.79,26.03,17.0,3.32,1.13,7.98,2.12,5.6,3.6635,6.7131
23.79,33.75,1.63,18.54,17.67,2.57,2.4,3.44,1.32,6.75,3.6636,5.233
40.29,27.87,1.33,31.05,11.99,2.33,1.34,7.73,2.4,3.67,5.5055,5.2338
29.75,27.25,1.04,14.0,16.57,2.62,2.54,1.71,1.63,3.81,4.2031,3.5622
40.59,34.49,1.05,20.94,16.0,2.39,0.64,2.21,0.55,5.37,4.2697,4.5248
22.09,46.6,1.82,11.69,25.46,2.51,1.33,6.07,2.13,3.79,2.605,5.1422
25.25,31.35,0.56,10.04,13.67,1.61,0.74,4.51,1.11,1.29,4.9607,1.8415
45.67,42.49,1.98,15.77,11.48,3.71,0.71,6.36,0.79,6.11,5.812,4.4119
26.82,22.9,1.5,10.05,16.16,3.26,2.15,7.04,1.06,5.49,3.9283,3.3829
45.11,34.28,1.52,31.68,22.36,3.04,1.46,2.76,1.69,3.97,3.0048,9.2295
28.38,49.75,0.56,15.69,21.84,3.85,2.68,5.78,0.62,3.12,2.9313,4.1399
39.29,43.11,1.41,17.59,11.34,1.85,1.79,5.25,2.71,3.25,6.0223,3.7109
40.82,26.32,1.23,29.67,19.79,1.24,1.24,7.03,1.9,6.19,3.1402,7.4432
35.38,35.04,0.66,26.97,13.4,3.48,2.3,4.01,1.23,6.1,4.8696,4.1148
29.16,27.01,0.92,23.81,21.18,4.0,2.06,1.36,2.22,6.73,3.1007,5.5735
26.38,32.29,1.84,17.31,18.27,2.74,2.5,5.02,2.51,6.34,3.507,5.4434
21.0,43.4,1.32,12.77,19.67,1.18,2.11,7.71,2.03,6.31,2.9756,4.1437
29.12,43.14,1.12,14.31,30.87,3.34,0.92,1.1,1.01,2.76,2.1841,5.7706
39.59,26.84,0.61,15.47,20.38,1.22,2.18,2.68,0.78,1.71,3.3555,3.5562
48.15,47.67,1.57,17.06,22.11,2.62,1.48,3.21,2.65,6.33,3.0102,5.4608
46.14,37.78,1.55,22.74,19.28,1.83,1.66,6.36,1.09,1.69,3.4393,6.4744
42.98,31.4,1.42,37.75,17.1,3.75,2.8,3.26,0.55,7.87,3.7579,8.2692
43.65,35.06,1.27,10.02,28.5,2.35,1.4,2.67,2.11,7.13,2.1702,4.6433
39.95,38.15,1.15,14.92,26.03,3.7,2.03,5.54,0.88,4.73,2.3181,5.1581
27.81,36.8,1.39,12.41,15.4,1.9,1.41,1.32,2.98,3.47,4.5194,3.5
47.22,34.59,0.85,33.1,13.62,2.16,0.74,2.19,2.67,4.69,4.9931,5.4475
40.12,35.15,1.91,18.86,14.64,3.84,1.63,3.86,2.02,6.14,4.5536,5.153
36.81,25.29,1.38,19.97,12.71,1.6,1.99,3.49,2.58,6.29,5.1851,4.3241
23.33,44.38,0.97,11.24,16.76,2.74,1.52,3.43,1.68,1.52,4.0827,3.2622
33.41,36.25,1.17,17.46,24.0,2.17,1.48,1.76,2.47,6.63,2.7087,5.3346
33.81,23.93,1.71,11.94,11.04,3.32,2.55,3.53,2.12,5.49,6.2323,3.3222
45.94,42.98,0.74,26.49,20.84,1.39,0.57,6.59,0.57,1.28,3.1789,6.7847
36.4,47.97,0.94,12.1,30.61,2.31,1.24,3.9,2.87,3.19,2.1384,4.765
31.41,48.42,1.52,22.97,19.72,3.1,2.53,5.1,2.65,4.57,3.2492,6.3147
49.3,31.07,0.97,29.44,11.05,2.22,2.8,2.15,2.88,2.32,6.3089,4.2121
23.32,24.07,1.69,16.02,10.74,1.18,1.53,1.49,2.33,2.09,6.6122,3.9997
32.68,35.55,0.7,17.4,12.59,3.12,2.72,7.16,1.53,1.1,5.3294,2.8863
21.26,23.38,1.64,12.39,17.0,2.51,1.0,3.32,1.02,7.38,3.8039,4.4137
42.2,48.02,0.6,12.67,31.72,1.03,1.05,3.45,0.95,1.39,2.0635,4.7249
47.54,25.51,0.52,27.05,10.68,2.84,2.62,7.14,0.86,3.56,6.1699,3.5883
28.4,27.58,1.85,16.89,14.92,3.76,2.76,5.95,1.05,2.44,4.5968,4.8576
45.75,32.2,1.37,24.39,14.79,1.33,1.06,6.29,1.88,6.19,4.3003,5.3732
28.77,31.49,1.03,20.19,19.53,2.77,0.65,5.77,2.21,5.95,3.1273,5.5112
47.32,43.84,0.85,36.91,25.08,3.19,0.73,1.74,1.29,6.64,2.5432,10.3933
42.62,33.69,1.43,30.74,18.99,1.21,1.15,7.71,1.87,5.32,3.2927,7.6595
44.15,25.12,1.26,14.19,13.18,1.07,2.4,7.36,1.35,5.14,4.9139,3.5169
20.54,28.02,1.99,13.45,11.79,2.39,1.77,2.65,2.24,3.85,5.9804,4.2107
48.88,35.27,1.97,12.72,25.05,3.37,1.64,6.63,2.97,5.45,2.4878,5.5402
41.8,24.42,1.45,28.62,18.29,1.48,1.96,3.87,2.22,1.81,3.8661,7.0438
29.14,38.35,1.16,15.4,32.05,3.51,2.73,5.79,0.65,5.79,1.8057,6.1825
44.88,36.97,1.24,13.96,11.29,2.97,0.73,2.16,1.69,1.73,6.3497,3.5542
28.45,41.44,1.52,21.59,29.56,2.0,2.24,4.77,2.43,7.03,1.9842,8.2502
46.18,48.13,0.65,29.15,34.07,2.55,2.82,1.89,1.86,4.54,1.9128,10.2538
23.38,47.37,0.99,12.97,40.66,3.9,1.03,4.75,2.88,4.71,1.4559,6.2929
41.11,48.38,0.61,10.8,18.44,1.65,2.59,2.71,0.64,5.09,3.5416,2.7404
36.22,27.34,0.61,21.4,19.16,2.5,2.25,4.17,1.23,6.43,3.2289,4.4501
22.9,23.95,0.79,17.29,10.49,2.87,0.54,5.68,1.05,4.35,6.3702,3.3894
27.26,29.07,1.23,17.31,18.88,1.41,1.08,7.14,2.42,3.99,3.3744,4.4691
20.37,46.85,1.68,15.22,21.18,1.13,2.01,2.16,1.81,3.02,3.2285,5.5413
34.06,49.16,1.23,12.6,36.27,1.04,1.76,7.25,0.85,1.9,1.6144,6.0549
29.04,45.78,1.0,17.98,36.57,1.97,1.82,3.73,1.21,2.33,1.8123,7.6146
37.95,23.3,0.62,28.32,13.03,1.22,1.08,6.91,1.81,1.0,5.189,4.4435
28.92,48.42,1.33,17.31,27.57,3.41,2.19,4.59,2.99,7.09,2.0253,6.1525
29.0,32.7,0.91,11.27,12.08,3.99,1.17,7.04,1.41,6.35,5.2751,2.7828
42.3,20.28,1.42,25.91,12.2,1.18,1.47,5.64,0.89,2.53,5.7026,4.7781
21.44,33.27,1.97,13.94,16.59,2.3,1.42,4.56,1.74,1.02,4.2864,5.058
47.09,21.38,0.67,33.38,11.17,1.08,2.18,3.19,1.28,4.44,6.0586,4.3282
45.57,36.32,0.82,33.27,29.07,1.4,0.73,7.78,1.91,3.89,1.884,10.6927
40.03,30.16,1.21,29.3,12.24,1.97,1.01,6.61,1.67,6.43,5.2467,5.2363
37.8,34.2,1.95,25.12,22.21,2.18,1.0,3.67,2.22,3.82,3.0663,7.8402
46.77,38.4,1.66,16.86,30.82,3.82,0.77,2.17,2.79,7.05,2.1237,7.3736
25.56,46.06,1.85,14.27,38.33,2.19,1.02,6.46,1.0,1.67,1.7397,8.2559
22.37,39.86,1.0,15.72,29.72,2.49,2.02,7.93,2.55,3.56,1.8531,5.8085
27.19,33.02,1.99,21.62,13.17,1.74,2.33,2.95,2.87,7.54,5.0875,5.236
43.84,44.58,0.65,12.28,34.18,1.0,2.15,7.41,1.43,1.08,1.6899,4.5365
21.04,47.17,0.58,13.23,18.9,3.7,1.69,1.88,0.78,3.74,3.5684,3.2244
37.48,23.59,1.78,17.03,17.93,1.25,0.63,7.67,2.55,2.82,3.5768,5.784
49.86,35.96,1.89,17.86,24.86,3.89,2.9,6.22,2.25,4.72,2.4912,6.8934
45.67,28.54,0.64,25.51,20.63,1.39,0.92,3.43,1.03,2.95,3.1678,6.2533
35.64,21.41,0.67,22.51,10.55,2.81,2.17,3.13,1.61,7.09,6.3634,3.1873
21.91,40.06,0.55,10.07,24.6,4.0,2.78,5.5,1.94,7.56,2.2827,2.7501
44.94,45.88,0.66,33.36,35.36,1.42,2.24,5.15,0.92,6.94,1.4646,12.4824
37.97,24.89,0.81,28.83,18.52,2.27,1.05,7.43,2.29,3.79,3.4073,6.401
23.45,44.37,1.96,18.16,10.84,3.34,1.29,6.36,2.22,7.93,6.1592,4.2337
22.82,45.6,1.5,11.41,38.74,1.1,0.58,4.78,2.72,6.15,1.5555,6.4747
47.29,47.43,1.67,29.2,11.41,3.07,2.03,7.49,1.92,3.49,5.9102,5.6886
40.08,27.96,1.66,20.7,17.96,1.24,2.03,5.15,1.94,1.66,3.8026,5.8073
44.88,47.12,1.3,20.0,32.27,1.71,2.31,6.95,2.05,5.67,1.7812,8.136
46.37,29.62,1.7,27.74,11.57,1.48,0.53,6.89,1.18,6.1,5.7596,5.472
37.15,36.57,1.39,27.33,11.04,3.72,2.54,7.43,2.4,1.86,6.1988,4.6204
35.52,21.52,0.97,10.47,15.11,1.54,2.35,1.47,2.16,4.85,4.4335,2.5357
32.91,21.32,1.34,27.36,12.43,1.12,0.85,5.09,2.6,7.91,5.2979,5.1608
29.51,41.61,1.3,21.75,12.85,2.76,1.37,4.28,2.42,3.28,5.3346,4.3454
33.04,33.33,1.74,23.55,23.98,2.04,2.1,4.43,2.1,3.11,2.7332,7.4961
43.22,27.69,1.97,31.46,20.77,2.22,1.74,4.22,0.9,7.32,3.0287,9.0859
38.06,25.71,1.12,18.97,16.29,1.36,0.79,6.86,2.8,1.82,4.0957,4.7956
46.78,40.1,1.65,33.88,14.05,3.24,0.72,3.23,1.42,7.53,4.5916,7.127
33.3,20.01,0.65,17.08,10.08,2.8,2.45,4.24,2.91,6.46,6.6207,1.7393
38.21,44.18,1.67,30.86,30.45,2.09,0.89,2.4,1.5,3.74,2.1754,11.8964
38.94,22.38,1.06,14.24,14.06,1.51,0.93,2.76,0.86,1.58,4.937,3.1779
37.75,25.74,0.56,16.65,16.99,2.78,2.58,5.62,2.71,1.13,3.9035,3.3178
41.08,31.59,1.04,24.38,23.49,3.34,2.03,1.82,2.49,3.63,2.8025,7.1
27.12,34.55,1.42,13.87,18.49,1.94,2.01,2.31,2.47,5.94,3.6497,4.2607
35.37,30.65,0.68,18.64,11.95,1.08,1.7,4.7,0.72,4.41,5.4908,2.8042
23.13,29.62,1.89,14.0,23.74,1.64,1.92,1.31,2.7,6.17,2.8349,5.5485
31.54,48.92,0.62,24.16,28.49,3.05,2.0,1.89,1.99,5.69,2.1498,7.5352
34.63,39.25,1.9,20.27,24.92,3.97,2.92,7.04,1.68,5.01,2.5556,7.2071
39.57,20.7,1.56,18.9,15.32,1.04,1.06,6.92,2.78,7.77,4.0892,4.7374
48.52,32.91,0.99,18.3,26.68,1.92,1.04,3.43,2.17,6.1,2.1969,6.1576
38.02,46.25,1.09,19.41,27.88,1.19,0.64,3.44,0.83,7.4,2.1591,6.7618
42.31,29.04,1.61,24.08,14.18,1.95,2.15,7.56,1.8,2.7,4.6371,5.7215
35.19,22.84,1.4,25.06,17.81,2.22,1.87,1.18,2.09,6.0,3.8449,5.9639
39.02,42.75,1.51,12.91,28.89,3.76,0.78,5.06,2.75,5.18,2.1442,4.9807
22.13,38.18,1.08,11.58,19.47,1.24,1.41,5.18,1.2,7.47,3.2227,3.4632
27.63,37.11,1.23,14.8,22.38,3.33,0.95,6.52,2.49,4.57,2.7737,4.8773
30.86,21.61,1.98,15.71,12.75,2.19,1.33,7.66,2.5,2.96,5.3181,4.7702
34.17,24.21,0.82,17.51,18.19,3.43,2.88,3.49,0.82,3.69,3.6572,3.9644
21.37,38.68,1.13,15.05,21.42,2.54,2.21,4.06,0.54,2.53,3.0912,4.5848
24.2,26.23,0.94,12.98,19.25,1.12,0.52,5.7,1.95,2.54,3.4495,3.6526
28.3,35.12,1.65,16.68,26.91,3.84,1.13,7.77,2.47,4.29,2.1578,6.9466
49.15,36.35,1.65,31.3,27.6,1.25,0.53,7.24,1.89,7.25,2.0299,10.9424
29.94,28.51,0.94,13.47,19.75,2.79,2.29,5.67,2.53,2.34,3.285,3.4879
34.46,48.45,0.62,23.99,38.6,3.63,1.67,7.0,2.06,3.02,1.4564,10.2289
25.88,45.27,0.52,15.95,21.72,1.24,2.99,1.6,2.13,6.97,2.8679,3.7319
38.32,41.67,1.14,20.42,13.06,2.66,2.33,3.64,0.57,3.37,5.2192,3.6728
28.42,22.34,1.12,20.87,16.18,3.47,1.79,1.09,0.72,7.74,4.091,4.5214
26.21,23.18,1.98,12.73,14.08,3.96,2.51,2.24,2.31,2.88,5.0963,4.395
35.5,34.78,1.2,28.1,12.52,3.17,2.26,5.41,2.41,4.1,5.3301,4.5031
20.17,24.82,0.88,12.9,11.13,1.84,1.11,7.2,1.86,1.67,6.0485,2.5659
20.23,49.35,1.84,13.19,15.47,3.1,1.83,5.43,1.98,7.95,4.0701,4.259
26.57,24.76,1.24,20.13,17.33,3.12,1.89,5.65,2.04,7.23,3.5578,5.185
21.1,34.62,1.4,14.99,23.95,3.1,1.63,1.73,0.76,6.72,2.7238,5.4823
23.24,30.92,0.64,14.96,13.25,3.56,0.95,5.65,2.17,2.1,5.077,2.3073
30.17,39.18,1.07,21.42,30.48,1.26,1.06,4.18,1.7,7.79,1.8577,8.0486
44.08,23.87,1.92,22.6,12.5,1.33,1.2,5.56,2.01,7.5,5.3484,5.6503
37.16,32.91,1.38,22.13,24.2,2.92,0.53,3.28,1.91,4.05,2.6429,6.9337
35.38,28.24,1.02,11.26,16.47,3.86,2.79,5.07,2.41,5.77,4.0167,2.7002
28.8,46.63,1.44,11.24,33.14,2.4,2.22,3.97,1.3,7.95,1.7647,5.6322
47.95,21.22,1.87,37.33,12.37,3.88,2.22,4.91,1.43,3.87,5.5116,7.1874
31.91,47.41,0.91,11.01,21.25,3.81,1.93,2.03,1.48,1.79,3.2845,3.8357
22.61,44.99,1.26,11.29,35.23,3.71,2.22,3.77,2.41,7.07,1.579,5.5793
38.51,28.93,1.94,28.71,10.49,3.73,2.95,3.62,1.58,4.34,6.6279,5.9463
23.42,43.68,0.76,10.01,37.95,3.69,1.46,6.15,0.94,7.91,1.3643,4.7003
30.36,20.94,1.58,14.34,13.85,3.46,2.28,5.94,2.96,4.86,4.7495,3.9074
35.22,49.01,1.42,21.81,24.71,3.08,1.4,7.36,1.73,1.21,2.5965,7.0945
46.23,35.8,1.52,28.59,23.06,1.07,2.64,5.42,0.77,4.44,2.7215,8.4282
34.81,29.1,1.03,25.39,11.73,1.4,2.65,3.2,2.18,6.03,5.7075,4.0663
41.07,30.88,0.97,23.19,18.16,1.4,2.76,6.48,2.35,1.18,3.6311,5.0408
49.78,21.99,1.53,27.72,16.89,1.07,0.51,4.48,1.75,3.89,3.9136,6.2315
23.94,49.68,0.82,16.49,18.16,1.35,1.25,2.35,2.12,2.09,3.7849,3.7595
28.24,21.18,1.13,16.6,14.46,3.76,0.83,6.23,0.93,5.5,4.4734,4.1341
31.84,39.65,0.78,20.25,20.72,2.99,1.63,1.93,1.42,7.7,3.0277,5.0775
32.65,33.28,0.51,25.85,21.93,1.94,1.74,2.25,0.9,5.37,2.8164,6.1885
32.33,48.47,1.96,16.96,16.86,3.38,1.14,6.31,1.47,5.86,3.8211,5.3777
47.23,27.38,1.15,22.41,15.82,2.47,2.31,6.39,1.91,3.78,4.123,4.9129
41.42,35.96,1.95,10.09,30.55,1.43,1.17,6.54,1.61,4.94,2.0575,6.0679
38.24,34.47,0.71,24.25,13.8,3.65,2.63,3.05,1.98,4.81,4.8603,4.2318
29.28,41.09,1.38,10.43,26.6,2.02,0.94,7.07,1.75,6.32,2.2038,4.6482
44.71,22.04,0.8,24.98,14.05,3.1,1.42,6.06,1.29,7.0,4.4948,4.2705
48.65,25.81,1.69,37.06,16.11,1.87,2.06,6.84,0.86,5.64,4.0483,8.5608
44.64,26.44,1.68,26.3,17.04,2.5,2.01,5.96,1.13,7.86,3.6272,6.8905
20.05,42.14,0.67,11.36,23.63,3.45,0.7,5.06,1.0,6.8,2.5252,3.2224
39.09,25.67,1.87,28.94,10.18,1.47,2.62,1.77,2.27,1.87,7.0709,4.9087
21.53,37.2,0.79,11.76,29.99,3.93,2.0,5.98,2.55,4.55,1.9722,3.9754
27.73,26.46,1.42,19.33,19.47,1.21,2.67,5.83,2.3,7.32,3.2642,5.2974
21.79,45.85,1.98,14.14,15.37,2.6,2.67,3.19,2.11,7.61,4.2806,4.8441
38.11,48.27,1.82,13.93,23.75,3.75,1.86,6.15,1.27,3.66,2.7737,5.9054
40.6,35.55,1.93,33.17,25.84,3.84,2.78,4.85,2.28,6.08,2.4722,11.0354
23.43,30.57,1.01,11.69,25.26,1.7,2.62,4.92,2.01,3.87,2.4955,3.9827
31.52,27.02,0.66,26.34,21.43,1.43,2.9,3.57,0.62,1.87,3.2221,6.757
33.69,21.49,0.78,10.14,15.84,3.17,2.63,1.82,2.77,7.19,4.135,2.2467
31.07,28.06,1.25,14.23,12.07,1.13,2.55,2.52,0.7,7.52,5.5499,3.2512
23.63,39.63,1.69,11.72,32.52,2.46,1.67,6.38,1.76,4.53,1.8218,5.9033
32.57,36.01,0.73,10.25,28.45,3.39,1.03,2.9,1.78,1.13,2.3205,4.1644
42.54,48.32,1.49,30.17,22.56,2.68,2.78,1.02,2.59,6.71,2.9703,8.6472
22.13,31.89,0.99,14.94,16.66,1.56,2.31,7.98,2.78,4.34,3.8045,3.2524
22.41,40.82,1.01,15.87,21.87,2.46,1.2,2.47,2.85,1.53,3.1653,4.3525
30.64,34.68,1.49,14.02,22.91,3.76,1.35,5.59,1.92,2.33,2.9626,4.7871
48.25,35.38,1.2,24.77,15.32,2.85,2.22,7.49,2.2,2.06,4.2897,5.1344
40.06,28.03,1.72,26.52,10.3,3.16,1.69,5.2,0.72,5.8,6.4785,4.7667
40.36,33.65,0.73,21.15,12.63,2.01,0.7,6.59,1.72,3.1,5.3443,3.2973
30.86,34.12,1.68,21.06,18.42,1.57,0.85,7.83,2.74,1.89,3.6155,6.2594
37.81,41.2,0.6,24.46,17.39,1.77,2.36,7.02,1.64,7.42,3.4812,4.9257
20.3,48.22,0.79,10.61,35.4,2.6,1.32,4.91,0.67,7.7,1.4523,5.0403
39.08,29.88,1.48,28.81,11.59,1.84,1.77,3.55,1.0,1.97,6.061,4.9935
47.4,21.27,1.78,33.35,15.75,2.63,2.42,4.38,1.57,2.61,4.3064,7.3262
38.38,34.89,0.88,25.33,27.81,3.12,2.38,6.89,1.09,5.14,2.0464,7.8896
46.21,36.33,0.99,14.84,29.39,3.2,0.92,6.97,1.48,2.05,2.0359,5.9356
41.72,25.05,1.31,17.16,17.44,1.49,0.75,6.92,1.33,2.11,3.7935,4.7553
23.62,42.81,0.82,13.39,12.98,3.25,1.98,5.18,1.3,3.36,5.212,3.0002
47.07,49.55,1.72,18.98,25.14,3.02,2.35,4.34,0.73,7.64,2.365,7.1629
21.99,48.37,1.66,11.59,14.39,1.04,0.87,3.18,2.71,7.74,4.6275,3.778
36.02,25.91,0.72,26.93,20.78,1.18,1.43,1.02,2.23,6.89,3.1274,6.4208
24.26,46.26,1.2,15.91,20.41,2.94,2.68,6.35,2.06,5.87,3.0462,4.2223
20.35,41.13,1.66,13.03,25.3,2.15,2.86,2.94,2.02,6.04,2.5317,4.8901
32.66,33.62,1.01,13.99,24.51,1.44,1.64,3.31,1.49,4.29,2.6738,4.6771
28.85,36.22,1.45,22.72,29.53,1.13,0.7,6.9,2.56,4.71,1.9507,8.5607
34.58,45.49,0.58,13.74,33.04,1.48,1.14,1.37,2.83,5.44,1.7977,5.3929
37.32,34.4,1.41,27.74,23.09,3.87,1.08,7.49,0.51,6.12,2.4852,8.0888
21.31,31.2,0.73,16.1,17.55,3.18,1.1,1.01,0.7,1.68,3.9887,3.8138
23.69,34.8,1.75,16.32,21.99,2.58,1.73,7.57,2.19,2.57,2.8391,5.9533
36.76,37.37,1.03,31.6,12.11,3.82,1.96,4.18,1.09,7.74,5.4912,5.1397
30.3,25.67,0.92,19.96,19.43,2.86,0.81,1.71,2.78,3.35,3.5148,5.1232
41.88,47.03,1.76,15.84,27.42,3.18,2.72,5.72,2.17,2.88,2.4005,6.3702
39.57,40.23,0.58,15.01,11.01,1.85,2.05,7.27,1.42,3.95,6.0292,2.3349
45.37,39.0,1.09,19.86,32.08,2.77,1.99,4.07,1.54,3.04,1.9841,7.7707
40.77,22.98,1.06,10.18,13.91,1.43,2.97,5.84,2.23,1.64,5.0504,2.7124
32.9,38.13,0.93,22.2,30.09,2.21,2.07,7.86,0.85,2.46,2.1004,7.6758
40.19,23.63,1.87,16.77,17.39,1.1,2.82,2.68,2.71,5.48,3.9592,4.9276
28.26,22.36,1.63,20.81,16.0,1.65,1.22,6.74,0.51,2.56,4.1202,5.4718
29.19,35.82,0.6,15.1,11.28,1.22,1.1,3.07,2.95,5.53,6.0416,1.9791
43.67,32.08,1.57,23.76,14.22,2.16,1.79,3.98,0.92,1.7,4.8141,5.3529
33.39,37.66,1.29,27.76,29.84,3.53,1.77,2.97,2.36,1.29,2.3818,9.7419
43.95,22.68,1.85,17.01,16.9,2.13,1.07,4.12,0.6,7.03,3.7307,5.3032
44.67,32.93,0.97,31.4,18.21,3.49,2.25,1.04,1.58,6.32,3.6395,6.7921
45.73,25.24,1.36,33.2,14.51,2.97,0.57,3.12,2.08,5.66,4.6864,6.3579
47.5,49.61,1.25,17.18,16.06,2.53,2.23,4.12,0.68,1.22,4.3298,4.3317
32.93,36.83,1.23,18.98,31.14,1.71,1.64,5.43,1.61,2.68,1.9405,7.3395
29.57,40.62,1.18,15.1,15.46,3.77,2.22,5.46,1.26,6.69,4.1446,3.7388
37.47,29.76,0.81,27.34,12.82,1.16,1.69,5.09,1.75,2.01,5.3237,4.4524
31.14,22.84,1.63,20.04,15.18,3.07,2.94,3.05,1.76,6.69,4.3968,4.9392
38.03,49.28,1.18,20.96,18.32,2.86,1.34,7.63,2.46,5.09,3.3638,5.0711
41.17,28.59,1.94,30.39,22.76,2.32,2.96,3.74,0.81,6.18,2.8827,9.3156
40.65,32.71,0.89,16.03,10.19,1.72,0.66,2.52,0.71,5.51,6.7603,3.0387
31.24,39.5,1.52,22.24,10.14,2.29,2.21,4.88,1.5,3.92,6.7563,4.425
25.01,20.74,1.91,18.66,12.9,3.62,1.64,6.24,2.72,3.04,5.3468,4.7349
32.92,44.31,1.5,25.74,24.3,3.51,2.56,1.09,2.64,5.71,2.7443,7.9487
24.28,36.1,1.81,17.27,13.45,3.82,2.47,2.93,1.9,6.65,4.9951,4.2544
46.7,28.35,1.74,22.94,16.6,1.92,2.5,6.77,2.72,1.31,4.1454,5.8605
30.38,21.85,1.04,25.1,12.82,2.16,0.74,4.55,2.51,3.66,5.338,4.1621
24.63,24.87,1.4,13.66,18.79,1.06,2.56,3.86,1.19,3.46,3.5486,4.1939
20.76,46.85,0.73,13.68,10.29,3.83,1.04,7.52,0.93,4.92,6.3598,2.5294
39.37,40.58,1.3,13.93,34.97,1.99,0.56,1.63,1.25,1.8,2.092,6.3433
39.11,27.5,0.85,33.64,17.8,2.21,1.04,5.31,1.07,7.53,3.454,6.865
30.22,21.97,1.62,20.71,11.06,3.72,1.7,3.4,2.06,4.84,6.2167,4.159
22.15,40.72,1.29,15.39,11.2,2.58,2.36,1.5,1.96,7.47,6.0518,2.8964
32.29,37.17,1.12,11.14,21.93,2.7,1.05,2.5,2.0,6.72,2.9777,3.986
29.34,32.14,0.9,20.94,14.02,1.53,0.78,5.4,0.97,2.34,4.9094,4.1722
40.31,30.91,2.0,29.61,14.79,2.5,2.11,1.2,2.48,1.93,4.8817,7.2792
38.17,26.5,0.61,25.57,12.82,3.75,2.96,5.15,1.58,7.03,5.1509,3.5357
30.94,40.09,0.57,14.65,26.31,2.68,2.0,7.7,1.68,4.75,2.1241,3.9806
26.54,49.12,0.83,15.65,28.89,1.77,2.23,6.57,2.99,1.14,2.1588,5.4257
49.64,25.27,1.96,13.83,10.8,1.09,1.9,3.42,1.21,7.54,6.3021,4.0452
33.62,37.91,1.97,18.78,22.06,2.01,2.46,1.97,1.49,4.31,3.083,6.6098
40.65,32.73,1.48,16.25,24.02,2.72,2.94,4.26,2.19,3.11,2.7897,5.9109
24.22,33.4,1.82,13.22,11.49,1.13,1.86,3.75,2.7,4.62,5.9592,3.8273
34.57,27.62,0.82,13.18,21.23,2.83,1.54,7.8,0.82,6.76,2.6447,3.9752
20.83,44.75,1.96,11.34,27.21,2.57,2.65,7.93,2.34,1.77,2.252,5.3991
35.16,34.56,0.71,11.54,28.59,3.35,2.92,3.87,2.8,3.51,2.1869,3.6549
48.92,36.3,0.65,41.2,13.16,1.09,0.82,2.04,1.56,3.23,5.258,6.0871
31.53,29.14,0.67,18.77,24.05,3.34,1.95,7.37,1.22,6.88,2.2593,5.3338
21.17,25.45,1.36,12.45,16.74,2.56,2.48,6.55,2.19,6.45,3.7677,3.6654
20.93,22.58,1.67,13.17,14.3,2.11,1.83,4.58,1.12,3.8,4.7579,4.1895
31.64,41.42,1.05,20.45,23.62,3.9,1.52,3.56,1.46,5.65,2.6643,5.5864
24.8,25.89,1.97,19.04,10.26,1.48,2.14,4.14,2.74,3.76,6.7269,4.0384
20.7,40.7,1.15,11.02,34.15,2.62,1.18,7.31,1.98,5.0,1.6055,4.7446
42.69,31.71,0.73,18.18,20.76,1.96,1.37,2.29,0.74,7.94,2.9982,4.5767
33.76,32.47,1.2,28.3,11.6,2.58,2.98,6.65,1.32,4.75,5.7632,4.3717
28.68,34.08,1.52,15.08,10.4,2.66,2.09,1.13,2.07,7.92,6.511,3.7678
47.0,31.03,1.75,10.72,10.81,1.27,2.68,7.44,1.7,6.23,6.1094,3.3391
23.48,23.02,1.19,11.25,14.89,2.98,2.52,4.5,2.15,1.85,4.5415,3.0337
48.68,29.29,1.39,10.89,18.77,2.9,2.13,2.59,2.4,6.57,3.4783,3.4581
29.42,39.91,0.9,24.27,22.45,3.31,2.6,1.02,1.7,2.13,3.0635,6.1459
46.65,39.97,1.47,18.83,17.66,1.27,1.22,4.92,2.97,4.73,3.6679,5.42
38.09,28.59,1.98,31.32,17.22,1.89,2.09,2.71,2.79,5.29,3.9491,8.2323
44.8,33.8,0.57,39.68,19.71,2.95,1.98,5.42,0.65,7.25,3.0243,8.5008
49.52,25.8,1.83,30.71,10.21,1.41,2.06,2.97,1.17,2.47,6.9883,5.1512
28.65,26.31,1.34,10.45,13.2,3.03,0.92,1.62,1.25,7.13,5.1753,3.0921
48.83,20.69,0.88,12.76,10.3,1.18,1.19,4.54,0.96,7.54,6.4651,2.4792
31.68,46.9,1.93,18.04,38.72,2.0,1.22,4.95,1.28,1.63,1.7506,9.5859
31.57,26.32,1.23,16.73,18.21,3.54,2.0,4.17,1.56,7.2,3.4876,4.1031
30.21,26.83,1.0,19.22,21.78,3.32,2.93,4.21,0.63,2.81,3.0972,5.6965
36.24,28.39,0.77,19.32,14.05,2.93,2.89,5.13,0.82,1.57,4.8191,3.3348
24.62,23.82,0.87,18.99,17.75,3.61,1.07,4.68,0.74,7.71,3.6016,4.2217
36.61,39.18,1.75,21.56,24.58,3.13,1.26,1.93,0.62,3.75,2.7533,7.7286
36.25,22.25,1.42,24.74,13.29,2.56,0.59,2.38,1.7,5.36,5.0806,5.4274
42.86,24.03,1.87,34.97,12.01,3.94,1.5,1.99,1.33,4.87,5.7288,6.8242
45.01,39.34,0.85,14.41,27.97,3.08,2.59,5.85,2.84,2.49,2.1627,4.4967
33.21,30.19,0.68,14.18,23.73,2.8,2.79,4.7,0.76,5.69,2.4803,3.7383
29.07,41.24,0.51,11.51,16.17,2.23,1.09,4.01,2.82,1.32,4.2163,1.7964
27.78,36.72,1.26,11.78,13.81,3.71,1.16,6.59,0.72,2.42,4.8965,3.2737
25.84,27.68,2.0,15.56,18.83,1.89,1.05,3.28,2.05,7.61,3.4547,5.5205
21.73,39.52,1.54,12.16,33.96,1.03,1.38,4.98,1.12,7.67,1.5581,6.297
30.27,23.49,0.96,16.46,16.37,1.59,2.51,1.52,2.57,4.38,4.1473,3.4932
28.11,36.09,1.82,22.88,16.0,1.33,2.12,6.21,0.65,2.18,4.2726,6.3016
48.99,33.11,1.67,15.33,17.61,1.96,2.46,5.87,2.88,3.95,3.7207,4.8038
36.73,28.04,0.52,21.75,15.01,3.48,1.96,6.62,0.62,7.14,4.0887,3.6464
30.42,38.12,1.73,11.52,29.7,2.95,1.14,7.19,1.1,1.49,2.0704,5.8643
37.41,46.14,0.95,17.14,34.02,1.51,1.07,6.31,1.66,1.9,1.7658,7.2496
24.18,49.97,0.72,14.84,30.59,3.37,0.52,6.91,2.39,7.27,1.6656,5.1438
33.32,38.23,0.84,27.34,16.39,2.51,2.45,3.42,2.88,3.91,4.0768,5.1646
38.79,32.14,1.2,19.31,26.08,2.54,2.62,3.4,1.57,1.58,2.6368,6.3737
34.67,26.76,1.14,11.28,17.68,2.09,2.42,7.61,2.39,1.97,3.6649,3.1468
32.05,27.71,0.93,16.62,22.34,3.59,0.69,7.4,2.32,7.18,2.5749,4.9724
49.82,34.38,0.76,15.07,21.24,1.95,2.41,4.84,1.93,4.43,3.0019,4.0828
46.41,31.02,1.64,17.22,23.15,1.28,0.61,3.57,2.23,2.14,2.9059,6.2502
38.7,47.41,1.99,24.65,36.36,1.91,0.76,7.06,0.6,7.26,1.5437,11.8755
37.08,31.05,1.67,11.49,15.41,3.15,1.6,3.26,1.6,6.92,4.2599,3.8379
38.62,31.2,0.94,20.98,25.62,2.97,1.69,2.08,2.46,1.16,2.7495,6.4408
26.04,31.51,0.87,16.73,10.36,1.56,2.54,5.48,1.69,5.07,6.4038,2.3546
31.85,45.1,0.83,17.11,33.14,1.34,2.2,1.3,2.68,2.71,2.0457,6.917
21.18,39.52,0.71,10.12,33.68,2.98,0.88,3.65,2.58,4.73,1.7818,4.3886
34.27,38.43,1.33,28.99,17.94,3.03,1.07,6.65,2.66,2.95,3.7215,7.0094
36.29,30.02,1.41,17.82,19.74,2.1,1.21,3.07,0.82,3.21,3.4384,5.5063
26.83,44.54,1.56,19.21,26.61,3.53,0.81,7.52,1.11,5.21,2.2719,7.339
48.92,21.15,1.52,21.05,14.68,3.93,1.22,7.69,0.57,4.77,4.4133,4.8536
47.28,46.12,0.94,25.34,36.96,1.62,2.32,6.71,2.96,3.77,1.5974,9.9918
41.66,35.38,1.0,20.36,22.29,2.73,1.1,7.91,1.09,1.75,2.7351,5.5852
36.0,31.95,1.52,17.19,23.83,1.02,2.59,4.72,1.42,7.79,2.5524,5.9913
46.1,34.92,1.02,10.68,16.22,3.14,1.67,4.98,1.19,2.22,4.0174,2.926
23.92,40.02,0.82,13.21,15.72,2.24,1.31,6.85,0.6,5.43,4.0138,3.2768
43.72,20.38,1.06,35.54,12.32,1.58,1.53,4.45,1.15,1.58,5.6609,5.5089
23.74,46.15,0.91,16.04,31.11,3.26,2.27,3.85,0.75,5.82,1.9785,6.2546
43.83,33.4,0.63,14.19,13.45,3.43,1.79,5.3,1.49,1.66,5.0702,2.3651
28.27,30.29,1.75,17.85,20.4,1.33,0.52,5.6,2.92,2.61,3.2545,5.8317
46.31,24.15,1.78,37.94,13.6,1.12,2.81,6.26,2.25,5.53,4.8721,7.5049
48.32,33.18,0.83,33.33,24.47,2.0,0.66,5.68,2.27,2.98,2.6986,9.2059
24.46,34.89,0.6,11.41,10.73,2.88,2.85,6.22,1.63,4.73,6.1788,1.4218
33.88,32.11,1.61,26.38,21.43,3.38,0.57,5.72,2.53,1.87,3.1663,7.9693
49.43,40.36,0.82,20.38,26.48,2.64,2.43,4.36,2.77,2.42,2.4218,6.121
34.5,32.63,1.09,18.86,26.59,2.74,1.84,1.94,2.9,6.14,2.4483,5.7456
45.91,48.84,0.6,26.26,34.14,3.4,1.76,6.5,0.75,1.25,1.8122,9.4407
37.66,37.98,0.84,29.27,28.3,2.59,0.68,1.22,2.7,1.78,2.4306,9.123
31.26,44.22,1.69,25.15,36.44,2.83,1.1,7.95,1.06,2.5,1.6478,11.2471
28.57,23.28,1.71,22.62,15.59,2.55,2.44,6.8,1.49,1.14,4.4018,5.961
26.1,31.92,0.81,10.09,14.91,3.64,2.73,5.7,1.36,1.67,4.5463,2.2359
42.85,30.11,1.0,35.68,23.14,1.71,1.82,7.77,2.19,2.97,2.6521,9.4521
31.6,37.08,0.7,10.9,26.51,1.79,1.38,5.29,1.99,1.65,2.4822,3.6458
35.34,45.83,0.61,15.41,23.09,1.38,0.65,1.4,0.77,7.06,2.6889,4.4724
34.77,22.35,1.99,20.18,15.22,3.46,2.21,4.92,2.46,1.46,4.578,5.9228
37.32,22.18,1.48,20.71,16.23,2.24,1.2,2.94,1.6,7.03,4.0622,5.4416
45.97,45.51,1.31,28.73,39.77,2.04,0.64,3.59,0.51,6.76,1.4708,13.6274
49.42,26.39,1.65,26.5,20.84,3.94,2.16,4.22,1.54,1.71,3.2513,7.7669
32.23,40.06,1.76,26.1,18.15,3.78,1.71,6.42,1.79,1.18,3.7473,7.0535
44.83,36.29,1.71,17.17,18.98,3.92,0.53,4.52,0.67,1.35,3.6212,5.7683
42.94,44.99,0.52,17.66,13.28,1.43,0.78,4.32,0.88,5.13,4.9681,2.442
37.21,23.75,0.78,30.45,12.17,3.67,2.25,3.11,2.98,5.69,5.5348,4.2603
48.68,23.89,1.48,12.58,17.85,1.99,0.66,4.78,2.68,5.34,3.5848,4.1072
26.01,36.7,1.06,16.71,17.83,1.04,2.66,2.74,0.83,4.79,3.8033,4.3137
23.28,48.39,1.97,15.64,30.72,2.17,1.28,2.83,1.95,2.22,2.294,7.4384
45.62,32.45,1.5,25.48,21.62,2.53,0.72,6.3,1.45,6.89,2.7549,7.6058
33.17,29.81,1.93,22.62,21.58,1.32,2.4,3.4,1.86,3.29,3.156,7.092
45.41,38.2,0.8,15.25,14.24,2.61,1.81,1.36,1.68,7.9,4.7131,2.7105
46.79,47.91,1.8,37.11,20.03,3.46,1.27,3.41,0.62,3.69,3.4151,9.7021
21.87,45.11,0.98,10.96,23.5,2.13,1.52,5.47,1.29,2.84,2.6776,4.0829
46.5,49.86,1.98,22.63,22.72,2.06,0.55,6.7,0.81,7.26,2.6088,7.7271
33.45,20.68,0.74,11.39,15.58,2.02,2.16,7.73,1.72,4.97,4.0595,2.3335
35.31,23.39,1.27,21.07,17.0,3.77,1.41,6.22,2.77,6.05,3.7569,5.0976
38.8,38.28,1.69,25.94,21.17,1.15,2.29,4.0,2.99,3.86,3.1721,7.1791
47.79,44.62,1.15,40.86,36.04,2.34,2.07,3.09,2.86,7.21,1.5693,15.7839
20.57,28.56,1.2,14.12,14.71,1.79,2.13,1.91,2.96,7.42,4.5543,3.5069
34.31,27.18,1.98,20.45,19.57,3.68,2.48,5.39,0.54,4.06,3.3641,6.5807
40.63,43.61,1.14,33.9,16.4,1.29,2.08,4.57,2.32,2.69,4.0689,7.1636
41.68,21.69,1.41,22.77,15.17,2.23,1.55,5.74,1.18,5.53,4.3706,4.9496
40.78,31.08,0.58,24.47,17.34,2.22,1.47,2.66,2.66,7.68,3.6894,4.6322
24.03,35.17,1.76,15.38,12.17,3.67,0.8,3.27,2.53,5.36,5.5825,4.0962
28.98,36.81,1.47,15.73,15.96,1.65,2.45,3.04,1.56,7.68,4.0983,4.3167
30.76,41.86,1.11,23.22,20.8,2.93,2.4,6.58,1.68,3.41,3.0497,5.835
44.13,30.65,0.52,15.39,21.72,1.4,1.12,2.2,1.16,7.41,2.8466,3.7866
28.36,38.38,1.39,17.41,11.71,3.86,2.66,5.26,1.22,1.79,5.9067,3.8898
26.32,37.56,0.52,18.18,24.88,2.78,1.97,1.36,2.95,3.51,2.6361,4.7544
48.72,36.43,0.5,40.49,25.34,2.88,1.7,4.85,2.72,4.46,2.4501,10.3571
20.27,39.21,1.42,14.65,25.83,2.3,0.54,1.45,0.98,5.57,2.5592,6.1858
49.93,27.78,0.78,27.77,19.72,2.03,1.46,2.23,1.19,3.06,3.3589,6.3984
40.3,22.54,0.79,26.27,11.34,1.64,2.1,1.79,0.77,7.47,5.9085,3.9975
44.85,23.58,1.48,21.77,15.04,2.81,0.72,3.43,2.97,7.32,4.3354,5.2764
28.84,26.74,0.58,16.48,21.05,3.86,1.65,3.41,2.77,6.6,2.8061,3.8832
20.43,35.01,0.97,14.92,22.22,2.08,2.98,6.78,1.88,1.8,2.8783,4.1261
42.14,45.21,0.72,35.26,28.47,3.65,2.29,2.58,2.23,1.55,2.4296,10.7112
45.02,41.04,1.37,36.88,29.18,1.45,1.87,1.6,2.37,4.49,2.278,12.253
42.21,43.67,1.49,13.77,19.55,3.81,1.83,5.22,1.01,6.36,3.2627,4.7207
24.29,30.53,1.58,17.89,20.88,2.05,0.61,5.81,2.84,1.86,3.2,5.7309
42.6,32.14,0.88,36.18,25.7,2.14,2.89,3.06,1.82,5.49,2.4198,10.3582
43.07,31.81,0.63,20.14,10.18,2.39,2.82,5.22,0.73,4.69,6.5534,2.4182
39.76,25.76,0.62,22.84,19.36,3.15,2.21,6.43,1.49,6.08,3.0658,5.1224
42.98,21.84,1.14,31.8,11.49,3.16,0.75,3.43,2.0,4.05,6.0074,5.2119
45.38,37.73,1.92,27.07,20.36,2.44,1.02,4.68,1.38,5.85,3.2138,8.1031
38.41,49.68,0.83,33.26,39.56,2.57,0.96,2.03,2.25,2.12,1.6693,14.2199
22.66,25.0,0.89,13.49,18.24,1.09,1.8,1.17,2.71,2.5,3.7237,3.422
34.63,21.4,0.65,24.01,15.71,1.91,1.02,7.87,2.43,7.32,3.8813,4.5378
22.33,43.39,1.41,15.81,36.69,2.04,2.24,3.1,2.11,3.31,1.7242,7.5998
32.23,27.58,1.52,18.51,15.62,2.68,1.86,2.95,1.78,7.9,4.1935,4.8177
32.21,44.89,1.46,24.75,29.62,2.67,0.54,7.81,1.14,1.32,2.0269,9.2403
21.98,41.12,1.79,13.81,20.2,3.13,2.36,6.1,1.64,4.47,3.1957,4.9561
30.46,48.37,1.23,16.37,21.7,3.15,0.97,5.1,1.23,3.27,2.9926,5.1331
23.33,32.27,0.7,10.9,17.45,1.71,2.56,5.9,2.84,7.97,3.3537,2.5835
44.25,39.86,0.93,21.51,28.47,3.31,1.39,5.97,2.77,7.93,1.9909,7.2353
48.43,33.95,1.49,34.54,19.5,1.06,1.35,6.34,0.89,2.65,3.3507,8.9526
22.17,38.92,1.42,16.61,29.47,3.15,0.53,1.47,2.56,2.87,2.3384,6.9358
48.65,33.49,1.3,18.47,23.78,1.31,2.97,3.89,2.26,6.25,2.657,5.7704
35.68,25.66,1.52,17.35,10.22,3.19,2.03,3.07,2.94,7.23,6.6334,3.9547
28.99,35.24,1.46,12.15,22.75,2.58,1.56,1.49,1.66,5.65,2.9495,4.6072
22.31,35.86,1.82,15.05,19.11,2.31,0.74,3.89,2.31,7.05,3.3207,5.2042
35.02,44.32,1.38,29.22,23.39,3.07,2.25,5.31,1.79,1.44,2.8506,8.5652
43.84,42.07,1.67,28.48,32.15,1.11,1.21,2.25,0.67,5.48,1.9089,11.5675
41.21,39.91,0.87,26.18,23.64,1.67,2.97,3.14,0.62,5.9,2.6482,6.9911
21.51,23.4,1.52,13.6,17.44,2.85,2.88,5.47,0.81,2.33,3.9338,4.2482
22.19,41.62,1.85,10.64,28.97,3.54,2.34,5.06,1.24,6.45,2.0031,5.4142
32.09,35.01,1.08,22.46,21.06,2.14,2.93,7.08,1.15,7.61,2.751,5.9701
28.86,46.82,1.67,18.34,34.01,1.78,0.76,6.54,2.32,7.29,1.472,8.5926
26.97,47.6,1.59,17.92,11.25,2.56,1.2,7.76,2.29,2.71,5.9918,3.9945
28.43,21.65,0.59,22.07,10.18,2.87,1.13,5.18,2.93,3.27,6.6842,2.8392
44.1,44.62,1.37,32.82,12.47,2.26,0.68,5.89,1.28,4.5,5.3722,5.6769
47.88,21.13,0.7,35.67,12.68,3.63,2.93,7.02,2.85,2.11,5.2212,5.1676
32.15,31.02,1.95,25.9,13.77,2.57,0.65,6.88,2.03,7.68,4.5529,6.1348
47.18,36.27,1.72,41.86,30.93,1.11,2.64,6.03,1.74,2.13,2.0132,14.9923
29.64,24.44,0.66,18.51,15.12,1.67,2.42,4.5,2.17,6.33,4.3169,3.4172
34.29,42.39,0.68,12.1,28.14,2.35,1.44,2.91,2.26,3.39,2.338,4.1504
26.78,20.25,1.39,15.41,11.46,3.09,0.55,7.14,0.93,5.02,5.7645,3.6839
39.21,25.06,1.02,29.07,13.24,1.66,0.52,6.44,2.38,1.33,5.1239,4.9068
49.37,37.42,0.55,10.95,17.52,3.93,1.01,6.87,2.31,2.44,3.6199,2.3195
38.1,41.43,1.31,11.31,28.47,1.96,1.73,1.99,2.99,4.11,2.4028,4.7359
30.73,47.5,1.08,11.06,25.4,2.6,1.64,3.2,2.78,5.74,2.4409,4.086
39.43,41.16,0.65,27.86,23.55,1.06,1.96,3.97,2.21,6.44,2.6033,6.9556
23.69,40.15,1.7,14.35,24.89,3.65,2.43,6.87,2.28,1.21,2.5728,5.528
46.66,31.83,1.87,21.68,22.94,3.37,1.44,7.25,2.86,2.07,2.8298,7.4037
35.09,20.04,1.63,12.12,10.46,1.59,0.9,2.99,2.92,6.11,6.6103,3.3212
33.48,23.6,1.73,23.53,16.68,3.8,2.5,5.81,2.57,6.69,3.7871,6.0493
37.58,36.04,0.82,17.25,21.85,1.95,1.33,1.54,2.42,2.66,3.1829,4.1075
38.74,40.25,0.9,16.3,26.9,3.08,1.22,3.87,0.78,2.61,2.3704,5.4687
22.15,32.52,0.81,14.67,15.74,3.46,2.41,4.41,2.58,1.62,4.2783,3.1996
40.48,41.92,1.65,24.24,21.02,3.22,2.84,6.36,1.13,2.05,3.1456,7.0474
27.26,35.66,1.92,14.44,14.77,3.75,2.79,7.24,1.91,1.06,4.6657,4.6443
41.42,22.23,1.58,26.95,17.08,3.59,0.84,3.36,1.51,5.13,3.9059,6.4869
44.68,25.76,1.82,18.05,15.35,3.98,1.76,4.69,1.36,7.33,4.2713,4.8787
44.12,45.2,1.46,33.14,40.08,1.55,0.73,5.53,1.28,2.05,1.6082,15.3546
36.58,41.75,1.08,14.95,23.1,1.91,2.9,3.3,2.64,6.26,2.6871,4.5102
35.61,46.84,1.14,13.27,17.0,2.91,1.04,7.9,2.42,5.02,3.599,3.5508
24.29,23.53,0.61,17.27,14.33,3.2,0.99,7.13,1.81,7.58,4.2993,3.2822
43.26,49.71,0.55,30.01,11.37,2.6,2.72,3.07,2.16,6.59,5.9223,3.6829
28.14,26.28,1.54,12.4,20.21,1.22,2.92,4.56,2.96,6.97,3.0762,4.106
34.9,20.35,1.16,12.31,14.38,3.52,2.24,2.62,1.49,5.47,4.7342,2.9854
28.53,49.92,1.33,21.34,35.35,3.88,0.8,4.6,1.88,6.68,1.5787,9.0779
24.01,28.43,1.34,17.0,18.19,2.22,1.71,5.78,1.83,3.46,3.6905,4.8359
38.89,40.04,0.92,17.82,24.52,1.67,2.54,1.6,2.84,2.46,2.9172,5.1422
21.63,25.3,1.21,14.36,20.27,1.06,1.93,7.09,1.38,7.39,2.9775,4.6293
42.46,37.41,1.21,13.41,16.23,1.71,0.83,5.16,2.97,6.14,3.8797,3.0152
29.53,47.12,1.08,17.37,35.04,3.1,0.93,7.93,1.26,1.63,1.5505,7.6752
20.0,29.61,1.73,10.09,18.49,3.73,2.66,1.18,0.77,7.07,3.6309,4.1917
35.33,40.11,1.18,17.96,34.5,1.28,1.82,6.82,0.98,3.44,1.7225,7.6649
21.41,25.64,1.41,10.48,18.81,2.66,2.26,6.54,1.57,3.09,3.4866,3.4376
28.29,38.74,1.84,16.31,33.71,3.09,1.43,1.93,2.12,5.36,1.9049,7.576
41.21,30.09,1.8,21.05,18.88,1.83,1.83,3.35,1.79,4.98,3.4769,6.4615
21.88,26.34,1.84,13.06,12.32,2.71,2.94,7.19,1.44,4.77,5.4369,3.9721
45.18,29.4,0.91,11.37,17.25,3.15,1.32,4.63,1.91,2.78,3.9581,3.0403
20.11,25.37,0.55,11.85,17.37,3.51,2.19,3.81,2.6,7.72,3.562,2.3882
27.4,47.06,0.89,19.38,34.82,2.36,0.93,7.34,2.6,7.65,1.4344,7.9048
42.23,31.92,0.92,20.04,10.01,3.24,0.8,1.65,2.32,1.03,7.2326,2.9541
29.49,27.36,1.86,20.36,16.24,1.91,2.46,4.31,2.88,3.36,4.196,5.5017
23.06,33.45,1.47,12.98,14.34,1.64,2.61,5.57,1.98,1.32,4.7812,3.5779
30.81,29.62,0.62,16.69,22.79,1.56,2.17,5.26,0.52,6.95,2.6177,4.4254
28.11,42.33,0.7,17.39,14.18,2.08,0.9,2.85,1.23,7.21,4.5966,3.5759
45.28,49.14,0.73,38.79,32.75,1.11,1.1,4.94,1.32,4.63,1.8452,13.3104
29.4,33.14,1.45,11.57,14.83,1.85,2.78,5.96,1.87,6.88,4.3055,3.028
43.67,45.83,1.6,10.94,20.99,2.96,1.22,5.09,2.76,5.92,3.0143,4.0128
46.76,36.98,1.79,29.31,30.67,2.94,2.55,5.79,2.6,4.5,1.924,11.2948
33.01,24.72,1.91,27.1,12.34,1.22,1.21,2.79,1.08,3.55,5.659,5.9596
47.3,40.72,0.8,41.97,12.44,1.86,2.85,6.83,1.8,2.86,5.292,5.6414
31.32,35.4,0.96,17.9,11.41,2.71,2.79,4.15,2.15,2.82,6.0309,3.0167
48.92,39.52,0.86,25.88,22.37,1.96,0.61,7.91,2.97,4.93,2.5569,6.6578
22.68,46.69,1.04,14.95,30.34,2.25,2.43,1.16,0.58,2.17,2.3435,5.9047
40.61,33.21,1.87,24.23,15.96,3.14,0.92,3.66,1.66,2.22,4.3296,6.5759
34.81,47.04,1.36,22.56,32.11,1.03,1.04,2.26,2.97,1.07,2.2855,9.3927
31.63,42.52,1.61,24.53,11.68,1.83,1.65,4.89,2.94,5.29,5.8427,4.5807
38.98,34.66,1.24,27.9,26.85,1.43,1.94,2.7,1.33,7.96,2.2801,8.6449
41.12,38.1,0.54,22.98,28.86,1.38,1.31,6.16,0.5,7.22,1.7859,7.3823
20.13,29.77,0.6,12.37,24.55,3.88,1.94,7.17,1.97,5.94,2.285,3.7384
25.01,49.51,1.31,16.4,42.32,2.13,0.93,2.48,2.67,6.5,1.327,8.2864
41.39,40.02,1.58,22.03,18.91,2.58,0.56,2.12,1.31,3.92,3.5983,6.0914
39.99,21.32,0.82,21.44,12.52,3.2,1.93,7.13,2.84,3.09,5.3613,3.5117
48.98,29.8,1.58,10.55,21.04,1.14,1.79,3.53,1.33,3.58,3.1941,4.6252
42.83,38.7,1.72,14.84,13.18,1.72,2.22,4.04,2.03,1.57,5.2847,3.9299
48.52,21.69,1.12,26.38,12.1,3.5,2.12,2.55,2.31,5.44,5.5847,4.443
41.08,20.72,1.62,31.45,10.68,3.59,2.74,3.98,1.36,2.22,6.5225,4.9972
28.94,33.5,1.11,13.89,18.42,2.12,1.65,2.62,1.38,6.34,3.5723,3.8736
23.16,29.98,1.52,14.27,18.27,2.12,0.52,5.66,1.67,2.33,3.585,4.6401
43.45,33.15,1.65,19.82,13.83,3.27,2.08,4.49,2.59,2.6,4.9848,5.037
39.32,27.88,1.99,12.55,10.34,1.89,2.19,6.52,0.75,7.7,6.4229,3.8445
21.45,24.94,1.02,16.18,17.15,1.35,1.8,3.19,2.08,1.74,3.938,4.0507
30.8,40.67,1.12,23.51,10.51,1.77,2.22,4.54,2.19,4.49,6.3909,3.5501
48.7,35.44,0.75,12.65,29.89,2.16,1.31,2.82,1.89,1.44,2.2518,4.6005
35.01,26.0,0.81,24.4,12.44,1.16,0.87,7.54,2.84,1.63,5.4429,4.2891
32.98,29.59,1.54,16.25,19.68,2.44,2.16,4.65,2.0,5.43,3.3425,5.4509
33.73,37.75,1.88,28.63,19.89,3.22,1.11,2.21,2.09,5.42,3.3705,8.5816
26.27,22.17,1.09,13.41,10.43,2.54,1.64,2.91,2.0,2.35,6.7743,2.7514
31.06,24.42,0.77,13.83,14.45,1.22,1.73,1.58,2.31,7.11,4.5755,2.7082
31.09,22.2,0.93,19.14,13.72,2.32,1.69,1.19,0.84,5.92,4.9332,3.8212
21.57,44.37,1.18,15.49,35.1,3.13,2.0,4.68,2.74,3.1,1.7709,6.8302
43.03,42.57,0.94,15.4,30.19,1.17,0.57,3.36,0.61,2.74,2.1991,6.0122
32.5,42.6,0.85,22.41,12.19,1.18,2.97,7.75,2.1,6.28,5.2202,3.3573
44.67,41.49,1.6,11.82,15.54,2.11,2.29,2.2,2.04,6.14,4.3252,3.6599
45.51,40.08,0.51,38.04,17.82,1.58,1.56,6.56,1.02,2.04,3.5711,7.1692
26.36,34.31,1.31,10.92,12.25,3.8,0.98,3.21,0.6,3.44,5.6542,3.3569
39.72,39.27,1.69,32.6,21.09,2.74,0.7,2.56,0.85,2.52,3.3526,9.4919
34.17,21.15,0.9,19.41,16.05,1.86,2.18,7.79,1.18,3.06,4.0516,4.7656
46.4,38.64,1.4,24.07,22.17,3.11,1.29,6.62,2.71,3.01,2.8165,7.129
26.47,43.34,1.5,21.17,31.02,2.12,1.07,5.41,2.64,7.83,1.774,8.2922
40.33,35.01,1.48,35.09,23.67,1.4,1.45,5.88,0.66,6.25,2.6256,10.2217
38.23,30.73,1.17,25.11,23.37,1.71,1.98,7.94,1.22,6.46,2.469,7.267
28.86,28.32,1.02,11.76,12.87,2.93,2.18,5.15,2.72,2.94,5.2535,2.855
24.1,39.28,1.75,14.61,28.31,1.16,2.11,1.71,1.09,1.0,2.5664,6.5911
39.55,40.78,1.64,22.99,32.72,1.82,2.66,1.45,2.99,1.41,2.233,9.146
42.16,46.13,0.98,23.97,15.34,1.62,1.05,5.67,1.14,4.87,4.2476,4.9195
29.47,30.27,0.65,18.24,15.3,1.6,2.09,5.6,2.35,3.0,4.2818,3.0334
39.34,43.09,0.61,10.46,37.25,3.05,0.75,6.24,1.54,2.35,1.595,4.6957
31.85,36.84,0.64,21.99,27.05,3.48,1.87,1.76,0.84,1.35,2.4919,6.4978
41.4,46.49,1.37,28.8,18.9,3.15,1.96,7.61,1.14,7.13,3.2504,7.0727
25.98,35.83,0.58,11.27,21.75,2.94,1.04,4.86,2.19,5.2,2.7979,2.6183
46.71,35.53,1.01,28.08,18.3,3.75,1.48,5.55,1.34,1.75,3.6706,6.5161
28.62,37.34,1.63,17.74,20.94,1.18,2.57,1.24,2.01,6.36,3.1886,5.9446
31.03,42.48,0.94,20.94,19.76,1.5,0.87,7.73,1.01,6.29,2.9884,5.2233
21.74,48.94,1.64,10.58,19.48,2.24,1.59,4.94,1.62,3.03,3.505,4.1745
23.35,22.21,1.62,15.23,14.86,2.12,2.83,4.94,1.78,2.32,4.6471,4.1336
35.48,21.6,0.87,15.75,15.14,2.25,1.76,7.6,1.53,6.7,4.0918,3.3147
28.03,48.13,1.59,16.61,38.95,1.62,2.31,7.51,0.99,3.31,1.5418,8.363
45.06,35.9,1.62,33.25,13.25,1.45,2.57,2.54,1.65,6.93,5.1361,6.1945
20.44,38.45,1.1,13.84,29.29,2.53,1.01,7.52,2.23,1.31,2.0693,5.6478
31.37,34.47,0.82,11.95,14.96,3.78,1.05,6.16,2.91,4.5,4.2155,2.0872
30.12,22.81,1.28,18.94,13.34,2.18,2.4,1.13,2.47,2.26,5.3257,4.0626
20.58,43.04,1.88,15.41,35.28,1.13,2.38,2.68,0.9,5.7,1.8652,7.9867
23.73,42.42,1.46,11.37,22.46,3.12,0.65,3.89,1.18,7.98,2.7666,4.8902
32.41,29.35,0.76,24.85,12.83,1.87,1.31,5.08,0.7,3.89,5.2807,4.0791
34.79,29.19,1.52,23.9,12.27,1.74,1.5,5.91,0.84,1.7,5.5708,4.9105
32.13,45.14,1.14,23.26,24.25,1.97,2.57,2.47,1.13,3.22,2.7719,6.8204
35.93,22.17,1.39,15.9,15.47,3.17,1.55,6.86,1.0,7.24,4.052,4.3564
37.85,46.43,1.6,16.58,41.35,3.46,2.81,6.92,1.03,6.36,1.2377,8.7299
20.3,27.7,1.27,14.8,20.0,2.76,2.99,5.44,1.08,2.63,3.3376,4.236
33.92,37.79,1.72,16.81,29.99,1.97,2.45,7.45,1.25,7.68,1.8823,7.1042
48.9,48.08,1.58,12.14,34.74,1.93,2.17,6.69,0.81,5.36,1.7067,6.1035
35.57,40.34,1.42,22.35,32.69,1.37,1.48,2.55,1.19,2.18,2.1765,8.9739
40.33,32.43,0.73,13.16,11.33,3.8,0.67,6.59,2.22,5.01,5.8377,2.3086
29.36,40.69,1.75,21.44,33.89,2.91,1.93,7.67,1.09,4.16,1.677,9.5534
43.22,30.32,1.9,28.11,16.07,1.08,1.4,1.96,0.93,6.74,4.2158,7.2503
43.19,28.32,0.71,34.66,22.27,2.99,1.38,7.85,0.67,3.41,2.7508,8.6023
35.64,49.9,1.23,26.2,12.64,2.34,2.22,1.17,1.75,7.12,5.371,4.5233
49.28,42.52,0.89,13.84,29.69,3.92,1.66,4.66,2.6,6.68,1.8851,4.5911
23.77,39.34,1.63,13.34,27.91,3.46,2.38,6.42,0.65,5.72,2.0954,5.6568
20.51,30.66,1.58,14.27,25.61,1.51,1.5,6.53,1.86,2.81,2.5267,5.845
43.1,21.47,0.71,21.73,14.98,3.16,0.88,6.14,2.13,7.79,4.1363,4.1695
44.21,20.93,1.82,38.41,12.27,2.46,1.65,4.71,1.98,4.84,5.5338,7.2691
23.61,36.63,0.77,16.33,22.05,1.56,2.88,5.56,2.69,7.35,2.6707,4.3689
27.97,42.86,1.7,10.2,20.21,3.1,2.5,5.9,2.67,2.51,3.2424,4.3062
20.53,36.12,1.19,14.86,14.14,2.64,1.01,4.46,0.64,7.88,4.5499,3.7954
28.8,45.22,0.99,11.39,17.51,1.09,1.48,5.17,1.4,6.71,3.566,3.5558
43.19,21.0,0.74,13.96,11.33,2.94,2.82,6.92,2.18,7.64,5.6207,2.2474
35.54,31.0,0.75,25.09,18.78,2.9,0.81,3.19,2.88,2.49,3.5457,5.8696
30.44,27.11,1.49,23.36,20.98,1.43,1.13,4.66,2.51,4.01,3.1196,6.6487
31.15,33.42,1.33,18.66,26.81,2.05,1.16,1.06,0.94,1.68,2.6935,6.6521
20.04,22.17,0.68,11.46,10.39,2.76,1.93,5.81,1.2,1.96,6.6165,1.8644
28.99,48.62,0.67,14.92,12.69,1.42,1.53,2.37,2.41,2.99,5.3661,2.4949
39.39,26.7,0.61,18.36,12.87,3.56,0.7,4.37,1.68,7.66,5.0972,2.9736
49.23,47.67,1.62,21.18,18.33,1.08,2.07,2.47,1.87,5.67,3.6698,6.0203
45.41,32.78,1.57,17.39,11.69,1.31,0.75,1.16,2.02,3.2,6.0009,4.0863
20.71,49.57,0.59,13.48,23.43,1.35,2.02,4.38,0.76,7.68,2.4877,3.6395
46.96,36.62,1.34,38.77,22.71,2.58,1.77,3.97,2.64,6.18,2.6817,10.2953
43.5,47.92,0.63,18.75,29.04,2.86,1.73,3.98,2.66,7.35,1.8782,6.1893
43.41,20.16,1.86,15.3,12.8,2.21,0.67,2.46,1.67,7.49,5.3588,4.5725
33.74,42.45,1.86,25.71,19.3,1.87,2.1,7.63,2.07,6.26,3.1628,7.0011
31.94,47.09,1.55,22.57,32.67,3.43,1.58,1.02,2.15,2.7,2.184,9.6229
29.09,24.19,1.89,23.11,17.6,1.2,1.53,7.24,0.97,7.98,3.4863,6.7376
21.97,22.88,1.72,11.15,12.73,1.84,1.99,6.16,0.78,3.28,5.3183,3.8462
26.85,32.74,1.74,11.71,11.52,1.12,2.02,2.2,0.55,5.7,6.0063,3.8918
27.4,48.01,1.35,16.71,19.78,1.04,0.54,4.31,2.78,6.91,3.0852,5.2021
34.52,36.27,0.96,22.0,12.92,2.06,0.81,7.92,1.36,2.23,5.1884,3.8793
42.42,35.82,0.83,23.17,19.73,1.58,1.09,5.51,0.71,5.26,3.1633,5.417
34.21,24.23,0.99,21.51,11.44,1.81,2.19,1.89,1.66,3.63,6.0489,4.0401
21.74,20.02,1.44,11.21,12.33,3.46,1.94,4.2,0.69,2.71,5.6239,3.1437
48.73,44.3,0.76,26.18,16.48,1.49,2.39,4.28,0.71,1.08,4.112,5.2168
48.28,22.63,0.89,31.9,15.63,3.34,2.35,6.62,1.72,7.1,3.9871,6.2386
43.56,39.02,1.2,22.36,10.66,3.03,2.63,7.41,1.77,1.95,6.3507,3.6576
49.74,47.44,0.85,33.6,28.0,1.98,1.44,1.58,1.95,7.15,2.2387,10.2706
36.33,26.26,1.38,19.63,11.91,2.64,1.36,3.2,2.14,5.2,5.7124,4.2465
48.88,39.96,1.88,21.3,10.02,2.33,2.58,3.09,2.17,5.35,6.8485,4.5305
22.27,22.36,1.62,12.21,16.4,1.39,1.09,7.97,1.58,6.8,3.8025,4.2662
30.97,38.11,1.5,16.56,25.52,3.72,1.65,4.91,2.11,4.57,2.4644,6.084
26.76,24.92,1.37,10.27,10.98,2.71,0.99,7.16,1.26,3.5,6.0253,2.859
25.87,42.08,1.23,17.27,27.98,3.64,2.78,3.98,1.6,1.97,2.3909,6.1751
24.22,29.04,0.78,17.8,18.59,3.47,1.52,6.06,1.48,4.99,3.3461,4.4157
38.67,33.9,1.84,18.39,18.95,1.24,1.03,3.01,1.32,4.87,3.5817,5.9539
43.44,37.98,0.87,11.31,19.64,1.62,2.23,7.38,1.1,3.06,3.1643,3.2829
37.35,25.14,0.64,32.05,18.99,1.44,1.11,4.19,0.7,5.2,3.2991,6.6689
24.41,42.25,1.63,12.48,16.68,3.49,2.86,6.63,1.76,4.08,3.9736,4.4651
44.33,29.08,0.76,13.71,15.61,3.59,1.42,2.79,1.84,6.64,4.2287,3.0232
39.08,39.87,1.06,18.9,18.19,2.58,2.16,5.86,1.34,4.92,3.4991,4.7421
31.64,24.75,0.54,22.29,17.52,1.31,1.36,3.84,2.94,7.54,3.5896,4.474
40.22,40.64,0.71,17.41,33.5,1.41,2.52,1.22,1.89,4.63,1.9533,6.355
27.8,23.85,0.76,17.35,17.52,3.44,2.74,3.89,2.72,7.21,3.6026,3.8719
30.36,32.76,0.58,16.38,24.17,3.79,2.47,4.85,1.93,4.64,2.4819,4.0886
47.52,27.42,1.48,13.83,22.25,1.6,2.62,2.06,0.97,4.91,3.0286,4.8225
28.72,42.45,1.76,14.53,29.14,1.03,0.75,2.29,2.94,3.57,2.3871,6.3376
34.1,27.86,1.06,23.84,19.66,1.99,2.81,4.25,2.71,3.8,3.3703,5.3492
46.7,46.45,1.81,29.4,40.91,1.09,2.06,3.4,1.68,7.53,1.3856,14.2672
41.23,46.75,0.82,13.14,10.22,3.48,2.67,4.09,1.11,2.56,6.7735,2.1849
21.87,25.89,0.99,11.12,16.91,2.47,2.21,4.23,1.06,1.85,4.0135,2.8176
24.42,38.42,0.73,16.04,27.3,2.93,1.0,1.98,2.52,6.81,2.3043,4.8684
20.24,22.63,1.43,14.26,17.0,2.23,2.02,2.27,0.67,5.04,4.0505,4.3094
38.93,31.75,1.13,18.36,24.8,2.04,0.73,6.94,2.1,2.99,2.435,5.9504
33.43,41.4,1.42,20.97,32.23,1.67,2.24,2.14,2.1,4.03,2.1084,8.4014
24.03,39.78,1.64,11.54,33.44,3.31,1.52,5.66,0.96,4.67,1.8978,5.8218
48.74,38.74,1.32,20.51,22.76,3.09,0.88,3.93,2.26,5.14,2.8466,6.2513
35.89,28.48,1.44,10.42,10.09,2.08,2.95,7.78,2.26,6.75,6.552,2.5598
27.26,31.34,1.9,19.42,10.18,1.96,2.75,1.46,1.38,3.76,6.9209,4.4354
35.02,23.09,0.95,18.03,14.41,1.0,2.73,6.81,1.71,5.74,4.4064,3.4638
40.39,41.57,1.04,30.72,21.57,1.19,2.47,4.44,2.58,6.84,2.8452,7.67
22.29,35.12,1.58,15.16,19.08,2.87,2.23,1.04,1.81,6.91,3.4887,4.5914
28.24,41.26,1.42,20.97,20.52,2.54,2.14,2.85,2.05,2.78,3.2804,5.7306
44.21,27.47,0.77,18.34,21.44,2.3,0.77,3.85,1.53,3.45,3.0378,4.9669
33.79,29.73,1.06,13.48,15.29,3.48,2.75,3.2,0.87,5.16,4.4064,3.4479
36.4,30.03,1.2,30.8,22.87,2.51,2.7,3.54,3.0,7.2,2.6457,8.1962
32.98,20.77,1.13,22.9,15.21,2.15,2.37,7.42,1.83,6.53,4.1254,4.7629
21.32,30.23,0.77,15.27,17.61,1.48,2.82,3.53,1.34,5.09,3.7146,3.3338
24.97,44.1,1.89,10.13,23.01,3.46,1.88,3.93,2.28,7.89,2.6911,4.9634
33.37,46.92,1.64,16.51,34.29,2.73,1.62,6.33,2.05,4.07,1.7545,7.719
26.28,35.55,1.22,18.38,24.55,1.28,2.92,6.56,1.08,6.9,2.3829,5.8436
21.5,33.67,1.52,10.51,16.13,2.95,1.66,1.59,2.69,6.73,4.1503,3.7331
45.31,20.92,1.85,27.2,10.61,2.28,2.1,5.93,0.68,7.36,6.3148,5.2208
49.44,46.38,0.7,24.78,18.31,3.43,1.43,4.38,2.01,7.91,3.3894,5.2794
43.79,20.39,0.88,10.51,10.71,3.76,2.09,1.94,1.69,4.47,6.5251,1.85
45.61,48.34,1.31,17.22,19.83,2.8,2.3,2.85,1.3,2.37,3.4736,5.1594
27.26,34.68,1.7,13.49,15.15,3.19,2.06,1.32,2.57,4.23,4.5963,4.2923
48.82,30.26,0.55,13.78,19.73,1.17,1.79,3.52,2.14,6.98,3.1444,2.9005
25.91,47.73,1.98,16.89,41.24,2.68,1.25,2.79,2.4,6.85,1.5086,9.2746
48.54,20.73,1.18,18.13,13.93,3.27,2.11,3.67,1.54,3.35,4.8928,3.9923
49.84,37.44,1.04,19.67,30.8,2.49,2.77,5.06,2.86,1.33,2.1018,7.4425
41.35,36.47,0.94,33.67,26.83,2.78,0.52,6.13,1.36,4.57,2.3221,10.4325
49.43,26.58,0.76,26.09,18.43,3.7,0.83,5.24,1.83,4.32,3.4115,5.6407
37.09,32.87,1.69,18.66,17.4,1.59,0.8,5.75,2.83,1.6,3.9294,5.2434
27.79,39.57,1.93,19.26,17.98,1.29,2.81,7.06,0.71,6.56,3.4863,5.7669
33.11,41.81,1.12,26.47,32.69,3.07,2.16,7.12,0.77,2.99,1.7818,10.1858
37.81,20.02,1.93,10.57,14.55,3.47,2.88,7.03,2.99,5.52,4.4339,4.0287
22.19,48.11,1.74,13.22,24.96,3.55,1.96,2.07,2.93,1.71,2.8162,5.2894
38.67,24.94,1.22,24.46,10.09,2.92,1.65,2.76,2.43,7.02,6.6998,3.8424
49.44,27.01,1.51,20.97,19.52,3.5,2.48,4.52,1.71,6.17,3.3054,5.9493
25.7,27.9,1.15,18.27,13.68,3.1,0.9,3.51,1.77,3.72,5.0242,4.3232
43.78,21.13,1.34,37.96,10.06,1.26,1.45,1.92,1.14,5.41,6.7863,5.5792
47.24,23.69,0.59,40.41,17.0,3.29,1.67,3.01,1.58,2.31,3.9396,7.2285
48.31,49.59,1.54,18.86,27.9,1.54,1.25,7.83,1.58,7.9,1.9588,7.0643
48.8,29.46,0.58,17.65,19.91,1.71,1.43,3.43,0.59,6.57,3.1819,3.9984
35.64,23.46,1.73,29.77,17.74,2.18,0.7,3.93,1.63,6.52,3.6082,7.8882
49.32,23.21,1.74,25.74,14.44,1.94,0.99,1.04,1.7,2.07,5.0127,6.1569
42.72,41.58,0.86,15.77,23.38,1.96,1.34,6.04,2.16,1.12,2.7859,4.5514
24.85,45.64,0.99,16.96,18.91,1.51,2.49,3.89,1.79,5.1,3.4689,3.6721
34.31,27.71,1.22,15.49,13.88,1.88,0.96,1.72,2.65,2.01,5.0456,3.4513
41.55,20.63,1.39,17.1,14.48,1.06,1.37,7.78,1.42,6.46,4.2956,4.3586
27.42,26.69,0.93,20.92,15.25,2.42,0.66,6.44,1.52,3.91,4.249,4.4388
39.22,21.7,1.39,13.93,11.09,3.31,1.89,6.08,1.93,3.37,6.0983,3.3157
40.0,23.1,0.95,11.61,10.77,3.59,2.03,7.71,1.01,1.52,6.2599,2.0969
24.88,32.95,0.58,12.66,18.49,3.46,2.66,3.85,1.48,7.97,3.3157,2.8359
36.95,26.9,0.5,23.32,15.53,2.25,2.55,6.03,2.22,7.69,4.053,3.7068
43.15,35.48,0.65,13.46,23.38,3.19,1.21,2.44,1.53,1.92,2.8203,3.852
34.97,27.6,1.69,19.42,15.94,1.86,0.84,5.88,2.77,3.33,4.1529,5.1126
20.36,48.22,1.94,13.36,14.77,1.17,0.89,1.1,2.04,3.74,4.7745,4.8078
20.27,47.18,1.14,14.47,26.34,3.03,2.92,1.88,0.88,3.08,2.582,5.2099
30.71,37.0,1.27,13.61,29.95,2.95,2.18,3.98,1.72,7.54,1.9739,5.5618
47.79,30.63,0.72,36.8,12.49,3.4,0.61,1.08,2.41,6.05,5.4828,5.6516
26.86,31.43,1.33,12.79,21.34,2.85,0.84,4.23,2.11,7.69,2.9419,4.3483
39.03,32.36,0.72,26.26,20.31,1.47,1.71,4.66,2.71,7.12,3.0282,5.6829
26.66,41.83,1.42,15.02,30.08,3.56,1.02,5.35,2.37,6.28,1.8506,6.5162
29.65,33.55,1.9,11.68,12.79,2.88,2.51,1.7,0.65,5.88,5.3172,4.0782
45.44,45.7,0.79,31.74,38.91,3.42,1.93,2.27,0.78,7.06,1.5081,13.2061
41.87,48.32,1.65,15.85,30.69,3.32,2.03,5.29,2.12,5.79,1.9946,6.7908
22.86,30.08,0.54,11.39,22.77,1.89,1.66,5.61,1.1,2.32,2.8291,3.2232
32.86,36.82,1.06,16.4,15.38,1.22,1.14,1.18,1.97,5.54,4.3786,3.9691
20.88,22.85,0.67,13.84,15.81,1.53,1.97,4.78,2.48,4.61,4.1054,2.5876
34.43,26.01,1.03,14.55,18.6,1.28,2.29,6.49,1.94,7.87,3.2086,3.9385
39.87,32.4,0.76,14.57,16.92,1.73,1.43,1.48,1.54,4.57,3.9492,3.3585
23.56,26.19,1.06,10.09,14.29,2.38,1.76,3.89,2.12,1.27,4.8633,2.4779
28.67,46.3,1.13,16.45,30.59,3.72,2.6,3.29,0.86,2.85,2.2516,6.3746
31.94,24.75,0.95,17.26,10.91,3.62,0.87,7.4,2.31,7.42,5.8836,2.8821
47.59,33.67,1.48,17.62,23.73,3.16,1.86,2.3,2.24,7.74,2.7244,6.247
49.8,38.17,1.88,11.87,10.99,1.07,1.37,3.23,1.79,6.1,6.1818,3.6766
21.35,40.76,1.1,12.72,14.91,2.02,2.26,7.29,1.2,1.4,4.3954,3.5048
42.83,31.49,0.79,31.94,20.95,3.05,0.55,3.31,2.49,1.16,3.3171,7.5965
31.15,46.07,0.91,21.55,13.06,1.39,2.18,4.72,1.78,4.36,5.1033,3.4286
31.77,37.05,1.78,24.44,31.43,3.4,0.76,1.23,0.65,8.0,2.0555,9.7771
42.63,33.19,1.36,10.26,25.79,3.74,0.66,7.89,2.8,7.09,2.2329,4.2961
47.55,22.02,1.18,41.46,14.39,2.06,2.31,6.77,2.42,7.53,4.3567,7.5355
48.53,33.94,0.72,21.45,25.51,3.12,2.1,5.44,1.96,5.36,2.4021,6.3984
37.31,44.62,1.17,32.1,36.29,1.44,2.74,1.43,1.59,7.01,1.6221,13.0117
30.71,38.44,0.92,13.97,16.08,3.07,1.8,1.52,2.9,3.24,4.2559,3.0058
43.63,44.96,1.91,23.5,35.45,1.06,1.83,4.81,2.44,1.19,1.9618,10.6932
27.53,34.82,1.83,14.43,13.86,1.45,2.27,3.0,1.84,7.43,4.7432,4.3709
36.92,23.55,0.63,17.8,13.54,3.13,1.31,5.36,2.13,2.53,4.9511,3.2213
30.76,20.41,1.27,23.27,13.02,3.14,0.59,5.19,1.2,6.1,5.1181,4.8769
39.7,29.1,0.84,28.44,20.06,2.92,1.08,6.87,0.99,5.61,3.0896,6.9488
27.21,40.94,1.12,22.12,10.78,2.43,1.1,2.97,1.18,2.11,6.4686,3.9597
25.75,43.71,1.82,16.59,18.34,3.02,1.34,5.05,1.23,2.37,3.7603,5.6968
47.55,28.87,1.29,25.08,18.44,3.32,2.86,6.44,2.35,3.3,3.4633,5.5886
23.05,34.87,1.0,10.73,17.1,3.9,2.51,4.44,0.85,6.3,3.7117,2.8214
35.18,32.63,0.81,30.11,23.67,3.67,2.84,6.81,2.44,1.27,2.7098,7.5942
26.63,32.32,1.7,16.41,21.28,3.38,3.0,1.92,1.81,3.85,3.2603,5.3233
21.17,26.94,1.44,14.32,12.8,3.08,1.58,6.14,1.46,5.66,5.0888,3.6845
21.08,24.09,1.2,12.47,11.33,2.72,1.07,7.6,1.25,2.2,6.0367,2.6946
25.26,25.9,0.83,15.62,16.86,1.36,1.9,3.32,1.78,1.84,3.9729,3.315
46.0,21.66,1.0,39.22,13.0,1.5,2.7,3.56,1.29,3.73,5.2388,6.1817
28.47,25.94,1.94,12.24,11.85,3.46,1.66,1.58,1.57,3.01,6.0093,3.7157
48.51,20.28,1.28,19.8,11.72,3.41,1.76,5.49,2.35,5.54,5.5894,3.7326
37.45,38.82,1.1,13.41,17.22,2.84,0.84,4.87,2.06,7.79,3.6968,3.7988
33.1,29.49,1.28,24.34,11.57,2.32,1.55,1.28,2.37,1.03,6.1577,4.1012
37.4,49.19,1.67,11.39,28.7,1.08,1.47,6.27,2.28,7.32,1.9842,5.5561
35.5,25.81,1.01,11.67,18.26,1.98,1.38,6.8,2.54,4.03,3.4926,3.0935
42.76,30.37,0.77,18.29,18.85,2.26,2.72,7.35,1.0,5.65,3.1483,4.2809
28.47,30.74,1.38,16.93,23.0,2.46,0.65,4.82,2.99,6.96,2.6041,5.3752
30.59,20.25,1.5,16.33,10.67,3.79,2.93,4.17,1.69,5.01,6.4706,3.6183
46.82,45.18,1.57,11.43,23.15,1.33,0.52,7.13,2.3,1.68,2.8025,4.6559
48.39,20.96,1.82,41.97,13.63,2.56,2.86,3.79,2.19,1.98,5.0044,8.0438
46.78,48.21,1.06,40.28,32.45,2.1,1.87,5.59,1.92,6.52,1.6888,14.1669
32.58,46.76,0.61,14.91,32.1,3.97,2.26,5.31,2.99,2.6,1.8918,5.2929
43.41,36.07,1.94,30.78,25.36,3.59,0.97,3.61,1.04,4.98,2.5955,10.68
34.29,36.31,1.15,21.16,23.88,2.32,2.14,1.61,1.55,4.0,2.7295,6.437
34.93,39.61,1.43,14.73,12.32,4.0,2.7,1.15,0.82,3.13,5.733,3.5189
26.14,31.61,1.5,12.92,21.55,2.54,0.85,4.0,0.95,6.51,2.9013,4.8065
37.73,39.42,1.32,21.17,27.7,1.5,0.82,4.37,2.28,6.12,2.2006,7.279
25.58,21.34,0.81,14.44,16.3,2.67,1.26,6.76,0.51,5.52,3.8787,3.4287
29.95,21.62,1.63,14.35,14.59,1.68,0.9,3.9,2.72,3.61,4.7087,4.305
45.65,33.72,1.71,34.75,22.86,2.91,0.78,2.97,2.08,2.59,3.0919,10.5282
26.21,36.49,1.33,15.4,21.06,3.81,2.2,4.23,1.6,4.61,3.1953,5.1193
22.13,46.63,1.23,14.67,37.46,3.36,1.03,2.67,1.33,6.72,1.5065,6.9132
22.07,23.14,0.67,11.34,18.11,1.82,2.17,1.64,0.82,5.03,3.6623,2.8043
48.22,44.68,0.63,27.73,33.12,1.89,2.65,1.79,2.8,7.79,1.7796,9.5494
35.21,26.3,1.01,16.43,16.92,1.21,2.13,3.23,2.28,1.11,4.1033,4.0961
32.28,31.82,0.97,19.1,11.33,1.86,0.8,1.09,1.34,7.99,5.8192,3.2571
44.33,29.5,1.93,32.9,20.54,1.28,1.93,2.54,0.68,5.84,3.2465,9.5664
45.07,32.0,1.68,33.12,22.05,2.5,1.48,6.51,1.31,6.83,2.8054,9.3396
29.97,24.51,1.49,15.3,17.38,3.13,1.36,2.64,0.96,3.34,3.8945,4.6409
40.81,35.11,1.28,27.92,12.5,3.25,1.3,1.78,2.47,4.56,5.5407,4.8526
43.13,44.05,0.75,36.48,28.99,1.18,2.82,7.64,2.3,6.58,1.7353,10.7976
39.64,33.25,1.97,25.42,15.4,2.02,2.36,5.36,1.75,6.32,4.3009,6.2735
24.55,34.72,1.06,11.42,24.99,1.86,0.83,1.42,2.71,3.34,2.7418,4.0407
46.28,45.46,0.66,31.26,17.32,1.31,1.69,1.44,0.95,3.27,3.9304,6.4265
36.17,41.18,1.24,12.22,27.91,2.09,1.3,5.28,1.63,5.64,2.1193,4.7617
28.47,34.71,1.81,21.75,15.82,1.9,2.94,4.78,2.28,7.54,4.0118,5.5132
32.76,27.73,1.83,19.17,10.11,2.9,2.95,1.48,0.67,4.07,7.026,4.0363
21.13,46.55,0.52,12.36,29.98,3.65,1.3,2.57,1.43,3.47,2.0948,4.4383
23.84,37.31,1.83,10.5,12.53,2.36,1.38,7.5,1.93,7.26,5.1781,3.6369
42.97,26.63,0.91,20.65,17.67,3.24,2.0,5.0,1.42,5.78,3.5502,4.6004
20.0,28.07,0.56,14.52,22.1,1.44,1.7,4.08,1.7,3.72,3.0113,3.6365
32.5,44.09,1.77,10.37,38.2,3.68,1.03,2.75,2.02,1.4,1.9196,5.9223
35.68,21.32,1.8,19.81,11.49,1.46,2.15,1.94,1.42,6.05,6.1065,4.3202
21.64,49.76,1.39,16.18,38.13,1.58,1.34,3.82,0.77,3.47,1.7599,7.8616
49.19,23.91,1.36,23.5,13.15,1.32,2.13,7.46,0.85,1.49,5.0948,4.9578
26.78,43.88,1.72,15.05,36.01,1.93,1.46,1.34,1.82,5.29,1.7824,7.1694
29.13,31.84,1.68,18.17,23.26,2.66,2.25,7.94,0.94,3.26,2.7832,6.5364
29.12,34.77,1.84,16.54,11.46,3.96,2.17,2.45,2.72,3.37,6.1246,4.2272
26.91,46.42,1.33,12.01,22.79,3.38,1.77,3.86,2.59,4.35,2.9013,3.9319
20.04,32.39,1.95,10.09,15.87,2.14,2.26,1.32,1.37,6.02,4.3046,4.1017
41.88,36.12,1.99,26.39,26.59,2.73,1.65,5.09,2.58,2.93,2.4575,9.8179
49.01,21.48,0.67,41.31,12.66,2.87,0.79,4.38,1.83,1.57,5.4607,5.7652
26.73,20.07,1.77,11.25,13.47,3.47,0.96,5.67,0.9,3.97,4.9054,3.881
39.89,27.34,1.25,15.25,17.44,3.21,1.11,4.8,2.04,1.38,3.9561,4.771
42.26,40.42,1.08,20.09,34.8,2.71,0.66,3.79,2.2,5.88,1.7059,8.393
45.45,23.64,1.42,34.63,18.1,3.01,2.28,6.16,0.71,7.71,3.3722,8.0469
32.68,23.41,0.58,14.76,13.6,3.24,1.42,1.18,1.29,5.61,4.9791,2.5172
29.09,32.33,1.26,22.43,22.54,1.4,0.73,4.79,0.51,2.93,2.922,6.894
29.76,39.44,1.81,10.81,30.27,1.6,2.55,1.8,1.29,2.27,2.3516,5.7347
41.38,41.36,0.82,34.82,33.7,3.07,2.21,4.05,1.34,2.63,1.9046,12.1779
44.5,25.35,1.14,26.54,10.71,3.55,1.63,6.54,2.08,2.55,6.2985,3.7336
25.45,22.39,1.91,16.88,12.23,2.23,1.12,2.0,1.0,3.2,5.9124,4.5177
31.13,48.21,1.14,15.93,20.64,3.94,0.88,7.55,0.58,1.68,3.1078,4.8253
47.06,27.82,1.04,35.07,15.57,1.65,1.65,7.22,1.29,7.27,3.9656,6.7381
44.2,45.6,1.16,14.86,15.18,2.25,2.71,3.9,2.56,7.2,4.3692,3.1291
49.55,45.9,1.28,11.69,25.34,2.14,0.97,1.04,1.5,5.31,2.5416,4.5925
42.63,43.18,1.45,20.93,28.69,3.79,1.92,6.53,1.54,1.43,2.3362,7.8149
31.8,25.07,1.7,24.34,15.01,1.86,2.9,7.17,1.67,6.63,4.2505,5.5761
37.72,44.65,1.18,27.15,29.74,2.41,2.09,2.22,2.38,1.43,2.3127,9.2888
39.83,43.08,1.73,22.84,11.87,1.56,1.6,7.41,1.7,1.74,5.6854,4.8243
22.35,37.9,1.3,14.21,30.06,2.56,2.29,7.4,0.73,3.28,1.9116,6.0128
36.33,30.12,1.01,12.77,24.2,3.57,2.56,4.3,1.02,4.02,2.6233,4.2452
41.28,27.88,1.49,32.09,17.96,1.91,1.98,6.59,0.97,3.48,3.642,7.4698
25.02,23.66,1.58,17.89,17.63,3.43,2.68,4.11,1.77,2.16,3.9314,5.2641
43.42,35.29,1.34,28.66,12.67,3.73,1.79,4.95,0.57,1.78,5.4555,5.126
37.51,37.56,0.58,20.5,27.99,1.22,2.58,3.24,1.21,7.02,2.0752,5.8928
48.57,30.78,0.75,42.37,11.88,3.27,2.88,2.12,2.02,3.54,5.8788,5.6275
21.27,34.26,0.93,15.51,17.86,1.77,1.75,6.23,1.39,2.53,3.7929,3.7985
27.96,30.91,0.92,18.35,15.15,1.53,2.01,1.01,2.27,4.41,4.6162,3.7527
38.05,39.23,1.51,18.57,24.19,2.8,2.02,5.06,1.48,1.26,2.7736,6.1704
28.9,47.04,0.53,18.59,19.66,3.12,2.45,7.05,2.95,5.2,3.1025,4.0842
41.43,24.92,1.63,25.21,16.32,2.18,2.56,2.55,2.91,2.74,4.3088,6.3607
42.77,31.44,0.9,20.95,16.04,1.12,0.57,3.33,2.5,5.19,4.2021,4.3962
23.08,24.23,0.97,12.48,17.94,3.73,2.33,5.11,2.89,5.3,3.5447,3.2273
35.42,38.75,1.29,18.31,25.05,3.19,2.46,2.73,1.01,6.66,2.4656,5.7548
35.27,41.87,0.82,21.63,15.78,1.82,2.25,6.93,2.38,2.61,4.1924,4.1004
31.08,47.96,1.83,16.88,21.08,2.49,2.28,3.57,1.3,4.24,3.2051,5.8008
47.99,28.37,0.63,18.69,21.33,1.08,0.6,5.07,2.31,7.73,2.7202,4.4658
44.83,48.51,1.17,32.7,22.95,2.02,1.61,2.58,1.43,6.09,2.8343,8.8179
40.92,21.9,1.77,23.77,13.7,2.57,2.55,1.29,1.22,7.83,5.0347,5.4288
41.43,38.09,1.42,11.79,24.98,2.55,2.84,2.22,2.9,7.49,2.4845,4.2168
33.85,21.71,0.94,16.94,12.34,1.62,1.07,1.32,1.02,5.28,5.5166,3.1904
47.63,46.81,1.13,38.87,19.35,3.33,1.95,4.28,2.4,2.85,3.4534,8.5771
40.84,35.89,1.56,29.51,19.93,1.9,2.51,5.11,2.19,6.3,3.2078,7.9101
41.87,40.08,1.96,18.69,15.39,2.74,2.38,1.31,1.26,5.89,4.479,5.5175
45.85,44.95,1.84,38.94,18.51,1.81,2.05,1.63,1.65,5.12,3.7659,9.6656
28.22,24.51,1.01,11.01,10.59,2.28,0.55,4.4,0.86,5.88,6.3526,2.7417
44.21,21.16,2.0,38.08,11.87,1.62,2.31,6.59,2.8,5.3,5.6794,6.8402
25.86,46.37,0.51,12.67,20.06,2.9,2.43,5.4,2.92,4.64,3.0778,2.8176
30.36,29.45,0.54,10.14,23.9,2.28,2.31,1.73,2.33,3.91,2.703,2.9854
30.07,23.87,1.74,16.54,15.23,1.05,2.41,7.21,2.62,1.31,4.4254,4.4392
49.36,34.05,0.8,22.33,25.0,1.08,1.58,7.42,0.71,7.06,2.1486,6.1483
45.7,37.95,0.59,26.55,11.04,2.41,2.98,3.27,1.46,7.06,6.0394,3.2354
41.04,20.93,0.86,30.74,10.63,1.55,2.43,5.31,1.33,5.16,6.1873,4.3681
41.81,28.25,1.14,32.59,20.79,2.76,1.95,4.45,1.91,2.88,3.1648,7.9071
36.86,20.98,1.6,18.77,13.73,2.22,2.84,7.59,0.96,1.2,4.9135,4.499
48.41,32.61,1.44,24.36,13.36,2.96,2.77,4.56,1.91,1.01,5.164,4.7865
34.89,46.85,0.86,12.95,22.89,3.86,2.54,7.72,2.14,1.51,2.7323,3.7434
31.42,49.48,1.25,10.78,28.57,2.59,1.91,2.4,0.83,3.52,2.3327,4.479
24.89,39.11,1.89,16.34,30.34,3.36,1.82,3.42,0.83,2.32,2.3224,7.231
43.59,24.85,1.72,11.84,10.6,3.26,1.32,6.47,0.59,2.86,6.4034,3.5592
42.03,47.18,0.98,29.84,29.2,3.77,1.13,6.49,2.4,5.9,1.9462,9.7828
31.53,35.49,1.97,18.91,24.69,1.64,1.78,6.13,1.33,7.71,2.4294,7.5418
20.76,24.61,1.56,11.14,19.4,3.48,1.94,7.02,1.06,2.45,3.3681,4.2186
45.17,47.65,0.59,26.28,36.36,3.72,1.11,5.92,2.45,4.26,1.4926,9.8537
20.34,42.72,0.55,10.98,17.66,2.18,2.81,5.45,0.86,7.94,3.3783,2.2548
41.11,41.95,0.75,21.46,29.12,1.94,1.89,4.21,1.57,7.52,2.0388,7.1743
49.11,41.28,1.59,37.27,30.06,3.86,1.82,4.27,2.36,3.47,2.1553,13.0871
33.13,26.01,0.78,18.37,18.03,2.88,1.59,3.84,1.93,3.24,3.6729,3.9062
27.05,26.33,1.27,11.79,19.29,2.14,0.65,5.34,1.89,2.7,3.5376,3.9392
41.15,40.65,0.64,28.93,33.18,3.38,2.71,3.85,0.89,2.09,1.9336,10.0392
44.51,26.59,1.88,15.51,11.14,1.91,1.29,2.03,0.95,4.22,6.4213,4.4214
36.39,33.16,1.02,25.8,11.9,1.53,2.11,1.75,1.96,3.39,5.782,4.2611
49.01,43.46,1.86,26.3,32.67,2.63,2.02,7.47,0.56,6.21,1.6792,10.8982
21.55,43.52,1.92,12.97,17.2,2.7,1.96,1.17,2.67,2.66,4.0899,5.0004
35.14,33.6,0.51,27.15,11.09,3.48,1.81,1.74,1.38,6.15,6.099,3.4309
41.55,43.77,1.2,28.82,21.54,2.37,0.95,4.12,1.54,3.02,3.0762,7.2195
45.88,45.16,0.54,11.02,34.73,3.44,1.2,2.84,1.15,5.15,1.6905,4.4724
25.38,39.64,1.86,13.07,13.12,1.93,1.81,3.84,2.69,5.47,5.1744,3.5398
44.0,26.85,1.28,35.26,17.96,2.73,2.47,1.82,2.11,5.7,3.712,7.9997
36.58,28.22,0.61,10.4,10.05,1.63,1.58,1.92,1.62,2.23,6.9655,1.6541
31.9,29.45,0.67,19.21,11.59,2.16,1.01,6.6,1.96,2.98,5.7221,2.8974
23.95,23.5,1.08,16.52,12.98,3.57,0.72,6.31,1.45,2.72,5.2355,3.5232
45.96,28.19,1.91,29.25,11.1,1.65,2.16,1.73,1.66,5.03,6.238,5.8316
24.72,26.29,1.54,17.39,19.55,3.43,1.56,5.67,1.39,1.53,3.4628,5.3001
29.29,33.66,1.8,20.37,26.12,1.85,0.81,5.27,1.53,4.63,2.3632,7.7712
28.7,47.25,1.05,19.48,34.37,1.1,2.19,5.99,1.29,1.61,1.7635,7.9296
46.14,23.13,0.56,35.58,11.97,1.33,1.02,4.32,0.69,3.36,5.6089,4.3431
40.18,41.61,1.96,26.26,23.92,3.24,1.77,2.89,0.59,5.81,2.7439,9.0894
43.9,40.62,0.53,21.63,14.72,1.79,1.27,5.65,0.94,3.89,4.4431,3.8878
27.51,22.87,1.92,15.91,12.21,2.96,2.83,3.6,1.13,2.96,5.6633,4.5026
38.75,47.68,1.05,27.02,26.86,3.1,1.07,2.53,2.73,5.31,2.3546,8.517
37.15,37.05,0.52,29.41,26.21,2.04,1.55,3.86,2.03,6.18,2.2282,8.4262
44.98,30.91,1.53,18.16,11.51,2.42,2.9,6.34,2.9,2.78,5.8603,3.7851
47.18,42.7,1.97,21.01,18.22,2.21,1.3,4.33,1.35,3.1,3.8078,6.5
20.36,27.72,1.95,14.99,21.79,3.84,2.11,3.1,1.5,5.48,2.9783,5.6803
40.22,40.81,0.74,24.59,21.07,1.96,1.29,6.82,2.3,7.76,2.7422,5.5353
21.56,21.19,0.77,11.17,15.81,1.55,0.78,7.17,1.94,2.5,4.2009,2.727
36.47,45.18,1.35,24.25,39.92,2.1,2.07,4.03,1.82,5.58,1.5057,11.1877
28.63,33.45,1.46,23.5,19.71,3.01,2.79,3.62,1.94,7.35,3.2457,5.9426
29.2,39.1,1.61,21.7,16.94,3.09,1.63,5.29,1.96,4.23,3.9048,5.6982
30.59,26.64,0.77,21.63,19.2,3.77,2.07,1.41,2.41,3.22,3.6068,4.8243
38.64,40.31,1.94,14.92,14.03,3.65,2.02,5.84,2.17,5.67,4.733,4.5189
30.02,43.17,1.46,23.16,17.1,1.86,1.54,6.48,2.89,1.22,4.0141,5.7146
41.98,34.2,1.77,24.19,25.07,2.37,2.04,3.78,2.87,3.52,2.658,7.8987
32.14,38.53,1.31,25.24,20.2,3.24,1.15,2.22,1.55,2.81,3.469,6.9756
22.05,33.69,1.12,12.33,13.77,3.75,1.45,1.2,0.59,2.57,5.1015,3.2452
43.51,46.82,1.97,11.77,30.72,2.01,1.61,5.46,0.53,2.26,2.233,6.5825
28.57,34.94,1.37,16.46,24.61,2.33,2.66,2.88,0.81,6.16,2.583,5.6357
32.98,45.25,1.8,14.85,13.78,3.7,1.37,4.25,0.69,7.69,4.6903,4.611
40.56,44.04,1.93,28.28,18.04,2.08,2.09,3.7,1.43,3.69,3.7901,7.2555
29.97,32.32,1.51,24.33,13.83,2.44,1.03,2.22,0.63,1.34,5.1812,5.2847
21.7,26.9,1.32,14.63,14.52,3.71,1.13,4.56,2.06,6.03,4.6087,3.4985
31.22,32.18,0.51,24.38,23.12,3.41,2.12,4.22,0.98,4.77,2.6448,6.1203
48.33,44.79,0.56,25.1,31.26,1.73,2.41,5.37,1.78,6.07,1.6847,8.0293
39.25,26.83,0.8,28.71,17.84,1.97,1.66,2.76,0.76,5.54,3.6991,5.9778
40.14,35.73,0.78,31.2,10.13,2.06,1.34,2.5,2.57,7.34,6.6681,3.9205
38.97,44.18,0.88,27.04,14.15,3.74,2.78,6.7,2.45,1.98,4.6378,4.5276
25.97,30.6,0.96,15.57,13.48,4.0,0.84,5.92,1.47,2.18,4.9774,3.0248
32.55,39.27,1.04,20.98,16.6,3.32,2.3,6.41,2.78,3.39,3.9079,4.8477
42.53,27.37,1.13,29.28,11.81,2.45,2.23,1.86,0.96,4.44,5.8935,4.8421
23.04,23.28,0.65,12.04,13.4,1.03,2.23,2.57,2.53,7.48,4.8796,2.4227
28.34,43.83,0.56,20.8,12.17,3.09,2.84,5.03,1.86,7.35,5.2928,2.682
28.29,22.97,1.51,22.63,15.98,2.17,2.32,7.0,1.32,7.1,3.9274,5.4253
32.96,28.14,1.31,18.36,20.35,2.9,1.25,7.24,0.71,2.56,3.0853,5.4987
49.41,45.65,1.17,34.12,27.6,2.82,1.38,6.82,0.93,6.11,2.1557,11.2271
22.03,30.39,1.45,15.18,11.38,2.44,1.48,1.3,2.66,3.68,6.2258,3.804
35.56,49.19,1.74,23.62,40.43,3.83,0.58,6.75,2.02,7.52,1.1944,11.7979
25.38,49.39,1.14,15.68,43.21,1.07,2.78,7.29,1.09,2.5,1.2234,7.9369
49.12,28.05,1.46,40.08,12.64,3.14,0.68,1.4,1.74,1.99,5.582,6.9987
23.4,21.23,1.93,13.77,14.39,2.23,2.25,3.91,0.77,6.9,4.6514,4.7982
32.11,41.15,1.76,11.05,32.02,3.14,2.33,4.76,0.75,6.02,1.8201,5.8786
42.14,33.53,1.14,32.92,20.0,3.03,2.61,2.63,2.77,6.75,3.2074,7.802
41.14,23.02,1.47,27.62,12.59,1.03,1.88,4.62,1.64,2.11,5.4042,5.5469
32.68,41.23,0.77,25.02,22.55,1.86,2.31,7.2,1.4,7.19,2.5549,6.607
30.4,20.94,1.34,12.13,13.04,1.57,1.26,7.07,2.87,5.74,5.0061,3.3771
31.93,46.11,1.97,10.52,22.46,1.5,2.36,7.58,1.5,5.56,2.7145,5.0594
27.93,24.16,1.28,22.08,18.52,3.19,1.36,4.39,1.34,5.08,3.5259,6.0052
26.16,23.82,1.89,11.65,16.56,1.72,2.76,3.87,1.18,6.35,4.0356,4.1293
34.49,25.27,1.11,25.78,12.48,2.42,0.91,5.66,1.91,3.91,5.3717,5.0513
28.06,48.81,2.0,20.75,29.8,1.74,1.29,3.92,1.9,1.93,2.3465,9.0731
28.62,40.8,1.37,19.66,27.76,2.74,1.75,1.29,0.54,4.77,2.3506,7.2497
39.7,44.04,0.56,13.24,14.07,3.16,2.44,6.04,2.14,6.24,4.5438,2.4728
49.06,31.93,1.38,32.73,16.07,1.99,2.37,2.97,2.47,2.08,4.3461,6.7753
38.11,30.09,0.91,30.55,23.66,2.81,1.03,1.34,2.04,2.57,2.9776,8.3845
22.31,27.03,0.55,13.11,16.83,3.47,0.86,1.14,2.67,5.88,3.9554,2.7939
22.27,34.42,1.73,13.01,14.21,1.28,1.26,7.52,1.19,2.89,4.6788,4.3728
48.54,36.55,0.91,24.85,12.65,3.13,1.71,2.76,0.98,2.19,5.4703,4.1528
28.92,38.95,1.69,11.15,22.41,1.97,1.85,4.14,2.24,7.23,2.8665,4.8078
22.76,27.71,0.93,16.92,16.96,1.37,1.57,7.65,0.97,2.13,3.702,3.9265
37.97,48.46,0.79,29.97,21.19,2.64,2.16,4.27,0.73,3.41,3.0954,7.3946
38.71,25.09,1.96,33.66,16.36,1.68,1.57,1.55,0.74,4.0,4.2879,8.2144
39.46,48.97,1.04,24.31,12.33,3.46,2.87,4.86,2.42,4.33,5.4334,3.6685
28.02,20.45,1.4,19.78,10.79,1.13,1.15,1.62,0.57,3.53,6.4936,3.9179
20.45,34.43,1.41,11.11,20.62,1.3,2.07,1.67,1.22,7.39,3.1547,4.2523
48.95,30.0,1.34,32.66,10.93,2.56,2.03,6.96,0.82,5.61,6.0736,5.2344
27.53,33.47,1.87,18.14,26.27,2.77,1.2,3.03,2.39,3.52,2.5421,7.4574
40.28,37.12,1.51,32.78,13.14,3.19,1.53,5.75,1.76,3.5,5.1356,6.0052
41.2,33.07,1.11,31.77,22.18,1.78,1.41,4.56,1.01,4.52,2.8986,8.5993
38.3,32.45,1.79,31.87,16.82,3.53,0.93,2.56,2.38,1.24,4.1924,7.7116
29.39,41.98,0.77,22.5,20.79,3.86,1.69,4.62,2.38,7.49,2.9369,5.3782
28.13,40.58,1.32,21.41,29.56,2.5,1.47,1.48,1.81,2.56,2.3662,7.7404
37.93,45.0,1.93,11.46,24.98,3.28,0.95,3.43,1.19,5.88,2.5493,5.5805
45.98,27.5,1.44,36.21,19.07,2.57,1.62,4.66,1.97,6.44,3.2791,8.5016
48.4,38.29,1.73,30.29,21.76,1.21,1.55,2.6,2.83,6.79,2.9481,8.6146
23.18,37.56,1.48,13.11,23.37,1.98,0.83,5.62,0.63,2.16,2.8252,5.1111
24.64,31.09,1.76,10.55,22.24,1.26,0.83,1.36,1.17,4.76,3.0813,4.7113
48.34,34.58,1.92,32.6,21.89,3.97,2.12,4.39,1.21,1.59,3.2289,9.8833
42.1,29.41,0.91,18.89,18.87,1.69,2.27,6.0,2.08,6.63,3.2296,3.9771
46.49,24.26,0.75,24.73,17.3,2.91,2.85,4.01,2.13,4.41,3.7427,4.8774
26.08,26.41,1.23,17.55,20.83,1.85,0.72,7.12,1.02,2.11,3.1264,5.2499
37.63,23.17,1.55,30.63,13.08,2.96,0.79,5.43,1.04,6.03,5.0022,6.1494
41.03,40.49,0.84,31.49,24.71,1.63,0.63,7.71,2.82,3.32,2.3869,8.589
40.4,39.82,0.51,21.45,12.14,3.36,1.83,2.99,2.39,1.8,5.6619,3.1458
32.24,48.52,1.01,16.69,22.03,1.33,2.06,7.57,2.84,4.23,2.6082,4.6564
20.46,41.89,1.95,11.31,21.08,3.69,1.51,5.25,2.57,2.65,3.2212,4.9323
37.49,21.56,1.54,18.38,15.48,3.52,2.49,6.22,1.51,7.65,4.1273,4.9366
27.59,46.53,1.1,11.4,26.19,3.04,2.22,7.32,0.8,3.53,2.3446,4.346
33.51,45.88,0.79,27.97,32.58,1.2,2.96,4.86,2.07,5.01,1.8751,9.5379
48.73,33.3,1.03,29.36,10.35,1.63,0.84,7.04,1.38,7.64,6.3557,4.2812
31.97,37.58,0.75,12.17,20.49,3.58,0.65,4.79,1.56,3.76,3.122,3.3794
45.19,49.28,0.66,20.65,40.9,1.37,1.19,5.19,1.56,3.51,1.4348,8.8315
25.66,35.97,1.86,15.83,14.7,1.47,0.55,4.12,2.84,2.14,4.7319,4.6364
40.17,47.16,2.0,23.41,11.01,2.63,2.83,2.02,0.67,7.57,6.1917,5.2095
49.31,22.49,0.75,11.22,13.25,1.82,1.26,4.87,0.98,6.61,4.8611,2.7835
23.06,25.73,0.58,17.66,17.56,1.67,1.88,7.84,2.02,2.55,3.5977,3.658
20.25,33.22,0.99,11.45,18.28,2.73,1.3,6.51,2.71,3.33,3.5355,3.2154
33.01,37.54,1.19,10.29,20.37,2.12,1.11,6.23,2.79,7.4,3.0271,3.8322
22.78,44.49,0.81,10.59,29.75,1.42,0.88,5.5,1.9,4.76,2.0076,4.2026
42.45,49.65,0.95,25.93,18.81,2.6,1.3,3.44,0.59,4.89,3.441,6.2632
47.44,31.67,0.8,14.47,22.53,2.16,2.04,2.19,1.41,5.54,2.8156,4.036
33.02,21.42,1.66,10.75,10.98,3.2,2.93,2.57,2.8,6.34,6.2599,2.8473
27.76,44.04,1.57,14.84,21.49,1.31,1.9,1.04,1.75,7.57,3.0985,5.2313
33.03,38.13,1.45,21.23,25.17,2.86,1.83,5.71,2.32,6.62,2.4307,7.4727
41.7,25.96,1.08,12.99,19.08,2.31,0.59,6.68,1.17,7.54,3.1321,4.225
20.27,34.84,1.86,11.65,25.71,2.22,2.6,2.88,0.56,6.74,2.5101,5.606
37.68,42.27,1.95,19.48,29.68,1.7,0.61,1.64,1.95,1.33,2.4992,8.3189
38.4,43.11,0.76,13.73,20.1,1.09,2.77,3.35,2.59,1.82,3.3084,3.0545
39.13,34.99,0.83,22.21,12.44,3.54,1.85,3.04,2.98,7.19,5.3316,3.3693
27.26,29.16,1.29,11.04,13.07,1.98,0.92,4.16,2.62,1.19,5.378,3.0659
41.42,49.21,0.64,11.23,39.59,3.04,1.63,2.85,1.88,6.56,1.4252,4.9551
22.74,39.9,1.15,14.02,31.35,3.84,2.99,3.38,2.02,6.95,1.8762,5.8279
25.98,32.25,1.37,12.72,26.41,2.69,1.26,7.35,2.56,3.91,2.4122,4.7388
46.32,28.41,1.28,12.99,11.02,2.19,1.17,3.34,0.55,3.48,6.3729,3.1577
42.16,41.93,1.0,21.51,24.46,1.8,0.8,6.5,2.88,2.36,2.5809,6.2357
20.41,27.27,1.31,14.95,17.96,3.8,1.99,5.38,1.83,1.34,3.7681,4.4717
27.45,25.15,1.94,19.02,17.21,3.05,0.72,3.36,2.88,6.22,3.9039,5.9291
26.43,35.9,0.81,19.32,23.45,3.0,2.42,6.72,2.41,1.52,2.715,5.0969
28.12,28.7,1.48,21.44,20.55,2.28,2.8,5.17,0.88,7.61,3.0529,6.4327
27.43,38.87,0.57,22.09,18.58,3.54,2.83,1.06,0.91,3.08,3.6351,4.2524
21.88,23.54,0.6,15.25,11.53,3.14,0.77,1.48,1.38,6.56,5.8469,2.0851
33.77,39.65,1.33,21.42,15.04,1.85,1.9,6.27,1.16,1.42,4.5365,4.731
41.98,28.5,0.66,19.86,10.16,2.8,0.74,4.13,1.6,4.75,6.7091,2.3735
38.2,20.01,0.53,14.21,11.75,2.29,1.93,3.84,2.01,3.44,5.699,2.0546
40.19,23.81,0.76,27.29,10.81,1.02,2.54,2.02,1.59,1.21,6.4828,3.6569
22.43,48.01,1.35,17.4,20.61,3.42,1.84,2.1,0.64,5.59,3.1357,5.2771
48.54,46.02,1.56,25.68,29.49,1.37,2.68,6.58,2.94,7.6,1.8276,9.45
45.15,27.01,0.8,31.82,20.74,2.53,2.5,6.8,1.56,1.08,3.0703,7.2545
44.15,43.35,1.5,24.43,33.8,2.01,1.19,4.92,2.63,2.89,1.902,9.8715
44.69,38.26,0.77,22.82,15.88,2.03,2.08,3.07,0.68,5.93,4.1434,4.3487
47.98,49.13,1.42,23.53,14.58,2.43,0.52,7.53,2.53,7.1,4.309,5.0119
36.33,31.21,1.12,20.76,13.13,3.99,1.49,5.37,0.93,2.34,5.1745,4.0382
26.01,40.44,1.48,14.04,34.71,2.23,1.09,6.58,2.2,1.5,1.8647,6.8832
38.5,21.91,1.99,27.6,13.79,1.55,2.84,1.02,2.15,1.06,5.2268,5.945
42.29,31.89,1.91,33.86,13.08,2.84,1.51,4.15,2.77,2.51,5.2275,6.7924
42.14,48.91,0.51,33.96,38.51,1.71,2.14,7.1,1.3,1.5,1.5131,13.6864
35.64,36.17,1.83,14.7,18.37,1.32,2.33,3.37,0.77,3.52,3.7127,5.3462
22.05,28.64,0.6,16.32,22.26,1.15,2.43,6.09,2.66,4.08,2.7129,3.8868
31.13,23.61,1.93,15.51,12.24,1.07,2.34,5.6,1.33,4.36,5.5629,4.8692
47.62,41.11,0.92,20.09,20.27,2.29,1.22,2.07,1.08,2.0,3.3195,5.0148
37.53,39.35,1.07,26.38,22.29,2.28,2.22,6.42,1.72,4.25,2.7385,7.051
36.15,31.22,0.64,16.44,24.48,1.56,1.87,1.79,0.87,1.06,2.7233,4.4733
28.07,48.53,0.67,10.69,39.13,3.35,1.99,6.1,1.24,2.68,1.4688,4.9492
31.05,20.67,1.59,16.0,13.25,1.39,0.5,7.94,1.46,3.58,5.0569,4.8693
46.86,29.11,1.92,32.99,13.13,3.75,1.15,7.71,1.19,1.83,5.1327,7.3406
39.99,47.63,1.42,18.17,23.16,2.76,2.83,6.6,1.63,6.7,2.5244,6.0573
43.62,29.63,1.57,28.02,24.27,1.08,1.23,4.74,1.46,2.41,2.8353,8.7711
33.63,27.57,1.64,22.3,17.64,3.89,1.6,5.72,2.44,6.28,3.6495,5.9607
38.91,36.03,0.89,27.54,26.42,1.92,0.97,6.1,2.8,4.32,2.394,8.4659
27.45,44.71,0.57,21.17,23.37,2.35,0.85,1.06,0.75,4.36,2.8542,5.7888
41.16,23.09,0.5,21.32,14.31,1.85,1.02,1.72,2.56,5.52,4.6984,3.4626
32.83,48.29,1.03,12.97,24.28,3.19,1.88,5.18,2.83,1.31,2.7956,4.2444
33.28,43.85,0.86,15.83,30.28,2.46,2.8,1.05,2.22,1.55,2.3105,5.7961
39.48,25.44,0.59,20.58,18.89,1.4,1.32,7.36,2.99,3.29,3.3253,4.6071
48.09,41.36,0.77,33.62,23.37,1.31,1.31,4.43,1.34,3.92,2.5979,8.448
21.92,31.55,0.69,10.09,17.96,3.18,1.91,2.8,2.58,4.01,3.797,2.439
44.74,32.07,1.87,19.39,15.81,1.71,1.39,3.76,2.18,5.74,4.2556,5.6321
28.77,43.5,0.71,20.74,15.05,1.41,2.78,6.96,1.31,1.0,4.4201,3.6714
33.32,48.88,1.31,22.29,41.83,2.5,1.44,7.49,2.26,7.71,1.1255,11.1671
20.66,23.8,1.39,14.14,12.78,3.41,1.73,1.81,1.77,2.22,5.473,3.484
29.03,32.62,1.32,21.39,24.11,1.84,1.83,6.45,0.97,2.74,2.611,7.1104
35.08,34.43,0.65,25.73,23.9,1.83,2.46,5.05,0.93,7.34,2.4655,6.7083
21.69,31.29,0.98,14.56,22.88,3.5,1.91,5.1,2.28,1.04,2.9181,4.4318
34.73,30.9,0.58,18.68,24.89,1.44,1.1,6.46,2.28,7.94,2.2332,5.2235
47.81,21.57,1.09,42.28,14.09,2.85,0.81,2.56,1.83,1.25,5.0049,7.6675
23.16,40.57,0.78,14.64,32.96,3.87,2.84,4.72,1.75,1.84,1.9515,5.6892
42.93,33.09,1.34,15.66,13.03,3.52,2.5,3.24,0.95,2.68,5.2592,3.6182
32.29,25.84,1.54,15.06,16.8,1.19,0.56,1.66,1.57,4.07,4.1888,4.5712
39.66,44.48,1.3,27.1,32.77,1.96,2.55,1.74,2.68,4.63,1.9697,10.2488
27.81,44.08,1.15,21.84,17.9,1.43,1.98,1.96,2.64,1.73,3.9289,5.179
24.78,34.59,1.08,11.75,24.51,3.85,1.8,5.3,2.15,1.52,2.6543,3.9176
24.81,28.95,1.76,10.81,20.86,3.96,0.53,1.74,2.99,1.22,3.4414,4.53
22.11,39.14,0.83,16.27,30.07,1.7,2.45,4.99,2.73,2.8,2.0833,5.8912
25.57,28.64,1.6,19.67,14.27,3.01,1.0,5.12,0.86,7.45,4.5799,5.2882
39.93,27.08,1.64,16.89,18.23,3.52,2.32,7.33,1.5,3.73,3.5777,4.8392
46.45,41.92,1.13,21.87,18.19,1.7,0.54,5.38,0.83,6.35,3.4793,5.1888
44.42,21.21,0.95,29.43,14.59,1.56,2.49,7.9,1.67,2.33,4.4548,5.1776
40.55,22.84,1.21,18.43,13.63,1.03,0.56,1.22,2.44,1.45,5.2516,3.6654
23.31,20.2,0.64,17.29,13.11,2.24,1.09,5.93,0.89,4.88,4.9904,2.776
28.68,24.59,0.57,11.47,13.99,3.7,1.17,1.19,2.7,6.75,4.7754,2.1409
29.29,22.07,0.67,10.54,11.15,3.71,0.89,6.11,1.92,7.29,5.8399,1.8869
27.5,49.87,0.78,12.61,16.21,1.38,1.7,3.7,2.37,4.82,3.9999,2.4626
35.45,28.66,1.26,15.85,11.06,1.61,1.21,5.28,0.61,3.06,6.0731,3.6893
36.07,24.48,1.77,12.38,15.86,2.22,2.98,3.17,0.73,1.77,4.4995,4.1675
30.71,27.23,0.85,11.03,20.38,3.34,1.95,2.11,2.05,5.67,3.1984,3.0245
30.61,48.08,1.9,21.8,10.69,2.84,1.92,6.06,2.6,2.96,6.4495,4.9363
44.86,35.6,1.93,14.9,11.36,2.54,1.05,7.33,2.68,6.91,5.73,4.3009
43.68,30.94,1.94,36.21,17.29,2.78,1.52,2.29,2.22,5.24,4.0158,8.787
29.23,46.2,1.76,15.24,33.02,1.29,0.81,7.44,1.0,7.01,1.6361,7.3857
47.41,31.85,1.05,31.74,12.66,2.43,2.41,1.98,0.99,4.97,5.3979,5.3602
48.58,30.05,0.61,17.57,14.09,3.98,1.33,6.15,2.7,6.4,4.5234,2.8992
29.8,26.22,1.35,13.56,12.6,1.27,2.38,7.72,0.78,3.06,5.1836,3.3765
30.63,31.33,1.34,18.98,16.52,2.56,1.43,2.03,2.22,4.52,4.154,4.5431
35.17,29.5,1.77,21.31,13.26,1.89,2.97,4.05,1.83,1.14,5.3846,5.2363
48.23,40.32,1.99,35.55,18.93,2.62,0.93,3.36,1.55,5.25,3.5624,9.7816
46.29,28.69,1.26,33.71,19.97,2.72,0.5,3.72,1.6,4.74,3.2933,8.4581
23.08,37.32,1.02,15.42,23.64,2.73,1.99,6.27,2.86,6.29,2.4835,4.5884
31.78,21.98,0.78,17.54,10.57,3.56,2.88,5.63,2.65,6.1,6.3131,2.6548
36.6,25.74,0.51,29.24,16.85,2.17,2.12,7.78,2.66,5.39,3.6978,5.3268
35.09,32.22,1.26,22.51,18.22,2.55,0.71,2.3,1.52,1.4,3.8456,5.6842
25.82,48.11,1.33,20.71,40.94,1.03,1.85,4.8,0.77,7.32,1.2917,10.4473
45.76,31.32,1.74,35.21,14.72,3.37,2.77,4.14,2.99,1.13,4.7796,7.1272
40.31,39.92,1.26,11.12,28.1,1.78,0.52,7.43,0.86,6.62,1.9881,4.615
45.14,27.65,1.87,19.66,19.25,3.45,0.92,1.07,1.79,4.36,3.5927,6.3126
45.76,23.81,1.44,27.59,11.95,1.8,2.54,7.92,1.16,6.73,5.4521,5.308
42.45,21.76,1.76,29.8,16.1,1.03,2.73,4.36,1.78,4.26,4.2146,7.0094
33.18,29.16,0.72,20.0,16.96,1.46,2.27,5.38,1.26,5.53,3.8043,3.8879
38.32,24.73,1.78,28.33,16.61,3.96,2.98,3.52,2.74,3.54,4.0758,6.726
24.81,25.22,1.51,12.77,11.49,1.96,0.73,6.97,2.92,6.21,5.663,3.6114
40.21,42.82,0.76,14.64,17.17,1.33,1.86,4.93,1.53,2.78,3.957,3.3623
25.38,20.48,0.78,10.56,13.21,1.36,2.21,5.64,0.68,6.04,4.9658,2.2792
40.82,36.73,1.89,24.8,16.93,1.93,2.26,5.54,2.16,2.35,3.9763,6.567
26.89,31.38,0.55,18.19,18.19,1.11,2.48,3.55,1.44,6.06,3.55,3.9534
23.53,35.2,1.19,12.78,17.55,2.53,2.79,1.53,2.96,3.06,3.9405,3.6613
24.96,36.88,0.97,16.11,24.02,1.64,1.4,6.65,0.72,2.95,2.5091,4.8318
20.06,29.4,1.5,10.26,17.02,2.56,0.61,3.03,0.8,6.68,3.762,4.0403
41.56,28.85,1.76,12.64,10.06,1.42,1.41,6.94,2.25,6.7,6.5985,3.6488
41.97,42.0,1.04,28.93,27.54,2.29,2.18,5.26,2.4,5.84,2.2234,9.3894
35.45,46.14,1.14,17.53,23.14,2.79,1.03,3.48,1.68,7.47,2.7327,5.4819
24.84,25.78,1.97,16.61,13.68,1.19,2.52,5.16,1.19,2.09,5.124,5.0868
22.51,22.93,1.68,16.24,10.75,2.2,1.05,5.52,1.27,2.89,6.4432,4.1208
20.57,46.93,1.85,14.75,17.04,1.91,0.53,5.95,1.34,3.06,3.9475,4.8723
24.97,30.5,1.16,11.72,13.47,1.72,1.77,6.76,1.06,3.14,4.9884,3.236
46.73,36.54,0.85,25.43,30.15,2.81,2.32,2.12,2.63,3.3,2.0858,8.6101
27.25,30.79,1.12,18.99,16.83,2.77,1.37,7.61,0.66,5.88,3.7364,4.5382
30.63,23.77,1.57,22.1,10.37,2.89,2.37,3.88,1.52,2.9,6.6592,4.3212
23.16,37.68,0.66,16.4,13.15,1.48,1.6,7.02,2.37,3.0,4.9582,3.178
26.67,35.75,0.91,12.66,11.64,1.86,0.93,2.54,0.51,4.99,5.8919,2.5921
35.58,26.09,0.57,13.96,16.53,1.63,0.73,1.2,2.7,2.35,4.2515,2.966
38.23,33.56,1.15,23.71,13.46,2.62,2.28,5.01,2.27,3.55,4.9676,4.2413
27.36,43.91,1.74,19.16,24.41,2.38,1.46,3.27,0.68,1.41,2.9017,6.9604
21.73,37.71,0.54,12.15,18.41,1.99,2.78,7.89,2.74,7.67,3.1892,2.6516
31.73,22.91,1.51,11.75,16.36,3.36,1.85,1.73,1.72,3.22,4.26,3.8861
27.03,36.44,1.9,18.62,16.87,1.28,1.37,1.33,2.13,6.95,4.022,5.5991
26.59,41.08,0.86,13.47,21.95,3.92,1.37,1.32,2.71,4.71,3.1458,4.1734
48.8,43.78,1.54,15.62,30.76,1.35,0.83,2.52,2.7,2.6,2.209,6.5785
38.49,38.87,1.96,13.47,20.35,3.32,1.98,5.05,1.52,2.35,3.3282,5.3047
36.71,24.58,1.94,16.84,17.6,2.1,1.96,4.54,1.09,5.86,3.745,5.6714
32.47,41.31,0.85,20.36,27.41,3.6,2.5,3.45,1.14,7.75,2.1252,6.3187
32.87,40.32,0.65,16.4,20.39,1.22,1.0,1.62,2.41,2.28,3.4157,4.0814
36.23,20.73,0.72,10.44,12.89,2.12,1.23,2.64,2.82,1.81,5.4715,2.239
40.89,32.35,1.55,12.51,26.78,2.01,0.74,2.29,0.68,3.71,2.513,5.5147
41.06,29.99,1.59,17.57,19.92,3.98,1.24,6.22,0.54,3.76,3.2077,5.568
25.15,40.08,1.51,16.7,32.7,3.96,1.57,6.46,2.56,6.64,1.7816,7.2515
35.0,26.48,1.0,11.97,12.05,1.57,2.91,6.44,1.47,4.28,5.5033,1.9756
32.36,37.73,0.75,19.73,20.98,2.89,2.13,7.78,1.19,1.44,2.9373,5.1411
46.12,47.4,1.37,13.73,39.44,2.61,2.46,7.19,0.97,7.44,1.3118,7.1817
38.94,43.93,1.23,15.07,19.33,1.46,1.31,4.48,1.37,3.61,3.4726,4.448
35.98,47.64,1.59,13.61,41.59,1.5,0.86,3.9,2.93,5.68,1.4797,7.3384
23.46,49.36,1.16,10.57,13.34,3.97,1.14,7.41,2.94,5.67,4.8963,2.9658
38.17,20.32,1.01,25.55,14.8,2.36,1.14,5.28,1.33,1.39,4.7304,4.96
23.52,38.68,0.94,13.95,20.54,1.38,1.96,3.06,2.91,1.03,3.3187,3.9018
30.12,32.39,0.82,22.56,11.28,1.64,1.35,4.95,1.25,1.62,6.0519,3.5087
24.29,45.8,0.9,10.92,37.09,1.81,2.64,7.95,2.64,7.7,1.2115,4.5461
40.76,27.55,0.64,13.73,13.16,2.53,2.97,6.95,1.03,6.56,4.7956,2.624
26.19,49.43,1.02,13.43,10.77,2.01,1.36,2.97,2.57,1.92,6.5056,2.7994
31.76,38.41,0.55,22.83,13.18,2.37,2.26,7.67,1.38,5.3,4.8081,3.6296
46.87,43.81,0.78,19.74,28.99,1.5,2.14,7.87,0.99,5.28,1.8278,6.6424
26.13,22.57,1.62,14.55,17.4,1.98,0.99,2.62,2.84,1.0,4.0469,4.3394
35.23,25.5,0.99,16.1,11.17,1.21,2.8,7.27,1.04,4.0,5.922,3.0718
32.58,42.75,1.5,11.41,22.82,3.67,1.0,7.18,2.98,5.98,2.6828,4.9005
20.54,20.66,1.58,15.21,11.02,1.6,2.34,1.28,0.77,2.31,6.4372,3.7511
43.78,44.51,1.37,25.79,31.98,3.27,1.37,5.69,0.53,6.96,1.7813,10.1434
22.07,20.42,1.94,15.57,10.64,2.05,1.42,3.14,2.68,5.62,6.4108,3.9339
34.23,39.71,0.53,22.66,15.93,2.42,1.64,5.72,1.97,1.05,4.0445,3.6326
36.82,30.95,1.61,21.22,13.13,1.87,2.66,7.39,1.55,6.98,4.8801,4.7056
38.85,38.34,1.94,12.14,22.9,3.09,0.85,4.49,0.7,1.14,3.0049,5.8277
40.66,40.88,1.79,26.49,32.6,3.53,0.64,3.9,1.94,7.22,1.7731,11.3375
27.6,30.27,0.75,11.96,17.81,1.86,1.51,7.45,1.48,3.34,3.5018,2.9449
20.3,23.24,0.99,12.2,10.48,1.73,0.64,7.82,1.71,5.89,6.2017,2.6147
41.7,22.09,0.76,26.8,13.99,3.04,2.22,1.44,2.08,6.51,4.7391,4.2152
36.07,37.67,1.4,26.48,28.08,1.59,2.4,7.46,2.1,2.97,2.1207,9.1106
45.08,35.62,1.57,30.61,12.73,2.92,2.64,1.58,2.9,3.5,5.4548,5.5887
44.64,42.27,0.98,29.91,11.98,1.28,2.36,3.36,2.14,4.57,5.5625,4.6081
45.3,35.29,1.31,14.52,13.81,2.86,2.79,6.34,1.35,5.08,4.6273,3.4998
34.55,32.67,1.54,16.77,23.19,2.54,2.37,6.44,1.32,3.04,2.8867,5.7643
30.01,31.94,1.13,10.64,20.02,1.34,2.84,6.08,1.69,7.95,2.9798,3.5754
43.75,20.79,1.78,30.68,13.13,2.95,0.98,1.27,1.15,6.16,5.3282,6.8804
33.54,30.07,1.66,27.66,13.76,2.34,1.75,1.93,1.44,2.92,5.1117,5.9387
25.5,49.28,0.6,12.77,21.39,1.65,2.98,7.55,2.61,5.48,2.7439,3.3525
45.65,46.21,1.43,12.69,40.14,2.06,2.2,1.57,2.65,4.05,1.659,6.507
46.48,29.88,0.85,24.97,13.58,2.48,2.7,1.55,2.07,7.02,4.9542,4.1755
33.99,37.63,1.34,26.27,30.41,1.27,0.58,6.85,1.96,3.3,1.9154,9.4794
22.27,45.42,1.94,14.01,27.66,3.87,2.68,5.49,1.57,2.31,2.3697,6.2918
31.63,33.24,1.82,10.78,12.25,3.0,2.24,3.46,2.09,1.32,5.796,3.7578
44.11,20.54,1.11,38.36,12.59,1.31,0.93,2.16,2.52,7.89,5.1921,6.3682
47.05,22.24,0.94,36.56,16.86,3.47,0.56,7.19,2.34,3.51,3.864,7.1246
26.1,35.31,0.85,11.46,18.5,1.97,1.15,7.92,0.59,2.54,3.4801,3.3157
22.01,49.08,1.3,16.46,39.43,2.79,2.79,1.35,2.33,4.44,1.5489,8.1725
46.32,40.8,0.67,24.12,16.61,1.83,2.17,4.88,2.3,3.04,3.9311,4.7844
31.68,22.13,1.32,16.2,14.07,3.2,2.8,2.83,0.75,2.63,4.9474,3.9628
36.25,25.68,0.5,19.8,19.01,3.17,1.62,6.83,0.88,5.31,3.2463,4.1504
49.04,43.14,0.99,38.41,35.91,2.66,2.84,3.42,2.47,1.52,1.919,14.6022
22.0,45.24,0.83,14.61,24.69,1.72,1.66,6.0,1.9,4.56,2.4188,4.3295
39.45,38.53,1.96,11.45,25.05,1.76,1.01,4.78,2.55,3.71,2.7426,5.4406
22.22,39.33,1.59,16.92,10.07,2.15,0.88,4.79,0.96,4.73,6.7802,3.7416
31.26,20.85,1.02,12.4,11.48,1.44,2.98,7.01,0.58,3.24,5.8071,2.7403
44.11,44.86,0.64,31.71,18.32,2.01,1.33,4.29,0.9,4.99,3.5309,6.5897
33.0,43.65,1.28,21.45,12.68,3.05,0.9,6.92,1.63,1.57,5.3587,4.4162
49.92,27.77,0.82,16.55,13.57,3.49,0.52,3.54,1.81,3.63,5.0048,2.8751
36.77,41.26,1.3,13.72,18.43,2.0,1.21,2.22,2.64,2.66,3.8655,4.1052
29.63,26.45,1.75,22.74,21.09,1.7,2.72,4.19,2.29,4.07,3.1659,6.8313
26.6,21.21,1.42,14.87,14.15,3.5,1.84,4.49,2.98,3.79,4.7323,4.1921
30.52,26.03,1.45,20.16,14.7,3.67,2.08,4.35,0.7,5.42,4.4791,4.6053
31.18,25.36,1.31,18.15,20.24,2.23,2.81,6.66,0.83,5.4,3.1357,5.2365
22.06,30.13,1.89,15.14,12.32,1.08,1.78,4.95,0.71,3.89,5.5859,4.5283
31.09,32.55,1.9,17.71,18.36,3.08,2.6,7.22,1.85,2.27,3.5331,5.4589
33.93,35.26,1.27,15.44,23.11,3.35,1.31,4.6,1.17,5.07,2.6577,5.6092
41.68,34.3,0.96,19.7,11.07,1.05,2.94,2.57,2.21,7.77,6.0383,3.4934
39.7,28.12,1.19,31.22,19.41,2.79,0.7,1.91,0.83,2.3,3.6242,7.5186
41.26,20.88,0.78,22.29,10.59,2.77,2.31,7.08,0.76,1.48,6.3706,3.1044
20.25,38.15,1.45,11.12,13.25,2.14,2.15,1.39,1.65,2.85,5.247,3.7042
26.53,31.87,1.25,20.78,12.69,3.25,0.98,1.82,1.44,3.89,5.4163,4.5497
39.85,28.96,0.65,29.8,22.97,2.28,1.47,1.45,2.57,3.14,3.0319,7.3474
34.52,46.01,0.8,11.09,31.19,3.03,1.28,3.97,2.59,6.84,1.8571,4.3509
20.16,42.4,1.22,15.15,27.96,2.55,0.74,4.73,0.79,4.45,2.2705,5.6359
44.13,45.73,1.83,30.25,27.07,1.75,1.96,1.14,2.53,2.72,2.6898,10.9255
43.18,34.85,1.35,14.52,15.81,2.82,2.98,4.61,1.91,7.65,4.0131,3.8449
36.45,23.93,1.52,15.09,15.54,3.21,1.9,3.76,1.76,1.88,4.4527,4.3799
21.99,40.89,1.01,14.84,20.62,3.92,1.86,6.42,0.74,1.86,3.1471,4.126
43.0,26.18,1.36,31.83,11.63,2.14,0.6,6.81,2.35,2.72,5.831,5.214
37.51,33.24,1.17,15.38,22.58,1.19,0.85,5.79,0.65,1.54,2.9725,5.1695
43.46,21.95,1.49,17.31,10.9,3.96,1.78,4.31,1.19,6.26,6.2737,4.2058
42.55,44.76,0.58,18.46,15.67,2.87,2.96,2.51,0.74,3.19,4.3754,3.2793
44.09,23.78,1.24,27.4,17.18,3.84,2.69,6.93,1.83,6.11,3.676,5.9184
35.54,47.09,0.94,13.53,31.19,1.31,1.35,3.39,2.11,6.34,1.9973,5.3497
24.21,45.93,0.99,10.96,29.51,2.03,1.86,3.49,2.73,2.66,2.2037,4.5877
40.13,33.94,1.94,27.06,17.92,1.4,1.88,7.41,2.33,4.63,3.6421,7.2123
38.61,42.33,0.77,28.4,20.83,3.51,2.21,7.83,2.9,4.64,2.9159,6.5149
42.27,38.58,0.97,23.66,26.28,3.64,2.22,7.29,2.4,7.1,2.1293,7.3729
25.1,44.09,1.26,13.67,31.53,2.5,2.47,7.99,1.25,1.18,1.9255,6.0252
25.85,32.95,1.79,14.69,19.16,1.56,0.56,7.08,1.87,3.22,3.3269,5.2059
46.71,43.57,1.13,22.32,37.7,1.38,2.86,5.93,1.64,7.18,1.3713,9.8692
42.5,33.87,1.62,36.4,28.04,2.76,0.68,3.06,1.91,2.66,2.4438,12.4758
47.25,48.23,1.78,34.77,23.7,2.52,1.69,7.67,1.93,1.96,2.6849,10.5598
42.76,34.59,0.97,15.78,26.08,3.08,2.8,7.14,2.26,5.03,2.2255,5.2367
37.91,33.88,1.09,18.8,20.26,1.92,1.72,2.69,0.71,3.14,3.3038,5.3528
39.62,43.55,1.03,23.4,24.61,2.21,0.66,4.42,2.37,4.27,2.5306,6.7984
46.67,44.65,1.75,29.42,11.63,1.06,1.07,1.49,0.86,6.74,5.8883,6.1483
37.36,36.63,0.57,20.47,22.42,2.83,1.95,7.67,0.57,4.64,2.5642,5.2567
38.97,25.39,0.96,29.42,19.36,2.27,0.72,5.01,1.8,4.61,3.2796,7.1633
24.69,34.03,1.52,17.44,24.85,3.76,1.56,2.72,1.95,2.95,2.7823,6.2716
34.22,49.04,1.35,19.71,36.77,2.93,1.32,3.05,0.59,6.55,1.6727,9.127
41.49,42.59,1.15,32.64,14.41,2.2,2.54,7.86,1.79,6.18,4.4787,6.0823
28.13,44.33,1.31,19.86,20.52,1.79,0.78,5.31,1.84,2.64,3.1993,5.8875
26.07,20.98,0.8,18.62,11.4,3.72,2.21,3.94,0.63,3.24,6.0556,3.3379
29.41,34.04,1.15,23.79,16.01,1.05,1.52,4.5,2.28,6.52,4.046,5.2419
27.25,39.4,1.25,13.26,24.14,1.98,1.97,1.69,1.03,3.5,2.816,4.7754
26.45,44.9,1.85,13.06,20.91,3.83,1.01,1.53,2.49,3.82,3.3581,5.3609
32.75,21.48,0.89,25.77,13.63,2.96,2.02,5.15,1.28,3.55,4.9548,4.6066
47.24,45.57,1.8,34.89,23.41,2.6,2.18,4.58,1.69,2.13,2.8746,11.0729
35.21,36.45,1.47,28.73,16.15,1.61,0.68,3.51,2.73,3.39,4.2038,6.5563
25.64,25.92,0.53,10.67,11.04,3.5,2.56,4.96,2.52,6.62,5.9297,1.714
22.31,29.52,1.59,14.59,22.95,1.61,2.65,1.51,2.45,4.44,2.9463,5.3937
40.88,28.46,0.55,13.74,10.15,1.74,0.66,7.61,0.9,4.21,6.5677,1.6594
31.48,35.93,2.0,18.31,10.03,1.58,2.01,3.06,0.62,2.09,7.0302,4.4209
44.65,21.55,1.81,14.62,15.42,1.47,1.99,1.5,2.01,2.24,4.6029,4.4792
39.79,24.76,0.95,13.17,19.72,3.86,0.53,2.19,1.53,1.3,3.5611,3.512
43.89,44.38,0.89,10.35,31.36,2.81,1.36,1.67,2.77,1.1,2.2419,4.0838
28.16,23.98,1.07,18.29,10.14,2.91,2.92,2.25,1.37,4.42,6.8076,2.7588
40.77,27.0,1.03,19.25,12.72,3.86,1.89,3.92,1.53,3.86,5.42,3.4371
27.92,33.6,1.06,11.36,28.08,1.69,2.83,6.17,1.82,2.93,2.1665,4.3606
48.17,35.51,0.98,20.71,26.59,1.02,2.19,2.91,2.49,7.93,2.237,6.888
39.09,42.91,1.43,14.07,25.82,2.8,0.57,4.05,1.17,3.79,2.4247,5.3336
29.74,33.42,0.75,23.88,14.36,2.52,0.69,7.5,2.85,6.52,4.337,3.9509
28.09,43.7,1.77,14.19,10.41,2.43,2.31,3.07,1.85,2.47,6.7013,3.6086
25.73,38.55,1.72,13.58,10.49,1.19,1.89,6.56,2.6,2.73,6.4775,3.5246
40.84,23.39,1.21,31.7,15.14,2.36,0.82,2.1,1.81,4.98,4.3939,6.0489
26.56,24.69,1.78,17.49,10.21,1.86,2.04,2.25,2.43,1.03,6.9723,3.8682
37.86,33.11,0.87,26.23,28.0,1.82,2.53,4.19,0.63,1.12,2.3719,8.1767
27.94,31.91,0.53,18.23,13.1,1.67,2.38,2.64,2.5,2.0,5.2673,2.7533
39.86,42.31,1.43,33.52,29.41,2.0,1.12,7.32,1.81,2.56,2.0597,11.7934
44.45,37.42,1.19,16.1,13.48,2.06,1.15,1.36,1.62,4.69,5.1061,3.642
43.34,31.64,1.35,38.03,18.99,1.93,2.92,5.18,0.78,5.8,3.3264,8.8024
42.83,25.12,1.85,33.12,10.82,3.94,2.72,5.23,2.35,3.18,6.374,5.7068
25.63,26.81,1.95,16.26,19.05,3.8,1.3,1.46,0.83,2.67,3.7366,5.8284
22.65,37.27,1.45,15.07,23.02,2.72,2.56,6.13,0.98,6.76,2.6205,5.0974
40.97,32.7,1.65,26.85,11.53,3.94,0.9,4.28,0.82,2.14,6.038,5.701
31.05,35.45,0.63,10.94,27.35,3.97,0.99,6.06,0.52,5.75,2.0648,3.4797
32.97,25.12,0.74,13.92,15.54,2.07,0.95,6.79,2.15,7.52,4.0005,2.8318
20.93,39.89,1.6,15.71,32.94,2.34,0.72,3.26,1.18,2.63,2.067,7.5566
27.79,45.58,1.15,16.83,38.03,3.88,2.64,4.39,0.87,1.61,1.6936,7.6909
21.01,27.74,1.17,12.27,21.73,2.83,1.95,2.83,1.3,7.86,2.934,4.2297
46.38,34.75,0.96,33.91,11.54,1.64,1.15,2.41,1.75,2.9,6.034,5.4101
27.3,49.27,1.41,16.45,14.14,3.07,2.62,1.0,1.76,2.93,4.9919,4.1723
36.72,30.0,0.78,10.29,24.81,1.62,2.51,7.75,1.42,4.39,2.3497,3.086
21.17,37.85,1.44,14.54,21.14,2.02,0.75,4.09,1.74,2.62,3.1994,4.7553
40.01,22.71,0.76,28.31,11.84,1.68,2.11,1.09,1.57,7.95,5.62,4.0863
29.69,38.18,0.6,12.43,27.84,1.73,2.3,1.06,2.56,1.3,2.4162,3.9557
46.94,22.69,1.0,40.55,12.03,1.01,2.29,3.02,0.57,4.16,5.6979,6.3276
46.64,48.78,0.85,17.09,34.56,3.64,2.31,1.1,2.67,4.84,1.8985,6.5205
29.76,41.47,1.83,16.76,32.16,1.89,0.92,3.62,1.11,4.27,1.9622,7.839
47.03,43.64,0.58,13.67,32.47,1.26,1.29,1.44,2.3,4.64,2.0104,4.9038
49.88,41.12,0.76,31.05,17.16,1.26,2.61,1.27,1.51,7.91,3.7023,6.008
44.76,37.69,1.32,21.17,19.11,2.67,2.75,5.69,1.24,7.14,3.2045,5.9327
45.35,33.5,1.22,20.72,17.64,3.98,1.2,7.35,2.04,3.16,3.735,5.1434
27.47,45.75,0.57,20.31,25.11,1.44,0.56,3.87,2.42,4.86,2.4865,5.6857
37.3,48.71,0.51,10.21,15.64,1.3,2.65,6.86,1.62,1.0,4.2148,2.1187
22.02,34.97,1.98,15.6,19.04,2.31,1.44,1.2,1.67,3.87,3.7137,5.9501
22.85,47.95,1.49,14.48,26.83,2.69,1.32,6.44,0.65,2.15,2.4446,5.9142
49.97,37.5,1.05,44.48,21.96,1.88,1.37,1.44,2.81,5.98,2.9174,11.1757
29.8,36.15,1.21,18.72,27.34,1.91,1.54,6.87,2.62,2.55,2.331,6.8777
42.45,33.63,0.9,11.52,19.64,2.27,1.45,7.18,1.49,6.24,3.0355,3.2961
44.2,26.28,1.02,11.48,12.6,1.94,1.92,6.5,2.41,3.19,5.3265,2.4271
45.74,20.11,1.47,37.15,13.39,3.75,0.7,6.75,1.28,7.48,4.746,7.4238
49.93,27.25,1.82,39.38,19.76,1.13,2.93,4.93,2.33,4.12,3.4325,10.2183
27.24,35.29,0.78,14.24,16.48,1.7,2.84,2.85,1.79,6.88,3.9285,3.0496
21.21,31.4,1.76,13.84,20.58,3.43,2.84,5.5,1.65,5.4,3.039,5.1702
32.34,33.45,0.68,18.49,12.71,3.5,2.7,4.08,0.64,7.84,5.1213,2.8306
23.9,49.42,0.82,18.61,21.77,1.33,2.15,1.04,2.91,6.2,3.0704,5.0004
20.67,30.51,0.56,15.39,24.1,3.92,1.05,4.34,2.59,6.09,2.5606,3.8178
30.81,33.57,0.71,25.56,26.92,3.08,0.62,5.56,2.48,2.85,2.3117,7.85
43.51,24.01,1.88,34.7,15.18,1.82,0.75,1.1,1.26,4.53,4.6571,7.737
36.99,21.44,1.19,30.0,14.52,2.37,1.31,5.35,1.22,3.03,4.603,5.5558
29.38,43.26,0.62,13.13,34.14,1.89,1.76,5.57,1.93,1.14,1.8509,4.6357
39.63,37.12,1.94,30.47,31.2,1.45,2.98,2.11,2.62,5.97,2.0998,11.7614
26.96,42.82,1.82,18.48,23.63,1.87,1.59,4.02,2.84,2.65,2.73,6.7937
20.43,24.5,1.63,15.23,15.33,2.74,1.81,7.75,1.17,3.78,4.2005,4.2067
42.93,37.15,1.9,25.96,19.21,3.48,2.24,7.19,2.02,2.99,3.4141,7.1632
38.71,27.61,0.83,12.02,10.91,2.09,0.95,3.88,2.31,2.4,6.3335,2.1313
42.87,26.84,1.75,26.65,15.01,2.04,2.83,3.45,1.07,1.47,4.6932,6.4027
21.17,20.35,1.53,14.23,14.23,2.4,1.82,1.87,1.52,3.37,4.9228,4.18
45.11,23.91,1.8,16.63,17.17,2.93,1.19,1.25,0.97,1.57,4.2643,5.3755
38.59,29.28,1.7,19.3,22.74,3.25,2.84,3.08,2.25,4.78,2.9385,6.6193
36.9,23.51,1.02,23.11,10.44,1.98,2.06,7.58,2.66,1.14,6.4004,3.6068
38.74,49.58,1.66,18.88,28.23,2.76,1.71,7.71,2.69,7.58,2.0324,7.2981
45.93,29.26,0.89,21.6,11.53,2.17,1.95,6.69,2.18,7.77,5.4725,3.6005
37.61,23.91,0.99,13.01,11.79,3.15,2.37,3.46,1.37,3.13,5.8838,2.3922
37.43,25.97,0.66,31.1,19.88,1.49,0.89,2.01,2.15,2.82,3.3441,6.968
49.72,37.63,1.9,36.06,21.24,1.77,2.66,5.17,2.66,1.73,3.2827,9.7481
42.7,21.92,0.94,10.03,15.25,2.28,2.9,5.53,2.06,7.33,4.1259,2.4672
33.27,45.87,1.28,23.99,11.99,3.67,1.92,3.97,1.53,5.11,5.6585,4.6956
41.22,48.84,1.09,29.4,24.11,2.72,2.21,5.84,2.8,5.27,2.4201,8.2599
31.68,27.4,1.94,10.16,18.36,3.9,2.65,6.23,2.59,7.27,3.45,4.2496
26.87,33.5,1.0,14.39,12.47,1.31,1.44,6.48,2.71,7.38,5.1635,2.9284
37.91,20.66,1.67,23.9,11.85,2.38,2.98,4.52,2.76,6.8,5.6688,4.8912
47.85,39.22,1.78,24.87,11.56,2.26,2.2,6.54,1.48,6.41,5.7621,5.6088
47.87,32.42,1.15,35.58,21.34,2.8,1.56,1.18,2.65,7.14,3.0585,9.0333
30.26,28.1,1.07,16.49,22.72,3.44,2.19,5.76,1.93,7.13,2.5988,4.8353
35.83,26.21,1.62,13.21,19.27,3.52,1.8,2.65,0.6,3.58,3.5216,4.695
26.35,39.62,1.87,21.08,34.0,3.01,0.78,2.89,2.09,7.81,1.7329,9.5037
49.87,32.49,1.63,18.44,24.79,2.92,2.49,1.64,1.68,5.96,2.7284,6.3547
49.43,25.39,0.84,34.71,18.89,3.85,1.91,2.35,1.19,3.59,3.5318,7.0202
39.49,40.67,1.83,13.51,24.82,2.15,2.49,7.94,2.93,4.09,2.3705,5.4665
44.13,36.95,1.08,19.58,21.38,3.5,0.89,3.91,0.64,5.81,2.9181,5.3753
41.45,45.76,1.36,21.69,22.5,3.76,1.85,7.49,2.86,3.53,2.7943,6.475
37.79,23.52,1.75,14.38,16.97,2.47,2.42,2.14,0.9,6.79,3.9262,4.6285
21.6,43.57,0.78,12.97,15.2,3.19,2.97,2.43,1.44,2.04,4.5893,2.4871
33.64,40.21,1.68,12.93,11.42,2.13,2.71,4.9,1.54,7.35,5.7181,3.1453
40.24,23.45,1.39,24.11,18.01,1.48,2.66,3.45,2.33,3.11,3.6331,5.8651
40.33,40.84,1.84,26.81,10.1,2.76,1.12,5.51,1.04,2.07,6.9002,4.9009
31.19,33.25,0.76,11.01,27.82,1.59,2.59,3.95,2.97,7.01,2.1481,3.7858
48.25,48.35,1.13,38.97,34.31,2.37,0.92,6.68,2.37,2.68,1.6441,14.7859
25.02,24.25,1.75,11.86,13.04,3.62,1.0,4.02,2.47,6.9,5.1397,3.7772
35.01,39.29,0.53,14.51,26.95,1.26,0.78,5.01,0.77,3.07,2.3621,4.8391
40.73,31.46,0.67,27.01,23.46,1.09,2.64,3.25,1.69,7.54,2.5753,6.9089
40.91,48.7,1.99,22.15,18.27,2.82,0.77,5.93,2.86,2.53,3.7346,6.7388
39.46,29.9,0.92,22.21,21.49,1.99,0.85,5.58,1.18,1.49,3.0763,6.0894
28.26,48.87,1.96,11.7,37.24,2.25,1.11,3.78,0.86,7.56,1.5367,7.0006
24.69,47.04,0.77,17.8,17.99,2.22,1.93,2.93,1.71,2.16,3.8387,3.897
39.08,28.11,1.04,24.86,10.55,1.26,2.7,5.3,2.83,7.61,6.3328,3.6405
37.98,44.11,1.63,13.11,15.94,1.01,1.55,7.6,1.72,6.77,3.9024,3.9384
25.38,49.87,1.49,13.88,17.0,3.7,1.87,1.93,1.51,1.57,4.1766,4.6088
41.15,27.58,1.37,31.2,10.82,1.65,0.92,6.59,2.13,4.12,6.1607,5.1611
33.66,33.1,1.29,20.6,23.14,2.28,1.16,4.8,2.84,1.51,2.9114,6.2695
40.03,35.61,1.77,12.72,17.83,3.92,0.83,4.68,0.62,3.31,3.7801,5.187
45.12,28.85,0.85,21.23,22.25,3.48,1.52,7.73,0.88,3.46,2.7979,5.5402
25.09,20.46,1.16,12.45,11.38,1.32,1.98,5.24,0.83,5.2,5.9513,3.1883
20.57,26.6,0.73,12.88,15.26,2.53,1.21,6.81,0.71,7.83,4.0668,3.0362
43.37,28.46,1.39,33.93,18.6,3.19,2.61,4.6,1.26,2.19,3.6969,8.238
38.29,33.31,0.88,20.16,26.06,3.1,2.95,2.75,1.07,3.3,2.4932,6.1309
40.99,25.13,1.0,21.26,15.32,3.28,0.8,5.86,1.87,5.11,4.1727,4.5016
45.14,46.2,1.21,37.29,21.65,2.37,0.54,7.46,1.32,2.2,2.9619,9.6301
44.08,41.15,0.54,26.76,32.67,1.53,2.47,6.89,1.51,5.97,1.6007,9.3526
48.83,22.56,0.64,29.15,12.34,2.39,0.98,2.39,2.85,3.83,5.646,4.2508
36.08,39.5,1.53,15.52,11.95,2.94,1.38,3.22,0.89,7.65,5.4996,3.8085
34.65,39.61,1.14,21.94,20.95,2.83,1.49,4.62,1.47,5.41,3.0569,5.9149
32.06,48.69,1.8,19.82,36.45,1.21,2.79,5.0,1.14,3.54,1.7447,9.5243
24.61,20.09,1.54,13.81,10.16,1.19,2.15,2.36,1.87,6.04,6.7371,3.2476
37.18,27.44,0.51,31.97,17.29,3.9,0.6,2.61,2.34,6.87,3.6653,6.2894
28.31,47.83,1.43,21.74,29.52,1.46,0.54,6.31,2.54,6.6,1.9023,8.4081
47.64,47.96,0.64,34.47,40.61,1.88,1.0,6.11,1.79,2.84,1.2954,14.8395
37.5,41.62,1.67,22.09,17.63,3.3,1.3,6.87,2.64,3.92,3.7576,6.0536
37.79,42.97,1.99,20.53,17.8,2.23,1.71,7.53,2.46,4.17,3.7664,6.0522
30.65,22.74,1.3,12.89,13.41,1.54,2.59,3.16,0.89,3.72,5.1008,3.4649
21.56,35.42,1.52,12.01,17.29,2.4,1.29,7.02,1.11,3.18,3.7474,3.7019
20.95,26.95,0.86,14.61,18.8,2.71,1.44,5.66,2.18,6.27,3.2277,3.7024
32.7,25.44,1.16,18.03,16.7,2.36,1.32,7.7,2.94,1.09,3.9039,4.157
22.54,44.31,1.78,16.65,32.24,3.76,0.52,2.9,1.44,3.05,2.0688,7.6705
38.21,24.05,0.75,13.43,17.42,1.85,2.89,2.89,1.07,1.99,3.9961,2.978
46.43,34.06,0.9,25.98,27.59,2.98,0.85,5.93,2.67,1.9,2.4496,8.1461
46.49,48.16,1.17,30.37,24.29,1.34,1.22,7.5,1.0,2.94,2.5029,8.9025
39.77,25.57,1.57,22.8,20.41,2.18,0.82,6.77,2.24,6.34,2.9595,6.8587
26.34,49.34,1.06,20.08,17.41,3.22,1.73,6.09,0.59,7.79,3.4626,4.825
45.89,49.83,1.89,40.57,34.88,1.67,2.83,3.71,0.55,4.6,1.8462,16.6294
46.58,36.67,0.64,13.66,21.57,2.77,0.75,6.02,1.63,3.37,2.9266,3.3916
25.9,25.1,1.06,11.42,18.25,1.46,1.6,6.61,2.14,6.8,3.3575,3.0409
42.12,29.48,1.56,13.53,16.91,1.31,0.56,6.27,0.86,1.47,3.977,4.5494
28.6,32.73,0.84,19.26,23.9,2.57,2.43,5.74,2.41,1.65,2.774,5.5049
44.08,29.28,1.48,20.84,23.28,3.03,2.1,1.33,0.82,3.42,3.0207,6.7338
49.92,28.42,0.75,35.61,19.83,1.34,2.25,5.62,1.83,4.14,3.2296,7.9571
20.9,49.17,0.58,12.39,36.52,3.75,1.68,4.35,1.27,6.58,1.4885,4.8246
46.92,24.6,0.68,30.03,10.64,1.68,2.77,7.73,2.38,7.48,6.016,3.7841
38.68,42.0,1.89,28.23,15.53,1.36,1.52,5.25,2.51,4.72,4.2588,6.6538
49.2,20.01,1.33,28.75,14.88,1.61,1.79,5.26,0.67,4.47,4.477,5.8392
33.95,37.89,1.69,20.22,25.86,1.51,2.24,7.96,0.98,2.49,2.433,7.2975
45.42,47.48,1.0,12.68,28.23,1.27,1.8,1.66,2.73,4.16,2.3703,4.6104
21.87,28.64,1.39,12.82,15.0,3.39,0.97,2.93,1.54,7.47,4.3065,3.8441
30.06,25.57,1.24,18.22,10.47,2.49,1.29,5.59,1.69,3.75,6.5047,3.5451
22.01,39.55,1.92,13.24,19.06,2.17,0.73,3.21,0.92,2.47,3.6437,5.1784
49.26,41.38,1.62,40.86,23.16,3.85,1.58,3.42,2.99,3.36,2.8666,11.5652
44.51,40.64,1.6,36.75,15.42,2.11,2.02,7.25,2.81,4.6,4.2403,7.9157
45.58,29.58,0.57,35.13,12.52,1.5,0.8,5.06,0.51,5.19,5.2632,5.1002
48.14,27.57,1.32,22.44,16.39,1.82,2.08,1.72,1.88,4.03,4.3261,5.2875
22.55,48.68,1.2,15.42,29.73,1.72,2.73,3.18,2.68,6.31,2.0751,5.7211
31.57,47.7,1.89,16.55,17.85,2.5,1.34,1.53,1.58,5.09,3.8504,5.4204
22.13,33.72,0.89,11.66,21.0,1.87,1.06,4.89,1.59,5.66,2.9617,3.7618
26.32,45.39,0.9,13.88,37.36,2.55,2.73,2.21,1.45,7.04,1.4834,6.3771
26.88,33.57,1.12,10.84,18.79,3.01,2.23,7.0,0.57,7.06,3.2767,3.3922
34.07,32.73,0.87,16.33,25.2,3.33,0.76,5.04,2.48,2.42,2.5663,5.1869
28.06,24.7,0.69,16.02,19.0,3.13,1.52,1.42,1.64,5.36,3.5113,3.9511
23.03,32.79,1.79,17.67,11.64,1.62,2.19,3.11,1.83,6.02,5.8107,4.2463
25.02,36.12,1.34,13.14,12.02,1.35,1.94,5.31,1.14,2.02,5.7533,3.0176
24.42,20.68,1.79,18.5,12.7,2.63,2.05,3.35,2.46,6.9,5.25,4.725
49.19,33.32,1.75,17.83,20.78,1.6,1.92,4.59,2.48,2.26,3.2461,6.0625
42.78,43.44,0.92,15.3,22.11,1.25,2.5,7.37,1.88,6.59,2.6345,4.481
49.03,40.4,1.32,27.66,18.29,2.58,1.3,3.45,2.76,2.13,3.7334,6.5615
33.19,39.05,0.62,22.23,25.42,1.98,2.27,3.35,0.79,6.19,2.3589,6.5875
28.35,47.29,1.87,10.59,10.07,3.27,2.98,6.74,2.47,2.04,6.8492,3.388
43.95,20.54,1.11,16.4,15.36,1.94,1.47,3.23,1.9,3.65,4.4713,3.6126
29.79,36.71,1.09,16.74,15.04,3.94,2.48,1.55,1.08,2.0,4.7313,3.4783
28.98,43.62,0.95,14.63,36.25,3.28,1.12,2.27,0.83,2.9,1.8455,6.4795
26.98,36.24,1.19,18.53,12.32,1.17,1.2,7.64,1.25,7.89,5.1732,3.8683
23.89,29.72,0.88,14.54,13.5,2.53,2.84,7.53,2.64,1.75,4.8951,2.6751
27.69,24.09,1.06,12.04,12.13,2.69,0.56,2.57,2.47,3.85,5.7345,3.1492
30.66,46.63,1.7,24.01,41.51,3.09,1.04,4.87,2.11,5.74,1.2755,12.2792
40.22,34.12,1.75,17.39,10.09,2.49,1.71,1.96,0.73,1.66,7.1042,3.9431
21.88,46.34,0.96,15.03,30.05,2.45,1.5,5.72,2.89,1.76,2.1432,5.0568
26.32,37.58,1.2,18.82,29.63,2.1,2.07,2.3,1.26,2.0,2.314,7.0971
44.27,40.23,1.81,38.19,26.96,1.81,0.98,1.35,2.02,5.51,2.4544,12.9101
24.41,44.13,0.58,14.69,20.57,3.84,0.68,6.77,2.51,7.37,2.8262,3.9439
30.28,39.77,1.83,19.41,33.74,1.95,1.42,3.28,0.83,6.78,1.7618,9.0337
45.94,31.94,0.83,20.36,25.14,1.19,1.81,1.76,2.13,7.88,2.4713,6.3117
24.65,35.41,1.52,16.54,18.86,1.5,1.91,6.84,0.58,5.05,3.3971,4.8758
22.48,44.09,1.37,13.47,26.68,3.57,2.0,6.34,0.75,7.73,2.1367,5.309
34.54,31.21,1.33,18.55,25.68,2.76,1.87,5.79,2.31,3.13,2.4906,6.1375
29.07,31.64,1.79,22.04,26.35,3.34,1.11,7.38,0.89,3.95,2.3639,8.4497
36.9,22.87,0.65,11.1,13.54,3.43,2.41,4.42,1.61,3.77,4.9804,1.8191
44.11,47.44,1.02,35.68,37.49,3.47,0.72,1.9,1.12,1.33,1.8094,14.8012
24.11,22.73,1.31,17.77,12.33,2.65,1.0,1.43,1.55,6.81,5.4394,3.6492
37.42,39.45,1.72,21.35,19.09,1.53,2.35,3.23,0.69,1.17,3.7115,6.699
35.17,32.4,0.82,19.89,12.87,1.44,1.2,1.61,2.39,6.11,5.3004,3.3621
24.32,32.17,1.7,13.37,13.59,2.72,1.73,4.75,0.7,3.85,4.9229,4.2066
38.72,40.39,1.1,33.58,26.68,2.1,1.32,1.1,2.59,1.04,2.6868,9.8583
28.21,22.01,0.78,11.47,13.58,2.67,1.77,4.11,2.16,3.03,5.043,2.0413
34.64,37.81,1.64,21.59,15.27,2.5,1.37,2.25,1.54,3.42,4.5567,5.3094
22.47,43.16,0.64,15.09,21.35,2.81,2.99,3.58,2.67,7.75,2.9231,3.7808
33.79,44.85,1.27,27.55,21.14,1.1,1.39,5.73,0.97,5.63,3.0092,7.6285
29.19,25.12,0.6,21.07,19.99,1.1,2.07,3.46,1.16,4.81,3.215,5.0002
44.67,46.92,1.03,29.1,37.25,3.16,2.72,3.39,0.84,1.89,1.741,11.7342
21.71,39.68,1.4,10.78,19.58,1.58,2.09,7.94,1.45,3.74,3.1918,3.96
32.56,46.46,1.33,16.56,38.75,2.96,1.91,6.03,2.97,1.25,1.6216,7.8186
33.75,34.56,1.11,12.6,16.7,2.64,1.92,4.6,0.9,6.33,3.7872,3.3213
41.75,36.26,1.14,33.57,24.2,3.95,1.74,5.06,2.58,2.14,2.6416,9.3007
37.23,47.57,0.84,26.66,41.48,3.51,2.52,5.34,2.13,5.16,1.1691,11.8332
40.02,47.0,1.18,28.95,22.49,2.24,0.63,1.17,0.54,5.9,2.9439,8.3018
43.31,33.44,1.93,28.47,22.54,2.85,2.71,1.56,2.86,3.57,3.2111,8.9783
45.87,28.23,1.78,25.65,13.92,1.35,1.97,5.54,2.93,5.43,4.6682,5.8478
29.42,31.8,0.72,12.16,14.47,2.16,2.62,3.55,2.81,6.35,4.5085,2.4202
36.14,31.63,0.54,16.97,19.55,3.2,0.53,1.39,1.75,2.29,3.5177,4.2712
45.2,28.61,1.9,14.14,23.32,2.87,2.67,3.08,1.05,5.21,2.8339,5.9143
49.68,28.06,1.29,35.14,15.92,2.45,0.8,1.91,1.48,6.14,4.2821,7.2581
46.69,45.83,1.31,15.08,38.91,1.53,2.3,7.41,2.04,3.5,1.3784,7.5088
31.14,22.1,1.67,21.33,16.49,3.41,1.54,2.42,1.45,2.14,4.1789,6.0671
25.85,40.33,0.97,17.51,16.43,1.82,2.2,2.01,2.27,3.0,4.1731,3.7138
34.68,25.18,1.22,19.04,14.09,3.46,2.07,5.38,2.49,7.53,4.5175,3.9753
42.25,30.34,1.95,13.68,19.87,2.83,0.91,4.65,1.02,3.5,3.2757,5.7448
34.78,21.85,1.51,16.23,13.55,2.12,1.79,5.03,1.51,1.75,5.1026,4.0724
34.5,28.1,0.73,16.24,11.26,1.12,1.19,4.05,2.89,1.58,6.0847,2.6682
45.15,43.05,0.7,31.11,37.88,1.7,1.9,4.27,1.12,2.26,1.6271,12.7899
30.84,46.55,0.81,11.8,33.75,3.67,2.35,6.45,1.37,1.89,1.7643,4.5701
45.79,26.65,1.65,35.53,15.1,3.45,0.7,2.54,0.59,4.47,4.4977,7.6283
32.2,33.91,0.94,23.09,21.69,2.72,1.79,3.78,1.33,3.43,3.0757,6.3517
29.85,34.11,0.53,12.77,11.67,2.4,2.04,7.7,1.43,6.89,5.4352,1.9159
33.62,46.21,1.92,23.39,25.46,2.94,1.24,2.33,0.75,7.17,2.5285,8.2264
42.87,42.88,0.75,28.63,35.96,2.4,2.88,3.06,0.5,4.31,1.7252,10.9866
23.78,35.39,0.51,16.57,28.28,2.93,1.8,2.34,1.94,7.22,2.1161,5.2427
25.89,40.12,0.86,12.06,18.48,1.92,0.96,1.14,1.25,4.15,3.6984,3.5456
48.54,45.42,0.85,15.29,26.16,3.52,0.77,2.89,0.54,5.49,2.358,5.1571
25.26,20.29,1.13,12.43,13.69,3.11,1.85,1.33,2.65,2.14,5.1094,3.0467
37.03,32.09,1.88,18.06,15.81,1.99,1.44,2.08,1.96,1.37,4.5466,5.2625
37.38,47.22,1.82,27.76,12.09,3.49,0.98,3.54,0.93,2.12,5.7655,6.0743
34.69,42.21,1.19,24.53,23.75,2.46,0.58,1.15,2.66,2.76,2.9734,7.5653
39.34,36.29,1.12,32.53,22.81,1.52,1.92,6.27,1.13,6.26,2.6143,8.9414
26.89,35.89,1.33,10.7,10.12,1.23,2.0,6.57,1.07,2.21,6.7913,2.7514
36.58,30.43,0.87,10.25,11.48,3.1,0.85,3.88,2.74,1.91,5.9793,2.2016
31.17,35.62,0.58,21.3,14.27,3.6,2.0,7.89,0.95,7.49,4.2415,3.8031
39.85,39.66,1.91,16.94,18.58,3.42,2.88,5.75,2.7,5.82,3.5441,5.4592
24.24,32.55,0.78,13.09,19.5,2.97,2.95,6.21,2.51,4.31,3.2125,3.3361
37.13,41.42,0.8,22.1,17.76,1.42,2.72,2.35,1.27,1.66,3.9503,4.7967
25.56,45.84,1.21,11.08,18.52,1.28,2.52,6.86,0.59,6.96,3.221,3.8384
28.36,24.64,1.24,18.59,18.38,2.04,1.02,7.62,0.71,1.76,3.5313,5.2395
26.56,33.55,0.53,13.76,12.69,3.56,0.89,2.65,0.77,5.28,5.3564,2.2713
25.49,32.24,0.72,16.63,18.54,3.89,1.61,5.81,2.73,5.67,3.2766,4.0142
44.77,40.62,1.07,34.83,34.42,1.72,2.05,6.23,1.51,3.8,1.7969,13.3236
28.57,27.5,1.53,12.32,17.81,3.29,2.63,3.14,0.58,7.38,3.6521,4.1342
47.81,39.21,0.84,40.55,27.36,2.72,1.08,4.33,1.89,1.35,2.3728,11.79
49.1,46.32,1.13,28.1,23.51,1.1,1.7,1.68,1.02,6.73,2.7525,8.0809
37.14,32.54,1.34,30.43,10.35,2.63,2.12,2.21,1.09,4.88,6.744,5.1999
24.29,47.33,1.83,11.93,30.89,3.42,1.61,1.43,0.9,5.28,2.1215,5.6369
31.24,49.79,0.99,19.82,31.99,1.83,1.64,4.92,2.41,7.91,1.6589,6.8803
43.93,23.18,0.7,21.69,10.9,3.69,1.06,5.38,0.5,5.08,6.1181,3.412
31.02,26.99,1.23,22.4,15.54,1.71,2.97,7.41,1.6,6.58,4.048,4.9238
22.61,48.51,1.62,14.61,40.67,1.23,1.69,4.8,0.72,2.07,1.5667,8.2671
36.7,48.75,0.66,20.73,16.92,1.48,1.83,2.82,1.88,6.67,3.8381,4.0289
45.35,22.93,1.14,37.71,13.66,3.51,1.05,1.42,1.36,6.33,5.0053,6.1865
43.88,20.45,0.53,20.89,12.51,2.25,1.79,7.19,0.57,7.78,5.0276,3.002
25.25,24.83,0.55,12.26,17.97,3.39,1.14,4.35,1.65,7.55,3.4043,3.061
40.18,49.88,1.22,25.31,38.76,2.59,1.01,6.16,1.93,2.5,1.5333,11.2651
26.62,25.4,0.95,17.25,17.9,2.44,1.19,1.1,1.12,4.25,3.9104,4.1883
26.55,35.08,1.77,15.07,17.34,3.42,0.51,4.42,2.41,7.38,3.7282,4.4462
46.22,45.45,1.4,25.19,12.19,2.27,1.93,3.28,1.43,5.49,5.6285,4.4806
27.49,20.61,1.18,21.98,11.96,3.41,1.47,1.21,2.37,4.25,5.7979,4.2389
27.9,38.13,1.11,19.45,25.73,1.3,2.75,6.43,1.95,1.76,2.4943,6.1503
20.02,28.31,1.25,10.56,19.35,2.91,0.6,4.59,2.67,3.46,3.4565,3.7824
46.12,45.87,0.56,16.6,39.79,3.11,0.61,3.33,1.87,5.66,1.4787,7.0484
43.78,28.5,1.84,38.07,16.13,3.7,2.71,6.64,0.96,6.44,4.0258,8.2373
38.82,40.6,2.0,27.3,26.19,1.67,0.82,4.13,2.56,4.13,2.4611,9.7582
42.51,40.23,0.77,35.17,23.6,2.81,0.51,1.02,2.46,1.39,3.0439,9.0485
24.56,26.64,0.68,12.91,11.75,2.3,0.95,7.61,2.93,5.43,5.5841,1.9833
33.75,21.04,0.72,23.91,12.79,2.15,2.56,2.79,0.73,7.45,5.1229,3.6397
30.54,32.28,1.49,21.09,19.41,1.32,2.51,6.81,1.98,4.47,3.2235,5.8567
22.81,28.68,1.49,12.3,23.0,1.4,1.35,6.71,1.73,7.5,2.5461,4.6618
34.58,44.27,1.77,20.79,20.73,3.51,2.17,2.14,2.18,3.48,3.3552,6.3455
47.62,44.01,1.63,30.47,38.43,3.25,1.77,4.32,2.95,7.2,1.4297,14.0405
21.2,33.71,1.17,12.98,20.15,2.15,2.76,1.28,1.83,6.5,3.2183,4.01
28.74,38.2,1.42,21.37,15.62,3.49,0.64,3.48,2.21,7.73,4.2317,5.2137
26.23,38.13,1.53,19.35,14.43,1.24,2.53,6.12,1.37,6.54,4.4322,4.688
27.14,44.81,1.27,20.33,14.22,2.87,0.93,2.66,1.25,3.25,4.8333,4.7113
47.25,32.75,1.21,35.91,18.04,3.6,1.48,1.82,1.34,7.3,3.6347,8.1234
34.04,28.26,1.47,19.29,10.29,3.52,0.98,4.55,0.6,5.69,6.5101,3.8225
33.99,27.95,1.34,17.24,15.76,2.12,2.26,4.76,1.21,2.13,4.2478,4.0692
42.82,36.09,1.47,33.13,30.84,3.24,2.2,5.73,0.93,1.32,2.091,11.6479
24.63,33.47,1.42,14.72,22.38,2.28,1.87,6.31,1.64,3.56,2.8847,5.431
34.62,33.2,1.58,14.83,23.83,3.52,2.25,5.87,1.65,6.51,2.5491,5.4243
32.9,22.73,1.46,19.08,10.92,2.59,2.1,6.92,2.41,5.33,5.9794,3.9473
37.91,41.56,1.28,13.25,22.56,3.29,2.44,2.56,1.76,4.69,3.004,4.5298
49.99,26.41,1.52,34.2,13.27,1.24,1.1,4.99,1.66,1.03,5.2817,6.7278
43.08,25.91,1.17,19.43,19.75,2.77,1.57,3.52,1.08,4.05,3.3686,5.3221
31.94,32.38,0.86,14.41,13.15,2.65,0.88,7.73,2.63,2.1,5.04,2.5728
44.83,26.83,0.5,38.53,15.43,2.83,1.57,4.08,0.73,4.18,4.3056,6.2601
25.12,37.52,1.34,17.86,23.24,3.09,2.25,7.72,2.96,7.94,2.5443,5.5702
20.91,31.14,1.39,14.65,18.3,3.75,2.23,6.38,1.69,7.16,3.4135,4.0517
26.13,33.47,1.96,16.94,25.33,3.36,2.27,6.03,0.96,3.17,2.5733,6.7348
30.21,36.12,1.04,22.77,14.89,1.66,1.27,4.44,1.39,5.15,4.3665,4.447
35.32,26.11,1.09,25.42,14.19,3.48,2.16,4.1,0.54,4.51,4.7254,4.9097
38.45,24.67,0.8,24.04,17.66,1.37,1.42,4.69,0.92,1.91,3.838,5.1178
47.32,46.41,0.61,41.06,26.59,2.87,2.86,3.06,1.34,7.93,2.1952,11.4302
35.3,33.01,1.66,13.89,17.24,3.65,1.36,7.33,1.89,3.98,3.7216,4.73
35.04,32.36,0.87,28.9,10.51,1.3,2.01,6.56,0.82,4.54,6.3633,4.0183
21.51,21.07,1.41,12.61,14.57,3.55,2.38,6.61,2.19,5.53,4.3922,3.2009
21.05,34.94,1.53,13.2,29.38,3.4,2.77,4.03,2.61,2.34,2.3115,5.2276
36.53,36.63,1.21,12.64,23.41,2.51,1.59,1.5,1.93,2.56,2.9504,4.4504
33.15,36.77,1.81,19.8,28.64,1.93,1.4,5.78,1.24,2.35,2.1655,7.9957
45.18,41.21,1.17,28.44,23.55,2.22,1.58,3.62,0.8,3.69,2.765,8.177
24.82,25.32,0.93,19.8,12.39,3.91,1.31,7.09,0.54,2.4,5.386,3.7255
20.75,27.57,1.84,15.61,10.18,1.61,2.13,6.46,2.33,7.48,6.5382,4.1972
33.47,44.32,1.79,27.85,29.16,2.74,2.83,2.02,2.07,6.0,2.2526,9.9696
27.12,48.42,0.75,14.22,26.48,1.25,0.82,5.21,1.69,7.28,2.086,4.4321
21.49,24.08,0.54,16.43,17.1,1.65,1.9,5.85,0.75,6.94,3.6026,3.3354
41.74,34.93,0.63,22.18,23.84,3.29,2.74,4.98,1.02,5.92,2.4908,5.6367
23.35,26.43,0.93,17.11,21.29,1.91,0.75,4.6,2.54,2.7,3.0693,4.4106
38.25,21.8,1.96,15.03,13.47,3.96,1.73,2.6,1.7,5.31,5.0591,4.8807
28.43,29.77,1.34,16.79,16.31,2.5,2.66,2.65,2.91,2.3,4.2686,3.9787
25.2,24.31,1.06,19.86,12.67,2.55,2.75,6.38,3.0,1.93,5.4916,3.2689
31.39,41.3,1.83,25.52,22.54,1.11,1.79,1.13,2.5,5.43,3.1207,7.8445
44.04,36.01,1.18,29.86,28.34,3.87,0.56,6.45,1.15,5.37,2.0,10.2779
31.76,24.32,0.97,23.37,10.4,1.52,0.76,4.69,1.08,2.1,6.6404,3.5658
42.52,20.28,1.91,14.86,15.16,2.62,1.97,7.55,1.13,3.47,4.3413,4.5328
23.76,44.24,1.77,16.33,39.05,2.19,0.81,7.98,2.97,1.46,1.5435,8.4905
43.18,25.29,1.77,27.42,16.15,2.25,0.87,5.64,1.34,6.01,4.0677,6.8453
27.11,38.19,1.27,11.11,17.69,2.93,2.43,3.89,2.27,7.91,3.5734,3.5762
40.32,30.11,1.68,12.87,13.37,2.99,2.38,4.33,2.9,6.18,4.9562,3.8804
36.97,37.56,0.77,12.38,16.24,1.46,2.61,2.43,2.55,6.91,4.0714,2.4932
47.87,29.47,1.36,33.81,10.73,2.5,0.76,1.69,1.99,4.33,6.4404,5.2841
31.62,22.61,1.98,12.36,13.61,3.37,1.0,5.05,0.92,1.67,5.1234,4.8746
21.98,26.69,0.94,13.27,10.67,2.33,2.58,6.64,0.94,6.09,6.085,2.6674
20.57,25.64,1.69,11.99,17.65,1.5,2.3,2.83,1.73,2.8,3.8889,4.1993
44.81,32.84,1.24,26.41,16.64,1.94,2.51,3.94,2.88,3.72,4.0767,5.2482
35.74,39.75,0.56,24.65,14.93,1.64,2.97,4.88,2.76,5.92,4.2701,3.856
43.26,27.91,1.64,29.35,17.04,1.38,2.66,7.36,0.92,7.33,3.5337,6.8437
27.03,20.36,0.75,16.2,15.22,2.13,1.8,1.97,1.22,4.4,4.4184,3.121
30.35,35.57,1.45,17.13,24.3,2.62,1.28,2.66,1.97,7.73,2.5268,5.8147
20.9,38.17,0.63,12.35,21.4,1.22,1.92,7.43,1.69,4.64,2.7386,3.1767
48.84,48.89,1.92,39.17,36.33,2.81,2.1,1.28,0.8,1.86,2.0313,16.8345
40.04,37.68,0.94,18.28,26.73,3.98,1.34,5.59,1.42,4.63,2.1807,5.8708
48.0,34.14,0.84,18.56,27.06,3.89,2.43,5.48,2.89,7.02,2.0718,5.4951
27.96,37.2,0.69,19.64,14.54,3.49,0.73,3.68,2.88,4.77,4.5703,3.4997
38.34,47.84,1.92,18.4,38.2,1.8,2.45,4.28,1.9,6.23,1.521,9.3728
40.35,44.85,1.57,31.48,18.99,1.07,0.58,6.98,2.09,4.84,3.312,7.6814
29.53,29.69,1.61,14.76,23.82,3.5,1.74,2.15,1.05,4.82,2.778,5.7772
45.44,27.12,1.25,31.37,13.41,1.17,2.65,2.62,2.35,2.99,5.1175,5.4324
48.41,27.88,1.21,11.51,21.94,1.62,0.72,4.59,0.63,2.41,2.9994,4.1538
46.55,35.13,0.67,22.16,29.4,2.63,1.79,3.87,1.05,2.95,2.1903,7.1857
42.17,42.32,1.34,19.33,13.98,1.54,0.9,5.02,0.51,4.09,4.7739,4.5661
28.32,35.1,0.87,20.88,29.58,3.5,2.74,7.45,1.46,6.67,1.8069,7.0922
28.45,22.03,1.97,23.01,10.6,3.33,2.58,7.42,2.63,6.8,6.2856,4.6063
48.9,41.71,1.69,25.62,15.84,3.27,2.83,2.61,2.96,2.14,4.477,6.0839
20.31,44.18,1.12,14.38,22.96,3.45,2.69,3.12,2.17,4.87,2.7634,4.4261
41.48,28.68,0.73,28.53,23.6,1.66,2.34,2.13,2.36,3.91,2.8232,7.5691
41.19,39.92,1.68,35.33,22.18,3.19,0.96,7.49,1.16,5.0,2.8202,10.3039
38.68,32.8,0.68,29.21,19.8,2.07,1.26,3.79,1.8,5.53,3.1856,6.7654
49.7,46.67,0.78,12.69,31.99,3.0,1.74,4.15,2.34,2.96,1.8789,4.6397
29.36,45.36,0.82,20.24,39.39,1.37,1.97,6.62,1.74,7.43,1.1723,9.0852
30.2,35.76,1.34,18.14,26.26,3.12,2.46,4.59,0.72,7.55,2.2586,6.4683
22.37,40.75,1.68,10.12,15.77,3.92,1.07,1.84,2.35,1.74,4.5532,3.9131
33.28,46.5,0.97,14.59,19.54,1.13,0.82,4.06,1.05,5.92,3.2306,4.2576
27.83,34.87,0.63,21.83,11.94,1.28,1.71,5.41,0.74,1.23,5.6177,3.3934
30.3,29.4,1.2,24.17,19.28,1.37,0.89,6.03,1.7,1.33,3.3971,5.9783
45.04,42.61,1.62,34.0,14.99,2.29,2.23,5.52,0.69,7.7,4.2895,7.4281
48.06,26.6,0.83,42.46,12.99,1.87,1.94,1.83,2.07,5.86,5.3044,6.4321
25.57,31.66,0.83,18.53,24.79,3.42,2.35,3.13,2.1,3.27,2.6461,5.098
31.18,45.97,1.92,10.17,20.12,2.42,0.66,6.13,1.14,5.69,3.2206,4.6497
47.86,41.73,1.93,19.46,25.15,2.45,2.91,7.16,2.91,6.92,2.2797,6.9652
21.85,32.11,1.99,10.21,16.8,3.15,0.5,1.33,2.56,7.1,4.0004,4.1029
22.77,26.44,1.71,10.73,10.85,2.09,1.31,1.3,0.77,1.14,6.5247,3.6932
24.88,30.68,0.78,12.16,15.69,2.06,2.2,5.5,2.37,6.73,4.043,2.3288
37.86,28.52,0.82,21.51,15.52,3.27,0.61,4.84,1.38,6.97,4.0548,4.1011
24.51,25.28,1.01,18.06,19.21,3.34,0.71,2.09,2.38,5.17,3.4907,5.0728
49.04,42.3,0.98,39.34,18.86,1.04,0.69,4.84,2.5,4.36,3.4048,8.476
33.4,27.56,1.93,21.34,14.76,1.43,1.95,7.82,0.88,1.78,4.6581,5.901
35.05,33.63,1.68,28.61,24.58,1.64,2.74,5.42,2.15,2.68,2.7624,9.2927
27.4,31.58,1.59,16.2,22.58,2.05,1.89,4.14,2.66,4.43,2.7815,5.7375
34.13,49.46,0.78,27.01,37.51,1.87,2.01,6.79,1.31,7.06,1.3214,10.9968
39.86,31.73,1.86,21.29,25.96,3.01,1.37,2.49,0.7,6.62,2.4484,8.1083
42.54,22.4,1.74,17.63,15.89,3.48,0.55,3.9,0.57,4.47,4.2892,5.4101
42.62,22.69,0.75,35.31,13.14,1.58,0.55,4.69,0.78,6.5,4.8913,5.5785
37.34,37.72,1.81,18.67,28.67,2.69,2.72,4.53,0.51,6.36,2.2027,7.8767
47.13,37.98,0.91,26.17,21.69,2.1,0.76,7.45,1.32,5.05,2.8143,6.7806
44.52,32.56,0.62,19.71,14.88,2.52,3.0,3.05,1.25,2.54,4.5185,3.4102
42.71,32.96,1.49,28.37,15.44,2.86,0.91,1.4,0.78,3.44,4.5296,6.8153
21.67,21.62,1.48,16.64,11.48,3.68,2.19,7.41,2.13,2.15,5.9064,3.6035
20.21,35.5,0.64,10.13,12.97,1.58,2.87,2.52,2.98,1.05,5.4344,1.6966
26.37,35.14,0.98,20.23,13.72,1.26,1.41,3.65,2.75,1.56,5.05,3.9131
39.91,24.49,1.99,10.1,10.6,2.88,2.34,4.72,1.13,6.32,6.4332,3.8063
32.34,23.12,1.52,16.31,17.21,2.18,1.38,7.83,2.42,1.23,3.8501,4.7625
32.07,23.71,1.6,12.88,18.11,1.49,1.26,4.75,2.84,3.8,3.7122,4.064
46.54,23.03,0.82,33.88,14.71,1.35,1.0,4.13,2.77,7.9,4.2724,5.8696
46.87,38.29,0.62,11.61,29.58,2.68,2.55,5.09,2.71,6.57,1.8957,3.8841
47.28,25.89,0.92,27.86,12.0,1.9,1.14,7.8,2.47,6.25,5.4057,4.5837
29.42,27.54,0.87,14.25,21.31,3.99,1.21,6.73,1.23,2.92,3.0312,4.2508
40.73,25.21,0.85,13.44,15.17,2.22,3.0,2.18,0.71,5.49,4.4244,3.1868
28.15,48.74,0.79,20.15,12.27,1.64,1.32,6.62,1.72,4.49,5.3483,3.1507
25.72,45.64,1.36,12.33,14.33,2.89,1.56,6.89,0.64,5.37,4.5822,3.3915
25.54,26.91,0.99,12.36,13.68,1.73,2.98,5.83,3.0,4.05,4.8267,2.6474
30.26,29.83,1.73,14.2,10.65,2.48,1.42,5.6,1.4,4.72,6.4316,4.052
32.9,26.3,0.78,20.5,13.49,2.45,1.42,4.09,2.9,7.92,4.7714,3.4593
44.93,34.76,1.2,29.74,11.18,2.36,2.57,5.49,2.43,3.31,6.0758,4.4736
23.6,20.59,0.52,10.15,11.32,3.39,1.28,6.16,1.53,2.52,5.8806,1.3287
42.05,40.14,1.22,16.54,16.68,1.65,1.08,1.86,0.8,4.14,4.0472,4.4774
35.94,35.69,0.58,19.03,30.58,3.71,1.56,2.8,1.09,4.67,2.0723,6.4058
28.64,46.96,1.97,14.53,17.53,3.37,2.25,2.36,2.18,1.6,4.1647,4.9661
34.78,24.93,1.69,27.49,12.38,2.0,0.61,6.89,2.57,6.64,5.2757,5.794
29.0,44.12,1.24,21.03,30.0,1.54,1.43,5.76,2.95,3.95,2.013,7.7053
37.88,43.76,0.63,24.32,34.71,1.84,1.37,4.16,0.83,3.89,1.7717,9.1685
33.02,23.82,1.39,16.09,13.41,2.0,1.11,6.78,0.89,5.61,4.8678,4.2208
24.93,31.96,1.64,16.96,24.85,2.67,2.14,6.02,0.61,6.41,2.3003,6.8351
23.5,25.1,0.79,17.17,13.44,1.14,1.22,7.4,1.15,7.9,4.6853,3.1596
36.4,27.64,1.35,22.73,12.49,3.74,2.02,1.54,2.55,2.21,5.6059,4.2354
47.07,27.9,1.72,35.16,14.25,1.3,1.76,4.56,1.0,3.42,4.7901,7.1193
30.32,36.69,1.65,21.48,23.22,1.84,1.04,5.95,1.87,2.18,2.8172,7.2682
41.99,32.34,1.7,25.43,16.37,1.33,1.17,2.45,1.62,7.17,4.0266,6.2227
39.76,48.43,1.82,17.73,32.5,1.77,0.93,3.29,1.31,4.84,1.9783,8.1912
47.95,23.79,1.91,34.57,12.08,3.51,0.64,3.93,2.05,6.97,5.6086,6.7112
44.63,49.21,1.11,16.13,33.98,2.85,2.05,6.56,1.76,7.9,1.4939,7.0736
37.0,26.92,1.35,27.15,14.14,1.68,2.18,4.46,1.34,4.85,4.7973,5.7554
39.71,43.19,1.69,29.88,22.85,3.62,0.91,4.45,2.22,1.83,3.0611,8.7355
46.95,30.17,1.55,36.27,18.46,3.4,2.04,4.02,1.2,3.53,3.7272,9.0071
31.99,24.29,1.99,18.03,16.38,3.26,2.96,2.6,2.11,1.25,4.3704,5.1935
29.8,45.74,0.52,12.85,17.34,3.54,0.69,7.46,2.89,6.95,3.4324,2.6827
20.32,29.27,1.03,10.53,21.93,2.86,1.73,3.22,2.32,1.13,3.1456,3.2863
44.8,39.77,0.92,32.15,27.88,2.5,2.33,4.97,1.55,5.15,2.2077,9.8791
44.03,36.99,0.89,35.73,15.15,2.12,0.62,2.04,2.37,1.74,4.6739,6.258
23.13,34.15,0.83,15.29,28.67,1.67,2.45,4.04,2.52,1.05,2.1929,5.4741
37.31,34.87,1.56,13.22,23.21,2.67,2.95,7.33,1.31,2.79,2.7463,4.9588
33.92,41.97,0.63,27.69,22.2,3.67,0.72,7.97,2.26,4.86,2.5238,6.8343
23.56,22.63,1.61,18.47,11.2,2.78,2.56,3.53,1.59,1.53,6.2908,3.8589
49.42,40.05,1.54,24.92,23.35,3.76,1.45,2.08,2.55,5.3,2.8203,7.4469
26.44,46.87,0.88,16.81,15.25,2.07,0.86,3.2,1.24,5.7,4.289,3.5788
22.02,21.73,0.88,15.45,12.89,3.09,1.73,3.29,2.84,7.79,5.1233,2.9577
37.85,24.22,1.44,26.82,13.77,2.95,0.68,5.51,1.94,7.3,4.6654,5.5721
42.17,41.5,1.64,36.29,29.08,3.01,1.81,4.47,1.38,4.97,2.1511,12.8935
20.97,33.12,1.81,10.69,13.49,2.94,0.55,6.38,1.55,6.55,4.7909,3.9784
39.76,32.11,1.78,24.38,24.06,1.66,2.32,5.91,1.37,3.55,2.681,8.1651
35.97,24.11,1.95,24.51,12.97,1.43,1.72,2.76,0.87,5.1,5.3629,5.9484
23.1,35.2,1.37,17.21,18.97,3.94,1.65,6.49,0.67,3.82,3.3473,5.1107
25.18,23.8,1.86,18.89,16.79,1.14,0.99,6.93,1.3,3.36,3.9618,5.9269
37.04,34.3,1.71,31.55,22.07,2.4,1.4,5.19,1.65,6.09,2.8502,9.339
28.89,42.91,1.84,17.11,18.6,2.28,0.95,7.49,1.4,3.08,3.5034,5.8917
48.15,27.75,0.52,37.54,14.92,2.08,2.34,6.48,0.53,3.66,4.3188,6.2342
44.56,34.42,1.95,22.63,15.94,3.35,1.0,5.17,1.95,3.57,4.283,6.5082
49.51,49.76,1.21,24.57,30.67,3.24,2.04,7.34,0.86,7.09,1.764,9.2284
27.79,40.6,1.7,13.24,18.52,3.72,1.2,5.2,1.03,2.19,3.6555,5.1242
49.09,45.24,0.69,37.9,31.95,2.19,2.14,4.65,0.8,3.67,1.9018,12.7394
32.94,32.45,1.09,27.68,20.11,2.69,1.85,3.49,1.8,7.22,3.1662,7.0109
30.43,43.04,0.91,13.95,14.09,3.68,1.56,7.18,0.74,1.11,4.7804,2.8204
21.51,21.22,0.94,10.37,11.93,3.98,2.18,1.86,1.14,7.64,5.5986,2.4997
21.58,23.69,0.68,15.37,11.92,3.91,1.54,4.31,1.63,7.29,5.5437,2.5543
40.76,26.09,1.71,25.98,14.33,3.15,2.55,4.76,0.92,3.92,4.7701,6.1255
33.74,32.06,0.51,27.98,18.8,1.43,2.32,4.88,1.62,5.57,3.4375,5.974
26.8,45.37,0.97,12.98,25.39,1.07,1.85,5.56,1.36,7.94,2.1596,4.5872
38.42,30.39,0.76,11.66,21.61,3.48,2.69,4.54,2.65,4.88,2.949,3.046
27.59,39.64,1.38,16.2,14.66,3.52,2.57,2.8,2.49,1.68,4.8497,3.7265
37.33,41.28,0.88,11.91,34.87,3.24,1.83,7.0,2.98,6.98,1.4903,5.1009
30.78,37.59,0.89,14.13,17.74,1.84,0.67,5.6,1.82,1.94,3.7294,3.5334
44.71,30.72,1.23,13.74,14.72,2.92,1.91,7.01,1.94,2.8,4.423,3.6189
44.62,37.31,1.48,16.64,25.29,1.95,1.39,2.93,2.87,7.11,2.5504,5.8993
34.32,30.27,0.68,12.05,22.3,2.35,1.85,5.46,1.5,2.79,2.8384,3.1893
30.52,22.52,0.76,24.81,12.84,2.15,2.12,6.0,1.89,6.22,5.0181,3.8825
30.88,49.78,0.87,14.42,35.98,3.74,2.11,3.68,1.45,4.13,1.7871,6.2394
44.17,23.82,1.96,22.95,17.79,1.7,2.18,6.69,1.86,6.32,3.5017,6.6433
29.85,22.17,1.1,23.34,15.5,2.73,2.2,1.02,0.7,2.63,4.5823,4.8083
26.27,46.36,1.4,17.63,11.07,2.08,0.77,5.16,2.46,3.94,6.1055,4.0871
22.54,29.06,0.86,14.66,21.63,2.99,0.98,5.29,2.96,3.23,2.9276,4.0423
34.0,39.51,1.24,23.41,28.98,2.69,2.08,4.74,0.66,2.74,2.2254,7.9106
34.46,29.87,0.61,26.13,19.95,3.77,1.52,5.41,2.5,3.2,3.2484,5.9149
45.23,31.74,0.55,36.53,22.73,1.3,2.41,2.17,1.1,3.26,2.9778,8.7763
26.64,27.86,1.2,17.48,22.6,1.66,0.81,5.79,0.99,7.69,2.6647,5.5399
31.43,30.29,1.1,24.62,16.59,3.3,0.98,3.35,2.23,4.73,3.9801,5.3731
44.25,32.32,0.71,25.66,11.16,2.11,1.9,4.16,0.61,4.23,5.9986,3.6353
44.71,41.61,1.53,18.24,22.27,1.5,1.75,3.33,1.66,4.52,2.955,6.3507
31.54,35.35,1.99,24.56,10.94,2.51,1.17,4.32,0.5,7.97,6.1355,5.5975
33.77,48.31,1.09,20.17,19.8,2.96,1.52,5.35,1.89,5.58,3.1643,5.3445
29.1,21.26,1.44,22.78,13.67,1.13,0.59,6.87,1.66,5.92,4.5529,4.9922
47.98,35.09,1.94,11.32,16.22,1.87,0.59,4.38,2.79,3.2,4.1326,4.7612
23.56,37.53,1.75,13.4,25.44,3.43,0.74,3.26,2.3,4.3,2.5955,5.8953
48.01,47.61,1.2,41.29,36.8,2.56,1.94,4.42,0.82,2.29,1.7702,16.9103
40.52,21.47,1.61,16.37,12.72,1.11,2.66,5.82,1.39,5.8,5.1553,4.1431
35.95,37.2,0.69,29.72,29.99,1.85,1.15,3.43,2.83,3.41,2.1486,9.7534
20.98,45.61,1.27,15.7,12.44,2.92,0.58,3.9,2.31,6.24,5.2917,3.6452
34.27,27.26,0.92,27.0,20.3,1.6,2.27,4.94,1.99,2.49,3.256,6.3577
32.23,46.29,0.74,19.71,35.93,3.48,2.64,3.06,1.9,3.82,1.7337,7.8149
24.84,20.57,1.14,16.36,11.79,3.03,0.85,2.46,1.5,4.3,5.8625,3.8244
39.69,41.97,0.7,31.47,18.06,2.41,1.46,1.98,1.96,2.17,3.7719,6.426
49.13,47.99,1.55,36.48,20.07,3.75,0.9,3.47,2.43,1.49,3.3934,9.5652
36.87,39.72,1.18,23.78,30.05,2.18,0.77,1.34,0.82,3.22,2.3062,9.0025
41.44,33.17,1.3,35.97,25.11,1.71,2.12,5.08,2.92,4.81,2.4061,10.5868
22.05,21.35,0.72,14.84,12.09,2.98,2.92,2.23,1.1,5.57,5.5569,2.8031
32.53,47.6,0.71,27.1,29.32,2.72,2.2,3.64,1.62,3.98,2.1985,8.1943
23.49,34.11,1.38,10.49,12.65,2.01,2.96,2.88,0.56,4.5,5.4275,2.6707
38.38,20.87,1.98,13.25,12.75,2.03,1.59,5.41,1.88,4.8,5.3133,4.6552
48.15,40.69,0.64,24.97,35.66,2.19,2.74,6.95,1.45,4.58,1.524,9.3216
39.85,34.46,0.93,19.57,13.09,1.87,1.01,5.43,1.12,1.63,5.2319,3.7627
22.3,23.73,1.8,15.72,18.27,3.13,0.79,4.8,2.96,3.84,3.6612,5.5525
30.64,26.43,0.61,12.51,19.42,2.95,2.26,5.68,1.57,2.43,3.2924,2.9997
36.52,21.93,1.81,31.01,16.74,2.32,1.43,1.21,1.54,4.74,4.2895,7.9532
32.1,37.23,1.29,15.39,13.99,2.19,1.29,1.86,1.66,6.31,4.8165,3.7096
45.01,38.66,1.11,22.87,15.05,2.1,2.18,1.66,0.79,5.06,4.5426,4.9376
44.44,35.17,0.96,18.09,10.34,1.85,1.33,1.69,1.48,2.55,6.8221,3.0472
38.35,44.51,0.95,23.53,31.39,1.26,1.93,2.82,1.34,2.45,2.0823,8.7753
31.2,45.83,0.96,10.95,29.86,1.8,1.25,4.72,1.66,1.26,2.1704,4.364
27.66,38.47,1.83,11.89,14.18,1.96,2.46,1.8,2.64,3.98,5.0111,3.7244
23.18,20.38,1.59,16.1,14.26,2.64,1.28,7.55,0.98,4.03,4.5581,4.354
30.65,40.86,1.5,12.92,17.74,3.32,1.84,6.98,2.02,2.66,3.7212,4.0777
32.4,32.54,1.7,14.1,12.37,2.19,0.56,7.8,0.59,6.35,5.289,4.046
40.27,36.97,0.89,30.04,19.28,3.83,2.48,1.3,1.29,3.71,3.5363,6.6065
39.74,39.47,1.43,12.31,12.23,3.48,2.05,6.96,1.68,5.69,5.3546,3.4966
22.1,30.51,1.19,13.11,14.08,3.95,0.98,6.63,0.69,5.48,4.6396,3.7459
31.86,47.51,1.67,10.39,22.07,3.63,1.04,7.31,1.86,5.23,2.7728,4.5922
25.45,24.02,0.96,13.63,17.68,2.85,1.16,4.7,1.28,7.36,3.4339,3.4825
24.7,40.15,1.46,16.78,29.93,2.8,1.94,6.52,2.98,1.11,2.2297,6.611
44.82,20.13,1.82,12.69,12.27,1.39,1.87,1.36,2.08,1.48,5.819,3.4825
21.26,47.74,1.1,15.56,33.72,3.17,1.18,1.53,1.11,6.05,1.8623,6.748
32.58,23.38,0.6,25.98,14.76,2.8,2.24,1.83,0.76,3.47,4.5729,4.3002
25.05,22.85,1.27,11.05,12.67,2.52,2.72,7.4,0.6,7.91,4.9785,3.274
46.38,29.99,1.02,41.09,20.88,3.08,0.61,1.43,0.73,2.51,3.3075,9.6991
36.71,31.21,1.51,16.46,21.08,2.33,1.54,1.7,2.2,2.28,3.353,5.239
26.94,26.43,1.93,11.0,17.08,2.57,1.98,7.51,2.64,5.12,3.7051,4.2876
35.07,37.55,1.23,10.1,23.94,2.2,1.97,1.75,0.89,2.96,2.974,4.0679
41.94,33.29,1.2,21.01,22.49,3.15,0.55,7.09,1.51,3.38,2.7772,6.6787
48.74,21.03,1.48,31.25,12.32,3.63,1.03,6.52,1.39,7.45,5.2994,5.5568
26.61,29.59,0.66,13.86,22.68,3.52,0.65,1.28,2.11,1.18,3.0949,3.7887
46.59,44.31,0.88,36.43,14.76,3.36,1.92,1.15,0.96,4.72,4.6899,6.1228
48.03,40.69,1.88,33.67,32.71,1.04,2.11,4.74,2.88,3.34,1.8649,13.4884
47.49,41.75,1.5,21.38,19.15,3.74,0.9,7.98,2.32,3.42,3.2784,5.9007
39.06,40.94,0.52,27.67,13.24,1.82,1.33,7.15,2.89,2.73,4.9311,4.002
38.89,29.33,0.81,32.47,18.6,3.66,1.32,3.17,1.19,1.94,3.6435,6.9634
32.1,22.99,1.52,11.59,13.0,1.59,2.55,3.7,1.97,1.24,5.4301,3.3651
42.57,28.17,1.65,18.44,20.74,2.32,0.99,3.72,2.33,7.91,3.0599,5.932
35.94,44.95,1.76,19.7,22.9,3.25,1.87,6.14,2.28,5.62,2.7064,6.5429
40.32,49.41,0.94,22.61,33.01,2.92,2.46,3.39,0.55,6.44,1.7664,8.5866
32.85,34.82,1.9,19.68,16.11,2.25,2.57,2.03,3.0,1.46,4.5765,5.2991
41.94,20.29,1.33,18.1,11.11,3.04,2.17,6.23,2.82,1.1,6.22,3.669
44.73,24.2,1.54,29.84,13.57,2.65,1.25,4.21,0.8,5.2,4.8423,6.1734
24.39,29.66,1.4,16.06,18.9,1.83,2.56,1.54,1.86,6.07,3.5819,4.4778
44.99,37.36,0.68,27.33,24.69,2.94,2.36,6.53,1.29,3.76,2.4782,7.8899
36.21,22.25,1.94,12.41,14.19,1.61,2.26,5.1,2.7,3.71,4.85,4.5148
45.34,48.3,0.68,24.47,42.9,3.08,0.67,4.43,2.24,3.69,1.3593,11.7228
32.94,30.95,0.88,16.39,21.02,1.01,0.61,5.71,1.06,2.07,3.0551,4.5342
31.37,47.38,1.72,18.04,40.16,2.65,2.24,4.54,0.58,6.28,1.4564,9.3758
47.45,43.42,1.43,39.92,13.35,2.2,2.86,5.54,1.23,2.51,5.1016,7.2233
27.54,42.66,1.76,16.02,11.7,1.91,2.43,7.07,0.6,3.27,5.824,4.4289
45.33,38.2,1.27,10.42,17.22,2.55,2.58,5.29,0.85,5.7,3.8089,3.4011
34.52,38.8,1.07,18.57,13.25,2.94,1.86,5.62,2.09,1.0,5.166,3.2425
35.42,39.14,1.88,26.76,22.69,3.9,1.26,5.3,2.36,6.36,2.8,8.3386
29.25,38.86,0.55,21.12,22.38,3.5,2.19,4.72,1.67,7.29,2.7012,5.2569
37.19,36.61,1.78,21.39,22.43,3.15,2.28,2.2,2.0,1.36,3.1965,6.9141
29.76,49.59,0.85,13.69,35.78,2.44,2.19,3.35,0.89,5.14,1.7566,5.5852
21.18,41.97,1.77,12.87,36.2,2.18,2.87,5.85,1.29,3.86,1.7197,6.8518
28.16,43.31,0.71,17.42,34.86,1.1,1.42,3.98,2.28,1.55,1.8164,6.1162
20.19,46.17,1.37,15.19,13.69,2.08,0.6,3.84,1.41,5.78,4.8926,3.8133
49.35,26.47,1.83,32.13,13.88,3.55,2.77,6.31,1.37,5.29,4.7972,6.7089
48.97,22.51,1.21,33.59,11.92,2.15,0.9,1.04,0.98,5.5,5.8881,5.6931
31.85,34.49,1.62,18.28,13.45,2.38,2.24,5.75,1.99,6.69,4.8891,4.5746
41.85,35.42,1.71,19.52,21.12,1.82,2.68,4.42,2.52,3.01,3.1987,6.2386
30.37,44.88,1.6,22.5,26.53,1.82,1.28,3.64,1.67,5.74,2.4504,8.2603
40.13,33.31,1.89,22.44,14.16,1.19,2.58,3.38,0.79,6.2,4.748,5.6396
44.16,37.13,1.17,39.01,25.75,2.84,1.33,2.21,2.6,2.18,2.6249,11.1167
48.4,35.81,0.76,25.27,25.25,2.34,2.49,3.34,0.68,7.7,2.3909,7.2133
32.01,21.15,0.57,11.16,10.13,2.82,0.67,3.74,1.68,3.38,6.7422,1.5771
43.5,38.46,0.87,29.45,19.28,2.64,2.14,4.06,1.15,6.0,3.4283,6.3835
27.98,44.84,0.71,10.61,36.56,3.4,2.19,5.71,2.84,6.28,1.4407,4.5622
49.71,24.73,1.34,18.69,15.06,3.25,1.73,4.17,2.34,4.53,4.4823,4.131
20.77,37.83,0.78,12.04,17.94,3.31,2.22,6.57,1.92,1.9,3.6094,3.0487
38.11,37.81,0.56,27.09,15.79,2.5,2.81,5.48,2.17,2.93,4.2286,4.3573
39.79,24.93,0.55,22.25,12.42,2.06,2.33,2.33,1.83,2.64,5.5655,3.1186
40.64,23.7,1.75,10.73,10.87,3.8,2.9,2.94,0.87,4.63,6.3696,3.2977
23.61,49.4,1.39,15.31,38.11,1.16,1.62,1.55,2.27,2.83,1.7907,7.7547
48.16,31.81,1.04,23.64,11.46,1.46,1.82,7.62,1.73,4.83,5.6584,4.0279
25.44,26.82,1.84,19.62,13.46,2.26,1.16,7.21,2.09,3.02,4.9749,4.9126
38.68,25.14,0.61,21.83,10.46,2.84,2.96,1.59,0.61,1.01,6.7923,2.8029
26.68,40.03,1.97,18.28,29.56,1.02,0.64,5.02,0.86,3.54,2.1111,8.4756
29.22,38.28,1.42,13.11,10.91,3.16,1.4,7.72,1.97,5.25,6.0967,3.5293
36.39,39.31,0.78,26.28,17.49,2.68,1.24,6.23,1.65,6.42,3.5195,5.1971
32.52,22.64,1.52,22.63,14.38,2.45,1.47,4.44,1.07,1.2,4.8549,5.5417
24.81,46.81,1.65,18.87,23.03,2.27,2.79,2.69,1.1,2.81,2.8835,6.6701
25.13,31.68,1.14,10.34,14.71,2.56,1.42,2.95,2.08,7.9,4.4451,2.923
32.54,29.4,1.79,17.85,13.96,1.49,2.79,6.15,0.65,2.83,4.7991,4.8191
42.72,33.87,0.73,28.83,25.05,1.33,1.56,6.46,1.59,6.44,2.2639,7.8868
46.94,31.7,0.92,13.04,26.27,1.87,2.64,4.7,1.81,4.57,2.2725,4.1074
22.52,45.91,0.64,13.09,20.76,3.13,1.8,1.85,1.27,1.86,3.2799,3.4376
31.79,47.88,0.82,25.82,11.29,2.76,1.28,7.54,2.55,5.5,5.757,3.722
23.01,29.1,0.86,13.49,10.52,2.44,1.62,6.91,0.64,7.76,6.1386,2.5662
20.5,45.92,1.88,15.42,33.47,2.71,1.56,1.98,2.66,7.21,1.9086,7.6447
39.85,43.45,0.62,11.41,25.71,2.68,1.15,1.4,2.31,5.83,2.388,4.018
38.07,47.92,1.14,26.56,35.8,1.92,1.22,4.75,1.62,4.59,1.6423,11.1763
24.89,27.37,1.3,15.75,18.63,1.29,0.97,2.99,2.81,3.24,3.6521,4.6131
27.01,37.31,1.85,16.01,30.25,3.69,1.34,2.98,2.26,3.5,2.2022,6.8285
20.71,28.24,2.0,15.54,21.73,2.8,2.06,1.61,2.83,3.42,3.1939,5.9615
45.05,44.72,1.63,13.9,33.43,3.09,1.47,7.67,1.68,7.45,1.6007,7.0923
49.24,20.16,1.96,40.68,12.45,2.39,2.28,6.81,1.63,2.48,5.5764,7.5229
24.06,36.94,1.68,16.27,16.76,3.27,2.97,1.8,1.83,3.65,4.0765,5.206
26.94,30.18,1.94,13.09,17.69,2.75,1.44,7.14,0.66,4.02,3.6316,5.1322
46.05,29.68,1.56,38.0,17.37,1.16,1.66,5.78,2.77,3.86,3.7404,8.5581
47.79,39.35,0.62,24.08,24.86,3.67,0.91,3.28,2.17,1.03,2.7092,6.4089
32.59,45.54,1.1,24.32,15.68,1.92,1.48,7.1,2.04,2.9,4.2326,5.4172
21.52,38.28,1.47,12.53,25.26,1.41,2.32,5.19,2.82,4.49,2.5205,4.6917
21.18,45.6,1.03,15.26,23.97,1.26,1.04,6.94,2.98,6.32,2.415,4.6813
37.22,27.94,0.91,24.14,18.02,3.16,0.96,4.28,0.91,4.99,3.5957,5.1545
31.79,35.59,1.37,12.37,14.93,3.11,1.44,4.5,2.37,3.69,4.4997,3.6938
20.86,33.52,1.9,13.81,18.04,3.1,2.55,3.04,1.95,5.66,3.7555,5.0095
37.5,20.35,0.55,14.3,11.12,3.75,2.06,3.71,1.65,5.66,6.0577,2.0509
20.34,36.7,1.65,12.2,29.0,2.05,2.89,4.97,2.94,2.74,2.2755,5.5826
43.62,39.85,1.58,14.87,22.12,2.68,2.76,7.63,2.63,1.73,2.813,5.2573
29.19,37.76,1.95,10.31,15.12,2.86,0.88,5.2,2.24,6.62,4.3336,4.0931
21.21,42.09,1.9,11.32,11.12,3.94,0.61,2.03,1.46,4.71,6.2762,3.7387
37.65,37.14,1.64,22.15,24.96,1.94,1.5,1.05,2.17,2.24,2.9145,7.2843
31.93,22.0,1.28,18.15,11.5,3.87,1.81,6.96,1.83,2.83,5.867,3.6101
49.21,23.49,0.81,27.16,18.4,1.45,1.79,3.55,1.12,6.36,3.4981,5.6552
36.33,37.89,1.32,15.28,22.22,3.29,0.84,3.2,1.63,5.57,2.8866,5.1587
28.26,28.25,1.65,19.08,13.83,2.9,0.81,6.61,1.03,7.62,4.6718,4.8947
41.28,22.39,1.84,28.51,14.86,3.45,0.62,7.62,1.75,4.25,4.4647,6.6846
28.14,32.89,1.68,14.71,14.92,1.09,2.63,6.24,2.3,1.37,4.4989,4.4379
47.13,36.63,0.79,38.31,27.74,1.23,2.87,2.22,0.59,5.9,2.1861,11.2739
31.24,29.86,1.4,20.46,14.58,1.21,0.79,3.74,2.41,2.78,4.7561,4.3927
36.5,41.61,1.0,25.33,36.3,2.78,1.03,6.32,0.55,3.27,1.582,10.488
21.52,39.31,0.51,11.81,24.71,2.81,0.72,7.35,1.79,2.38,2.5102,3.2889
32.78,29.98,0.8,10.01,22.65,3.72,2.69,7.99,1.93,3.16,2.6912,3.0298
44.97,42.65,0.67,35.94,12.01,2.4,2.9,4.58,2.4,6.81,5.4849,4.6091
44.17,39.46,1.76,33.99,18.52,1.2,1.15,6.76,2.4,5.04,3.4106,8.6693
26.73,39.12,0.89,11.44,27.79,1.63,1.26,1.33,1.54,1.76,2.5244,4.0374
26.78,36.6,0.93,14.41,24.15,1.02,1.41,3.0,0.67,5.11,2.6654,4.4662
44.52,20.34,1.94,29.52,11.04,3.33,1.76,3.6,2.23,5.43,6.1865,5.8927
47.91,40.9,1.07,31.46,19.22,3.45,2.21,7.83,1.78,7.19,3.1256,7.2436
22.86,31.28,0.51,16.76,14.29,3.99,1.76,1.02,1.33,7.02,4.5591,2.6201
33.5,48.28,0.93,12.6,30.41,2.24,2.88,3.16,1.09,1.44,2.2245,4.6323
30.12,44.54,0.68,16.5,20.18,1.06,0.75,7.51,0.8,7.07,2.8181,4.1188
46.12,37.63,0.65,13.03,16.99,1.7,2.5,3.15,1.24,1.36,3.9971,2.5929
22.51,27.57,0.62,12.92,12.61,2.76,1.34,2.58,1.65,2.08,5.551,2.1977
26.33,26.11,1.39,10.17,14.54,3.89,1.44,6.11,1.69,1.78,4.6059,3.1999
42.57,30.21,0.78,34.77,12.97,1.31,2.27,6.22,1.96,2.27,5.1086,5.0806
21.54,34.3,1.04,13.45,28.57,1.36,2.82,4.31,1.41,6.62,2.0893,5.1121
34.78,28.88,1.79,26.81,12.14,3.11,2.29,7.63,2.8,5.8,5.3403,5.2319
33.26,35.45,1.14,11.09,28.68,3.0,2.44,2.42,1.74,5.81,2.247,4.7172
30.03,24.96,1.87,13.42,14.27,1.75,2.38,7.39,1.56,7.45,4.489,4.2876
31.84,49.33,1.25,14.37,22.97,3.44,1.3,6.29,0.62,3.74,2.697,4.8467
35.9,23.24,1.1,18.08,11.91,1.39,2.39,3.58,2.0,1.02,5.9352,3.4689
24.84,47.96,1.63,17.9,30.95,3.78,2.46,6.65,2.01,5.48,1.7695,7.5394
37.16,47.41,0.61,18.57,32.22,1.6,1.83,1.93,1.96,7.08,1.8538,6.6687
44.16,35.76,0.63,15.97,19.71,1.24,1.84,1.92,2.72,7.83,3.1422,3.2419
42.8,41.75,1.48,11.81,11.49,2.02,2.4,7.51,2.41,3.55,5.7924,3.1963
24.62,33.08,1.23,10.76,26.61,1.56,2.54,1.66,2.67,6.76,2.3667,4.0849
24.48,38.9,1.69,17.2,33.43,2.58,1.34,1.03,0.65,6.94,1.973,8.088
28.05,30.22,1.87,15.8,16.56,3.06,2.5,3.72,1.3,2.01,4.1941,5.0308
30.83,29.03,1.08,21.5,18.61,2.47,2.54,1.73,1.3,5.42,3.589,5.5111
32.25,37.35,1.39,21.77,20.06,2.98,1.09,7.04,2.14,2.21,3.2192,5.7651
40.39,34.94,1.25,13.44,16.42,2.09,2.29,7.46,1.62,4.13,3.8519,4.0143
21.7,37.39,1.97,10.96,11.73,1.08,0.97,4.38,2.44,7.15,5.665,4.0443
21.04,28.6,1.75,14.56,16.2,3.92,0.73,3.98,1.46,6.53,4.0784,4.7905
31.76,31.01,1.87,22.09,23.1,3.46,1.94,4.77,1.05,4.99,2.7926,7.3179
40.91,22.52,0.88,19.8,10.13,1.22,2.77,2.58,1.23,6.66,6.7246,2.593
25.8,21.57,1.66,10.84,13.82,2.35,0.59,3.09,0.96,2.07,5.0691,3.7195
39.25,27.6,0.9,10.29,21.1,2.91,2.57,1.71,0.99,2.36,3.2647,3.2902
27.79,22.23,0.81,13.69,11.57,1.57,1.77,4.13,1.04,2.46,5.9696,2.5215
46.58,23.11,1.92,10.29,11.49,2.73,2.65,5.28,0.54,6.43,5.8127,3.8531
46.87,44.39,0.53,17.33,32.7,2.6,2.61,7.51,2.29,7.24,1.4306,5.6779
28.92,21.17,1.95,15.84,11.57,1.62,2.69,6.17,1.5,4.94,5.8606,4.3453
26.9,39.77,0.72,11.44,14.76,1.42,2.42,6.06,0.56,7.71,4.1966,2.6957
32.34,28.18,1.73,11.81,14.98,3.28,2.61,3.16,1.43,6.1,4.4871,4.2498
27.22,46.15,0.91,20.95,22.23,1.97,0.94,7.22,2.76,4.95,2.6694,5.406
40.17,34.55,1.03,24.74,27.09,1.73,1.26,7.63,1.78,5.28,2.0483,7.8658
44.78,29.17,0.83,37.83,18.76,3.21,1.11,7.53,2.97,6.95,3.0754,7.8598
40.19,35.53,1.38,18.71,18.33,3.21,2.36,1.27,1.85,1.63,3.91,4.9523
44.73,31.46,1.02,30.13,18.8,1.83,0.88,5.23,2.91,2.18,3.3668,6.999
31.91,36.93,1.49,13.46,30.92,3.62,0.96,5.5,1.0,2.86,2.108,6.7696
24.69,23.44,0.52,15.99,10.96,3.06,2.7,3.07,1.22,7.26,6.115,1.9221
42.14,49.91,0.6,13.52,17.25,2.04,2.26,7.95,2.25,7.61,3.3813,2.8602
30.81,32.77,0.65,10.03,27.1,2.28,2.69,3.04,2.97,3.49,2.4564,3.1868
40.14,30.45,1.13,33.42,24.79,3.18,0.85,2.52,2.56,7.47,2.6016,9.6983
28.12,41.31,1.72,17.28,14.66,1.63,1.5,4.39,1.88,4.83,4.5754,5.045
22.44,30.92,1.83,16.89,12.31,2.41,1.21,3.26,0.71,4.31,5.6342,4.7105
49.78,45.0,0.87,21.61,22.63,2.96,0.52,7.47,1.41,6.83,2.5384,5.5707
24.69,33.63,1.36,13.17,10.93,2.62,1.21,4.08,0.72,4.82,6.3115,3.0017
49.65,41.59,1.65,23.88,27.41,2.82,1.45,3.87,1.28,4.18,2.3017,8.5397
49.32,23.22,0.93,34.23,10.64,2.64,0.73,5.38,1.15,1.11,6.4799,4.7036
43.81,45.38,1.11,26.3,11.76,1.6,1.92,1.57,1.47,1.09,6.1035,4.3977
39.78,42.07,1.29,32.93,23.13,2.23,1.46,6.3,2.59,5.39,2.6758,9.0998
37.33,26.35,0.7,10.57,20.87,2.6,0.62,6.38,0.88,1.51,3.0995,2.7454
45.98,24.36,0.54,31.94,13.99,3.34,2.26,4.32,1.27,6.16,4.7096,4.6042
28.68,29.49,0.73,14.52,15.16,2.96,2.32,7.69,1.15,5.36,4.1477,2.5244
34.03,49.28,1.44,13.43,44.21,2.28,2.59,5.06,1.24,4.2,1.3042,7.4046
38.58,27.7,0.61,22.04,16.76,3.92,1.71,5.87,1.4,5.97,3.7712,4.4953
32.34,33.68,0.78,18.76,17.01,1.32,2.92,7.47,1.11,7.95,3.5081,3.91
32.82,20.9,1.01,12.44,12.28,1.62,2.79,5.66,2.86,2.72,5.5085,2.283
29.91,31.92,0.62,13.01,13.3,2.02,1.88,4.02,1.55,4.9,4.9536,1.9289
36.93,37.14,0.79,18.95,21.34,1.69,1.61,1.17,0.79,6.9,3.1727,4.783
45.52,48.59,1.87,22.48,24.74,2.88,0.51,6.1,1.67,1.12,2.6923,8.2653
26.05,35.5,0.53,13.51,15.55,1.12,2.28,7.75,0.96,2.42,4.1786,2.6654
48.03,44.57,1.48,14.91,14.75,1.53,1.91,4.29,1.04,4.65,4.6454,4.0729
40.67,36.41,1.08,10.11,16.66,1.88,2.84,3.38,1.21,4.87,3.9194,2.8411
44.7,21.22,1.51,38.81,13.17,3.05,1.99,4.63,0.81,1.6,5.301,6.7397
36.69,29.45,1.38,30.46,10.84,3.63,2.98,6.1,2.3,3.85,6.237,4.6937
43.39,37.27,0.84,23.73,13.42,3.4,2.63,1.0,2.48,4.64,5.2184,4.0377
20.49,48.52,1.77,15.46,41.76,1.55,2.88,7.21,1.49,3.96,1.2853,8.5404
44.55,45.77,1.24,29.91,26.71,2.7,1.32,7.2,2.22,5.9,2.1084,9.8144
21.2,26.85,1.73,10.43,10.75,1.09,0.87,4.79,1.47,6.4,6.2623,3.7284
46.7,26.6,1.11,13.73,18.04,1.93,2.49,1.86,0.91,4.22,3.7458,3.71
49.76,26.04,1.98,41.84,10.68,3.42,2.47,5.7,1.49,3.98,6.385,6.9863
28.82,47.67,1.66,18.71,34.14,2.37,1.03,1.96,1.89,5.94,1.9663,9.0237
26.31,45.58,1.95,19.54,32.93,1.45,2.41,4.55,0.6,4.89,1.9006,9.2254
42.96,43.25,1.27,35.12,28.39,2.32,1.95,1.66,2.14,7.09,2.1693,11.482
27.59,31.78,1.21,15.64,22.29,1.59,0.77,5.12,2.36,4.37,2.8354,5.0257
45.97,35.13,1.63,11.5,11.77,2.18,1.75,3.23,2.65,5.02,5.8464,3.3931
23.09,33.93,1.82,11.52,23.76,2.46,2.83,6.82,0.76,1.9,2.7729,5.1062
23.78,27.6,1.95,10.58,11.72,2.05,1.77,6.6,0.5,6.85,5.5934,3.7193
49.37,35.15,0.99,16.49,16.84,3.81,2.47,7.99,0.68,3.96,3.6661,3.8611
40.22,20.91,1.7,20.35,15.58,2.69,0.57,2.8,2.81,6.03,4.3164,5.0916
45.41,23.95,0.82,13.59,14.5,3.53,2.32,1.43,2.41,4.01,4.7365,2.867
29.73,46.6,1.32,12.46,40.57,3.28,2.87,4.1,2.59,1.01,1.6068,6.4587
40.29,42.55,0.77,21.28,12.45,2.98,1.75,1.58,1.79,3.8,5.6155,3.6046
37.83,32.69,1.02,17.77,18.45,2.49,1.34,2.25,1.82,2.03,3.7934,4.2376
38.09,35.51,1.9,20.8,11.28,1.01,2.12,5.18,1.25,3.79,6.0873,5.14
40.48,31.1,0.72,20.93,20.15,2.84,2.79,5.14,2.61,3.25,3.1837,5.0158
37.26,42.22,1.45,24.35,12.14,2.07,0.94,1.3,2.57,2.42,5.9346,4.4627
32.87,43.53,1.39,26.75,15.0,1.35,1.51,4.1,1.48,1.87,4.5494,5.6971
28.28,42.9,0.68,11.43,17.22,2.33,0.89,4.71,1.32,6.1,3.6552,2.6895
43.06,41.68,0.99,12.78,29.98,3.21,1.74,2.88,2.35,6.28,2.0039,4.6194
26.79,26.14,1.34,20.05,11.83,3.89,1.85,7.1,0.57,2.85,5.6984,4.0945
40.77,30.14,0.78,23.05,22.82,2.12,2.86,2.13,2.65,4.47,2.9154,5.9911
27.0,34.1,1.7,19.2,12.52,2.63,1.53,2.78,1.62,4.25,5.4642,4.546
38.76,29.92,1.96,15.12,10.53,3.55,1.92,2.1,1.6,3.49,6.6759,3.8341
42.41,42.65,0.82,32.72,20.92,2.0,2.71,1.82,2.17,2.94,3.2845,7.7451
26.56,29.88,0.78,20.68,24.57,1.43,1.3,7.15,2.11,2.3,2.4819,5.7527
21.8,24.15,1.18,14.32,11.01,1.85,2.19,2.95,1.16,7.11,6.0908,2.8779
23.93,31.97,1.62,10.95,11.73,3.7,2.39,6.06,2.86,6.83,5.6245,3.5271
38.18,49.4,0.92,30.75,35.84,1.48,1.33,4.0,2.97,3.92,1.6428,12.055
45.48,26.78,0.53,34.16,13.68,1.99,0.91,5.45,1.81,6.05,4.7207,5.0318
21.35,38.36,1.31,14.77,26.76,2.39,1.76,7.5,1.9,4.49,2.2349,5.3156
42.02,32.99,1.93,10.99,13.6,3.54,1.39,6.91,1.89,1.6,5.0287,4.2625
30.24,22.13,1.09,22.18,13.28,3.81,1.17,1.48,1.71,6.76,5.1525,4.4668
34.36,34.64,1.13,12.67,15.21,2.28,2.93,6.92,2.86,2.53,4.3784,2.9413
47.87,41.06,1.95,17.31,21.77,3.8,1.76,4.16,1.11,5.95,2.9727,6.1595
29.96,35.4,1.54,18.63,25.69,1.48,2.64,3.45,0.77,4.69,2.5149,6.8352
33.96,46.16,1.58,15.02,33.75,1.47,0.99,5.71,2.82,5.83,1.7876,7.1758
20.41,28.67,1.34,13.58,17.05,3.85,2.85,7.65,1.03,4.3,3.698,3.8684
22.45,22.59,1.96,14.53,17.04,2.53,2.49,1.66,2.37,5.92,3.9993,4.7126
27.76,48.1,1.53,11.38,18.73,1.56,2.52,6.38,1.01,1.23,3.5704,4.0832
20.84,31.35,1.84,13.83,13.93,2.46,1.47,2.42,2.9,1.29,5.1528,4.3447
38.94,37.29,1.55,32.12,23.68,3.35,1.71,3.66,2.48,7.27,2.7403,9.4141
32.79,43.76,1.6,12.87,27.87,3.48,1.98,7.12,2.8,6.25,2.0703,5.5641
36.44,29.73,0.94,22.8,10.69,3.59,2.47,4.82,2.88,6.8,6.1887,3.3771
25.24,41.48,0.96,13.5,26.1,2.71,2.62,1.47,0.71,4.2,2.5617,4.8518
28.88,24.06,1.67,16.38,13.39,3.6,0.7,4.56,1.58,4.22,5.0023,4.3933
39.91,28.74,0.95,17.15,20.27,2.53,2.76,6.53,2.12,4.74,3.0499,4.1779
48.96,24.34,1.34,22.03,17.55,2.82,2.84,4.7,2.51,2.71,3.9241,5.3331
21.51,44.34,0.87,10.19,26.2,3.28,1.98,2.17,1.1,6.13,2.4349,4.0091
46.71,26.68,1.73,41.13,10.02,2.28,0.97,4.12,2.79,6.81,6.8248,5.9811
37.31,41.52,0.67,23.94,26.88,1.22,2.55,7.47,1.05,7.35,2.0367,6.6099
36.92,48.3,1.74,20.97,34.94,2.05,1.87,5.61,2.67,4.62,1.6745,9.4687
35.01,35.83,1.4,17.68,15.19,2.87,2.54,6.11,1.78,3.9,4.444,4.2825
22.08,36.2,0.78,13.82,19.85,1.58,2.54,6.5,1.79,6.82,2.9257,3.4397
22.7,33.83,1.31,12.93,28.19,1.45,0.72,1.63,1.44,6.27,2.2899,5.3484
38.03,29.78,0.92,18.29,14.41,1.88,2.02,5.07,0.76,7.07,4.3465,3.9435
30.23,34.27,0.99,17.07,14.3,1.1,1.71,3.63,1.37,5.59,4.5524,3.6021
47.52,38.08,1.03,18.97,14.87,3.23,2.87,1.97,1.57,7.18,4.5015,4.0826
32.2,49.58,0.59,13.1,29.32,1.78,1.24,2.42,1.7,1.62,2.2615,3.9433
24.3,48.13,1.98,15.18,41.47,1.37,1.02,6.47,2.35,5.76,1.3733,8.8195
41.44,45.86,0.55,32.28,28.79,3.1,2.74,2.13,1.38,1.62,2.2425,9.5392
28.8,46.67,1.49,12.11,19.61,3.53,0.87,3.19,1.52,6.24,3.3206,3.9191
35.76,34.04,1.06,10.68,22.16,1.06,2.22,2.99,2.77,5.4,2.8529,3.4739
40.93,39.72,1.47,16.4,25.45,1.7,1.25,1.34,2.38,1.11,2.8179,5.9941
47.01,46.85,1.03,41.36,29.01,3.84,1.92,4.24,0.56,5.19,2.1741,13.21
43.77,31.79,1.51,33.84,12.68,2.16,2.04,6.36,2.53,2.02,5.4625,6.0734
40.29,48.85,1.59,25.07,31.48,3.82,1.54,1.16,2.97,2.0,2.2989,9.8521
40.39,32.47,1.54,33.59,17.52,1.82,2.94,1.79,2.85,2.05,3.9642,7.8119
48.38,38.03,0.67,24.86,10.43,1.65,0.83,6.04,2.59,4.39,6.3427,3.3857
28.87,41.29,1.49,23.64,24.19,1.64,1.48,5.16,2.07,1.81,2.7642,7.6584
20.03,48.52,0.92,11.49,43.16,1.26,1.58,6.01,1.2,1.88,1.3143,6.5237
28.16,27.34,0.54,13.16,14.32,3.69,2.08,2.61,2.14,2.79,4.8124,2.136
26.54,42.38,1.12,17.36,36.44,3.94,1.52,6.63,2.24,1.01,1.7768,7.3622
39.86,35.62,1.15,19.4,11.98,3.86,0.74,4.36,1.2,2.93,5.6684,4.0905
39.01,28.06,1.2,25.04,19.56,3.56,2.87,5.27,1.14,5.33,3.2006,6.6725
37.8,43.3,1.56,16.96,13.24,3.54,1.54,1.65,1.49,5.21,5.1568,4.1496
20.49,36.57,0.96,13.39,15.9,2.98,1.36,2.44,2.1,7.79,4.07,3.5036
41.86,39.83,0.97,17.41,24.17,3.48,1.62,6.41,1.23,1.84,2.6455,5.2757
29.71,29.69,0.59,10.75,18.71,1.63,1.04,2.57,1.89,7.06,3.4016,2.721
39.95,34.44,1.53,32.76,25.07,2.16,0.75,1.65,2.75,3.74,2.7812,10.2859
36.7,38.52,1.35,29.16,24.47,2.92,0.87,5.18,1.24,3.71,2.6324,8.8274
30.28,32.15,1.02,24.84,20.18,3.62,0.92,4.84,2.91,3.44,3.2294,6.534
24.04,25.95,1.56,16.48,19.99,2.98,0.99,5.26,1.68,1.87,3.3784,5.7549
22.83,48.85,1.31,15.35,25.31,3.52,1.55,5.33,0.75,4.35,2.4769,5.4083
44.95,35.34,1.2,26.74,14.58,2.42,2.06,4.5,0.64,6.51,4.4705,5.4757
47.55,42.02,1.27,14.1,14.37,3.15,2.07,4.46,1.35,7.13,4.4895,3.7678
39.49,32.33,1.45,14.64,16.93,3.94,0.5,7.47,1.15,7.74,3.5481,4.1186
23.1,30.65,1.49,12.35,21.16,1.46,2.8,4.74,2.61,6.5,2.9743,4.3111
32.06,32.21,0.93,25.19,10.73,3.78,2.56,5.32,2.34,5.36,6.1972,3.2825
41.87,32.28,0.71,14.65,12.23,2.57,2.91,2.87,2.71,4.48,5.5771,2.4294
43.39,36.33,0.73,36.2,12.26,2.93,1.4,7.1,1.97,7.12,5.1974,5.2221
23.55,36.3,1.46,14.47,22.47,3.63,2.16,1.17,1.59,6.18,2.962,4.9895
20.0,34.91,1.81,13.58,14.84,2.23,0.92,4.9,1.18,2.13,4.6985,4.2055
41.36,24.04,1.11,12.91,11.5,2.26,2.54,3.69,1.96,5.78,5.7843,2.5863
30.7,34.88,0.75,14.22,21.79,2.58,0.9,5.23,2.05,4.02,2.9841,4.039
27.63,25.07,1.63,22.11,17.67,1.06,1.31,3.52,1.48,5.17,3.6669,6.0711
20.39,23.78,1.75,11.43,12.92,2.49,1.73,6.02,2.84,7.29,5.1176,3.8817
36.21,47.98,1.82,16.29,29.07,1.87,1.99,1.14,2.1,5.57,2.3166,7.2832
45.53,38.15,1.41,16.03,12.27,3.78,1.9,3.84,2.59,7.57,5.3715,3.8507
48.73,39.78,1.79,14.35,33.18,1.26,0.76,6.82,2.05,7.06,1.5667,7.0607
36.97,32.05,0.52,15.13,15.75,2.38,1.55,2.75,1.29,1.9,4.3313,2.9406
35.43,47.27,0.66,23.13,42.19,3.84,2.81,1.37,2.34,1.08,1.6303,10.0396
22.55,39.14,0.64,13.44,33.62,3.7,2.68,4.48,1.08,3.69,1.7922,4.8489
36.47,43.08,1.57,21.89,31.87,3.1,1.98,7.84,1.99,7.06,1.7286,9.1673
31.4,31.06,0.6,12.01,10.32,2.77,1.93,1.45,1.51,2.61,6.7889,1.5649
38.21,48.8,1.24,28.62,28.37,1.84,0.78,1.49,0.87,5.84,2.2946,9.5621
31.66,44.61,1.21,23.06,12.57,2.1,1.0,5.17,1.53,4.33,5.3517,4.4808
27.21,45.62,0.97,10.26,37.41,1.27,1.13,2.75,1.28,6.22,1.5432,4.9936
22.85,25.17,1.81,13.01,18.03,3.36,1.72,3.87,0.78,2.15,3.8364,4.7669
29.45,28.13,0.76,10.99,22.77,1.97,2.33,6.81,2.56,2.67,2.737,3.6086
22.9,28.57,1.03,16.26,18.26,3.0,1.65,2.39,1.75,2.7,3.797,3.9721
25.31,28.13,1.66,17.6,16.85,2.07,0.82,6.04,1.37,4.84,3.8195,5.339
49.62,45.66,0.55,41.23,25.91,2.39,1.6,4.53,1.76,3.03,2.4109,11.1828
33.32,20.96,1.51,14.33,12.3,2.67,0.91,7.33,2.39,6.68,5.2808,3.8998
35.96,22.28,1.72,19.56,13.41,3.41,2.38,7.81,0.55,3.43,4.8879,4.7613
46.21,28.22,1.9,15.76,18.4,1.63,0.92,4.39,1.87,5.63,3.5812,5.4236
49.87,26.0,1.81,22.94,20.26,2.2,1.71,5.09,1.7,7.64,3.0474,7.0522
37.48,26.96,0.98,21.74,17.12,1.39,2.23,6.22,2.73,5.25,3.7256,4.4082
44.37,43.94,1.38,11.57,34.8,1.23,1.07,3.23,1.89,2.7,1.965,5.4377
29.81,36.89,0.62,20.59,28.89,2.81,0.69,2.59,0.84,6.81,2.0396,6.7136
29.17,20.17,0.89,17.7,12.68,1.57,1.91,7.75,1.47,1.09,5.3223,3.5048
32.08,32.88,0.64,24.16,16.21,1.18,0.64,4.03,2.05,2.8,4.1437,4.5396
40.18,32.24,0.97,16.84,21.02,3.69,1.97,1.01,0.61,3.71,3.2432,4.6986
40.47,23.42,1.81,33.0,13.75,2.6,2.38,6.86,2.71,2.37,4.9192,6.979
29.46,40.28,1.02,24.44,12.06,1.4,1.32,5.2,0.67,5.23,5.5756,4.2491
24.0,41.06,1.34,18.27,19.85,1.16,1.72,2.18,0.58,4.91,3.3745,5.566
38.97,41.63,1.15,28.65,36.47,1.36,2.82,1.21,0.51,3.85,1.8885,12.3732
23.85,41.85,1.19,17.19,11.3,2.41,1.68,3.04,2.21,3.06,6.1345,3.2213
37.35,20.0,1.95,22.83,13.48,3.01,2.99,7.5,1.64,4.04,4.8513,5.511
40.8,48.62,0.94,14.91,38.28,2.92,0.89,7.53,0.76,3.04,1.4266,7.0367
41.02,44.43,1.44,27.62,29.09,1.43,2.27,3.18,2.64,2.55,2.2415,10.0017
42.6,47.12,1.13,29.67,28.3,2.9,2.13,6.85,1.01,3.46,2.1084,9.7563
46.19,20.47,0.59,40.73,13.87,2.21,2.68,4.09,1.32,5.22,4.7317,6.283
35.0,48.02,1.23,20.83,24.18,2.39,0.73,5.58,0.94,5.54,2.6163,6.7876
41.91,44.29,1.72,17.3,12.68,3.4,1.2,3.34,2.82,3.08,5.5725,4.3571
38.58,45.12,0.65,26.12,38.98,2.0,0.83,4.61,2.4,7.63,1.2913,10.7471
25.6,22.8,0.6,20.38,13.37,1.44,2.83,3.06,2.31,2.83,5.1745,2.9956
20.77,42.16,0.73,11.02,28.07,3.62,1.57,1.43,0.61,5.98,2.2297,4.5856
28.54,48.8,1.65,14.41,27.96,1.64,2.78,1.98,1.81,1.57,2.4738,5.7329
33.29,40.36,1.59,19.91,11.39,1.88,1.24,3.03,1.94,5.65,6.0309,4.0395
38.51,37.12,1.35,14.0,31.07,3.12,0.82,7.83,1.46,4.22,1.8516,6.1938
45.5,48.37,1.2,10.68,36.45,3.05,1.24,7.76,1.3,4.98,1.3983,5.4812
25.89,33.29,1.83,13.67,12.73,3.4,1.99,6.79,2.63,2.29,5.3033,4.1113
23.77,37.98,1.65,17.59,32.56,1.55,2.61,2.63,0.56,4.03,2.0753,7.7087
48.9,34.29,1.72,11.47,24.21,2.06,1.46,4.09,2.06,6.36,2.518,4.7973
23.24,47.99,1.72,13.53,25.58,1.38,2.79,4.08,1.49,6.37,2.4731,5.5577
34.35,22.28,1.46,24.75,14.45,2.62,1.11,3.71,2.16,2.66,4.7601,5.6274
37.57,35.03,1.19,31.51,12.14,1.88,2.23,1.31,0.99,3.47,5.7988,5.079
36.24,40.61,1.8,30.93,24.35,3.07,2.34,4.74,1.1,1.03,2.8773,9.9147
22.58,43.76,1.89,13.2,12.12,1.0,1.18,1.51,1.97,1.63,5.8892,4.0153
21.71,37.49,0.54,16.38,22.25,1.18,0.57,6.61,2.95,1.89,2.7849,3.7917
23.16,47.27,0.58,10.29,27.83,2.3,1.41,5.84,2.94,3.06,2.2554,3.0386
37.57,48.26,1.94,26.83,39.08,3.87,0.61,3.47,1.12,6.31,1.5315,13.4032
36.33,21.93,0.92,23.71,15.02,3.67,2.75,5.53,0.76,4.57,4.3625,4.4643
27.01,32.07,1.81,13.0,14.26,3.98,2.88,2.63,1.98,6.55,4.7822,4.3313
39.13,20.7,1.08,22.24,15.07,2.25,2.34,2.86,1.55,6.28,4.3492,4.58
44.6,29.88,0.68,13.84,18.53,1.14,2.32,3.2,2.4,5.11,3.5564,2.8361
21.25,36.11,0.62,15.45,22.8,1.92,1.1,6.58,1.82,4.5,2.6768,4.2555
34.94,47.32,0.73,17.14,15.46,3.03,0.68,2.47,1.78,7.52,4.2721,3.3456
40.68,45.4,0.87,26.08,36.07,1.41,2.51,4.94,2.12,4.98,1.6462,10.1814
27.57,23.82,1.23,12.0,18.22,1.9,1.9,2.4,0.82,4.38,3.713,3.9894
29.23,22.79,1.55,12.93,16.04,1.17,2.2,3.0,2.19,7.08,4.1477,3.7051
38.41,37.68,1.98,33.22,31.33,2.42,2.45,2.65,1.72,1.5,2.2749,12.872
46.94,35.96,1.16,34.05,16.34,1.63,1.52,5.52,2.55,5.59,3.9452,6.6825
44.3,27.99,1.28,38.18,21.19,1.27,0.86,4.69,0.85,1.79,3.1225,9.597
37.49,46.98,1.28,16.65,25.64,2.23,2.49,6.05,1.25,6.74,2.267,5.7252
41.91,47.82,1.31,14.43,15.38,2.05,1.63,2.54,2.88,6.55,4.2363,3.5602
30.94,32.08,1.28,18.02,21.42,2.61,2.57,1.06,1.88,4.53,3.1795,5.2757
39.23,46.71,0.51,21.99,31.69,3.25,1.59,5.76,2.82,5.63,1.8041,7.4235
33.99,31.52,0.5,13.32,14.74,1.34,1.04,1.8,2.22,6.41,4.5301,2.2407
25.7,42.1,0.65,17.84,10.75,3.37,0.93,2.72,2.82,4.38,6.3699,2.2191
41.05,34.28,0.65,19.43,13.85,1.08,2.36,3.14,1.29,7.34,4.6932,3.4323
36.69,23.68,1.56,14.04,13.47,2.33,1.94,6.23,0.73,4.06,4.9236,3.8096
30.76,47.84,0.81,15.23,15.5,2.76,1.51,5.38,2.51,7.24,4.0163,3.5362
47.34,33.62,1.84,28.23,13.61,3.87,1.73,2.29,2.51,5.08,5.1096,6.1001
20.63,42.03,1.89,14.09,20.58,2.72,1.87,5.19,2.05,3.98,3.1286,5.3196
29.47,31.02,1.96,16.97,25.4,1.48,1.1,5.96,1.95,1.03,2.5842,6.4923
21.71,20.57,1.91,13.52,14.25,2.55,1.45,3.72,2.79,3.07,4.9133,4.1352
43.0,23.02,0.91,13.89,12.56,2.19,1.23,2.72,0.94,7.08,5.3034,2.4337
41.06,34.89,1.26,33.84,28.92,2.44,1.47,5.75,2.04,4.0,2.1133,11.3924
29.94,40.7,0.76,23.88,26.59,1.59,1.75,5.28,0.62,3.95,2.3144,7.24
40.27,30.04,1.71,27.27,16.85,2.5,0.93,1.55,0.85,4.43,4.2165,7.1067
31.88,40.86,1.83,10.3,22.11,1.45,1.48,5.67,1.59,3.0,2.9864,4.8798
42.69,40.96,1.78,24.87,20.66,3.23,1.46,4.42,2.55,4.44,3.2102,7.5949
33.63,41.12,1.15,21.72,16.09,2.78,1.22,6.27,2.33,3.63,4.1684,4.8189
32.37,34.78,1.64,27.28,17.65,1.24,3.0,2.34,2.94,7.37,3.728,6.694
48.04,47.45,0.65,42.91,27.13,3.67,0.68,2.81,0.61,4.95,2.3992,12.5971
27.53,34.68,0.56,20.74,20.39,2.85,2.11,4.8,1.45,6.84,2.8758,4.5549
23.61,33.51,1.63,10.55,24.1,1.95,0.94,4.37,0.9,5.81,2.5633,4.6162
37.54,25.98,1.14,31.48,13.94,1.14,2.6,3.7,0.59,2.49,4.9005,6.0848
49.08,29.23,1.99,30.88,20.2,2.9,2.79,6.22,1.16,7.07,3.1039,8.4717
31.34,21.27,0.65,23.08,13.62,2.12,1.5,4.95,1.11,1.61,5.0736,3.9523
21.86,39.01,1.78,12.79,33.09,3.72,2.56,5.97,1.55,4.14,1.8042,6.566
30.18,27.46,1.22,14.85,14.8,1.1,1.12,2.07,0.85,2.67,4.7656,3.6058
35.18,29.12,1.74,19.35,22.73,1.12,0.85,6.1,1.72,4.76,2.8888,6.6179
24.86,43.12,1.73,11.45,33.08,3.85,1.29,4.23,2.8,3.1,2.046,5.8951
39.74,29.82,1.87,18.83,19.45,3.89,1.35,1.24,2.37,6.06,3.4794,6.1449
49.93,27.27,0.95,39.96,18.03,1.08,1.49,2.64,2.61,7.56,3.5947,8.2844
33.55,25.07,1.92,10.7,10.85,3.15,1.43,1.18,2.51,5.96,6.4414,3.6481
30.64,43.25,0.73,12.36,36.84,1.66,1.53,4.2,1.47,3.49,1.5966,5.3821
32.02,23.89,0.62,12.13,10.95,3.1,2.28,3.28,2.27,5.2,6.1897,1.9399
23.45,33.61,1.15,13.41,20.48,3.61,1.11,7.91,2.39,7.22,2.8256,4.2402
46.5,35.21,1.74,41.4,16.67,1.3,0.55,7.08,1.01,2.89,3.9717,9.6665
32.44,40.62,1.21,13.02,21.01,1.72,1.72,6.78,2.65,1.83,3.0248,4.3232
31.62,39.0,1.74,12.42,24.64,1.07,1.62,4.51,1.64,1.92,2.6669,5.3531
39.79,44.32,1.59,32.68,36.65,1.13,0.65,6.65,0.54,4.46,1.5407,14.3795
33.26,21.34,0.81,26.11,12.9,1.09,0.83,2.87,2.11,6.12,5.1901,4.3801
39.45,28.89,1.92,10.79,23.72,3.4,1.77,4.92,2.19,5.6,2.6241,5.0804
21.84,28.4,0.59,15.14,17.95,1.89,1.09,3.75,1.88,4.18,3.6737,3.1342
44.41,24.38,1.85,29.28,11.51,2.48,2.69,2.2,1.03,6.11,5.9866,5.7999
48.22,28.68,0.96,35.5,12.6,3.36,0.93,1.51,1.71,5.44,5.4569,5.2306
39.46,29.29,1.25,22.1,20.24,2.48,0.55,4.91,1.5,5.4,3.1909,6.3561
48.64,35.66,1.13,43.35,11.04,2.29,1.62,1.68,2.94,2.42,6.4522,6.1008
24.54,39.91,0.76,10.42,21.97,1.03,2.97,6.03,2.56,3.19,2.9007,2.8406
34.32,31.43,1.04,14.53,12.44,2.7,2.08,7.45,2.4,3.41,5.2963,2.8295
38.05,41.58,0.79,19.14,21.52,1.37,1.39,2.13,0.95,6.66,2.9722,5.2
37.45,30.08,0.81,20.1,21.31,3.29,0.54,4.3,1.33,6.43,3.0162,5.6727
32.04,28.71,0.78,25.7,16.29,1.77,1.71,6.17,1.45,2.77,4.0702,5.1168
30.14,36.24,1.23,18.48,13.47,3.02,1.02,3.01,1.73,1.39,5.2157,4.4454
23.8,20.71,1.7,10.4,11.44,2.94,2.12,7.45,0.58,6.37,5.7226,3.622
31.75,22.39,1.35,16.83,12.72,2.85,1.96,7.22,1.98,3.87,5.174,3.6158
24.88,32.54,1.84,14.11,11.22,1.8,1.16,1.73,1.39,2.54,6.2848,4.1852
42.03,48.29,1.45,36.1,29.45,1.8,0.67,1.19,1.9,1.82,2.5084,12.6339
26.26,41.65,1.53,16.75,26.19,3.59,2.39,7.84,0.52,1.09,2.4617,6.2353
21.76,22.64,1.5,14.3,10.48,1.04,1.96,7.7,1.3,3.99,6.3289,3.3413
36.57,45.39,1.17,25.39,22.23,1.54,2.61,3.96,2.42,3.38,2.9618,6.8153
37.86,41.97,1.53,27.6,21.17,2.83,1.15,1.35,1.75,5.88,3.2341,7.8726
46.16,38.33,0.6,29.79,17.79,3.45,2.13,5.33,2.47,7.84,3.3999,5.6887
37.31,44.61,1.79,15.29,26.51,2.08,0.8,3.05,2.25,2.45,2.5602,6.4884
30.36,32.12,1.67,23.43,15.92,2.96,1.23,7.56,2.64,2.7,4.1623,5.9304
44.09,26.65,0.87,31.3,14.85,2.67,2.14,6.56,0.52,3.36,4.4393,5.9367
36.21,35.36,1.65,25.73,26.24,1.19,2.56,5.55,1.15,4.26,2.3779,8.9683
22.38,36.47,0.52,17.35,13.48,2.87,1.3,2.99,1.87,5.88,4.8831,2.6598
36.98,36.15,0.83,27.64,23.09,3.44,2.5,5.91,2.85,3.46,2.7334,7.5083
47.24,36.95,0.6,36.73,21.1,3.98,2.19,3.02,2.2,1.73,3.1551,8.0682
31.89,48.46,1.67,26.07,20.21,1.09,1.37,1.26,1.64,6.11,3.31,7.3946
28.89,47.07,1.63,12.1,33.33,2.98,2.69,4.56,0.83,6.56,1.7468,6.2513
24.3,46.27,1.72,14.63,27.24,2.24,1.77,4.42,1.73,2.73,2.4768,6.7941
24.54,44.04,0.51,15.54,23.86,1.03,2.12,6.34,1.6,1.96,2.611,4.1766
32.98,48.3,1.25,15.92,32.24,2.84,1.74,7.06,2.45,4.69,1.784,6.4633
37.87,22.95,1.56,29.2,16.38,1.37,1.63,3.48,1.53,2.46,4.2822,6.4747
22.42,27.95,0.73,15.66,22.6,2.14,2.62,4.15,1.3,3.62,2.8239,3.905
48.19,34.85,1.47,33.92,22.49,1.78,1.24,4.29,0.72,6.44,2.951,9.6489
42.65,45.4,0.63,37.58,36.58,2.08,0.59,3.27,0.62,2.54,1.7982,14.6722
37.6,35.15,0.77,15.86,10.02,2.48,2.7,6.2,1.6,6.64,6.5837,2.0339
44.85,42.44,1.21,31.96,24.55,2.08,2.56,4.65,1.37,5.72,2.5064,9.3172
22.41,24.17,1.48,14.08,11.97,2.66,1.42,7.4,1.89,2.54,5.5985,3.3129
34.31,27.57,0.72,16.04,11.18,1.72,0.96,5.55,2.28,4.68,6.0369,2.3632
38.9,41.95,0.78,13.84,24.34,2.91,2.19,2.48,0.6,5.3,2.6374,4.3823
44.86,24.94,0.81,36.75,17.42,3.56,0.7,2.15,1.74,2.4,3.8848,7.2205
43.5,30.54,0.86,26.97,16.41,1.67,1.56,3.61,2.65,2.01,4.0776,5.5531
28.31,27.95,0.84,20.98,18.68,2.52,0.71,3.43,1.64,4.72,3.5114,4.826
48.23,30.5,1.09,28.12,17.59,2.95,1.99,3.85,1.8,5.86,3.6963,6.4271
23.73,41.25,1.48,11.92,21.47,2.69,0.57,2.29,1.72,4.26,3.1053,5.0053
46.25,31.04,1.16,20.55,14.65,2.1,2.07,7.85,1.47,1.49,4.4528,4.2431
49.13,36.66,1.66,23.02,18.29,2.93,2.18,2.02,0.78,7.48,3.504,6.903
25.31,23.0,1.58,20.04,12.8,1.08,1.72,5.57,0.82,5.86,5.136,4.6817
41.66,44.15,0.69,10.15,28.84,2.11,0.94,1.09,0.95,5.35,2.2087,3.6466
21.21,31.1,0.57,16.12,11.87,2.6,0.75,3.85,2.48,5.51,5.6499,2.3902
32.16,39.46,1.82,26.83,12.27,1.06,1.28,3.16,1.19,3.79,5.6576,5.688
35.49,41.76,0.62,30.41,27.66,2.52,1.66,3.67,2.87,7.89,2.1219,9.1689
37.42,26.29,0.72,20.68,16.17,2.96,2.11,4.49,2.53,1.93,4.2048,4.2285
48.08,46.54,0.53,41.88,23.57,3.28,0.5,5.2,2.21,6.17,2.5443,10.6603
40.17,38.49,1.44,19.96,13.58,1.34,2.28,5.08,2.3,3.95,5.0073,4.1561
34.44,32.86,1.37,10.51,17.34,3.97,2.28,5.41,0.62,7.17,3.5625,3.6309
44.29,25.47,1.98,16.57,18.27,2.82,1.61,6.91,1.92,6.02,3.439,5.3347
48.52,48.27,1.83,41.68,39.6,2.09,1.36,7.21,2.85,4.94,1.5019,19.0317
20.66,42.65,1.12,10.08,29.43,1.75,2.61,6.16,0.6,7.56,1.7601,4.223
49.48,26.24,1.06,28.82,10.67,2.72,2.46,1.55,1.23,7.39,6.3436,4.3942
22.58,30.13,0.95,10.57,20.14,3.65,2.96,7.73,0.63,1.37,3.2135,3.0888
44.43,44.29,0.73,18.43,17.06,2.56,1.43,7.63,1.92,2.35,3.672,3.5501
28.41,40.87,0.71,11.18,18.16,2.98,2.77,5.98,0.79,5.73,3.3861,2.912
23.97,42.97,0.7,17.71,15.48,2.07,0.72,4.62,1.7,7.45,4.1856,3.7392
33.2,33.24,0.67,20.75,24.15,2.16,1.53,2.75,2.3,4.01,2.6988,5.6634
39.32,41.49,0.86,31.94,27.18,1.86,1.66,6.29,0.91,1.27,2.3098,9.2935
31.43,31.59,0.96,21.31,20.15,3.12,1.6,7.15,2.39,5.5,3.0224,5.4854
21.64,26.34,1.94,16.44,17.57,2.08,2.06,5.66,0.65,2.36,3.8337,5.3846
37.98,38.98,1.37,21.72,15.68,1.57,0.93,5.4,0.87,4.87,4.2701,5.38
47.07,49.28,1.98,30.48,25.24,2.11,2.67,2.35,1.2,3.69,2.6793,10.1825
31.5,29.32,1.06,19.51,19.07,3.56,1.88,3.5,2.49,4.91,3.4096,4.7929
26.49,33.83,1.19,15.56,21.99,3.21,2.76,6.06,2.63,7.53,2.617,4.7626
33.28,40.22,0.99,25.46,29.97,2.0,0.51,1.12,1.05,4.4,2.194,8.7914
21.45,36.25,0.77,14.16,16.1,3.72,2.07,5.49,0.74,1.24,4.1739,3.1261
44.61,45.3,0.71,33.73,33.34,1.22,1.53,6.37,2.62,5.07,1.7042,12.0058
44.79,42.85,1.92,33.43,22.26,1.15,1.76,3.34,2.12,3.28,3.0222,10.3618
37.64,21.75,1.98,14.33,14.52,1.38,2.36,1.53,0.89,6.45,4.7471,4.7105
30.59,49.95,0.57,20.14,25.93,1.35,1.07,6.73,1.89,4.29,2.2679,5.9442
43.99,42.57,0.73,15.79,36.16,1.26,1.01,1.99,2.68,6.19,1.5467,6.193
36.64,45.92,1.14,22.62,15.54,2.98,2.26,3.6,0.67,7.36,4.13,5.2652
44.78,39.54,0.78,30.17,26.56,2.8,1.8,5.95,0.71,3.54,2.2576,8.7708
38.94,45.69,1.05,33.88,27.69,2.94,1.08,6.72,1.18,7.93,2.0387,10.6972
43.53,23.37,0.69,10.87,11.45,3.07,1.71,7.04,2.13,2.05,5.8899,2.003
37.96,30.43,1.18,12.09,11.02,3.27,1.65,4.71,0.95,5.51,6.1046,2.6944
32.42,46.29,0.91,11.34,35.01,1.62,2.23,4.33,2.54,1.24,1.64,5.0711
48.74,26.05,1.03,23.44,11.74,2.87,0.51,6.94,2.38,2.49,5.6271,3.873
36.23,22.35,0.64,27.45,11.37,2.74,1.97,4.94,1.9,5.44,5.8708,3.862
38.15,43.64,1.14,29.54,38.03,3.83,2.01,5.05,0.79,1.32,1.7152,12.8801
26.61,45.06,1.97,18.56,31.56,1.7,2.36,4.04,2.97,1.71,2.1384,8.4028
38.77,24.88,0.99,31.32,12.47,1.18,2.72,3.61,1.73,3.04,5.5007,5.0936
37.15,45.63,1.81,17.15,28.1,2.96,1.6,4.36,1.63,5.03,2.2544,7.7246
25.55,40.6,1.76,10.93,23.67,3.22,1.36,3.55,2.99,1.11,2.9721,4.8836
21.79,35.6,1.93,10.39,27.4,1.85,0.76,3.4,2.66,4.38,2.3952,5.4205
38.13,44.91,1.69,29.71,31.81,2.71,1.34,7.96,1.64,5.38,1.7904,11.7482
42.91,32.58,1.49,30.39,24.62,1.18,0.67,3.35,1.55,3.82,2.7503,9.7477
35.7,25.82,1.78,24.46,12.29,3.88,2.51,2.79,0.74,1.47,5.7364,5.8246
26.8,28.55,0.61,14.01,18.67,1.33,2.52,3.48,2.82,5.28,3.3937,2.9694
40.0,35.15,1.19,19.5,10.81,1.2,1.54,5.14,2.61,5.24,6.1753,3.3014
22.4,35.94,1.98,17.09,11.44,1.13,1.15,7.38,1.28,4.54,5.8537,4.922
33.26,44.17,1.65,11.16,30.81,2.28,0.8,6.52,2.38,5.85,1.8857,5.3312
24.9,43.74,1.94,17.66,10.7,1.29,2.63,6.9,2.41,2.45,6.4482,4.3528
25.53,37.44,1.67,13.26,23.01,3.23,2.69,7.01,1.07,5.75,2.6851,5.2403
26.07,43.42,1.81,10.43,33.89,3.7,1.17,7.44,2.03,2.13,1.8309,5.9123
31.6,25.75,1.56,22.33,14.09,1.78,2.05,2.65,1.14,3.75,4.9245,5.1558
21.53,21.5,1.64,12.16,10.29,2.89,1.15,4.21,2.47,1.47,6.9108,3.0202
31.93,46.21,1.28,22.23,32.28,1.13,1.06,3.7,0.88,6.73,1.8226,8.7338
35.35,22.27,1.89,24.4,16.76,2.16,0.55,3.67,2.17,4.77,4.0639,6.8331
34.5,27.4,1.74,20.43,18.89,1.88,1.94,5.57,1.32,7.8,3.3065,5.7318
31.48,40.86,1.77,22.81,24.96,1.69,0.87,3.81,0.59,7.6,2.4626,8.179
45.17,32.28,1.51,27.53,13.98,2.93,0.53,5.31,0.81,7.99,4.5941,5.9156
24.36,46.29,0.96,12.68,10.48,1.39,0.76,3.68,2.14,1.71,6.7153,2.0762
35.17,28.94,0.55,24.81,19.68,3.58,1.28,3.18,1.1,5.25,3.2626,5.8132
21.86,20.36,1.9,14.04,11.24,2.99,2.17,3.47,2.08,3.85,6.17,3.8021
22.13,29.02,1.38,10.09,22.03,3.13,1.01,6.63,1.54,4.73,2.7792,4.1473
37.22,37.34,0.95,30.03,20.42,3.81,2.72,5.21,2.23,3.16,3.1994,6.9642
36.98,31.28,0.72,21.99,18.64,3.83,1.22,7.82,1.73,1.34,3.4259,4.7203
46.34,36.05,1.74,37.22,25.87,2.65,1.33,6.83,1.27,5.95,2.3163,11.9381
36.74,46.3,1.75,29.19,34.39,2.49,1.04,4.4,0.86,7.76,1.6554,12.4088
48.79,47.37,1.72,25.04,30.81,2.01,1.13,2.7,1.35,4.73,2.101,10.0094
21.46,27.98,1.47,13.28,22.18,3.15,0.69,5.72,2.09,3.31,2.8498,4.7123
22.94,33.86,1.05,13.3,28.53,2.61,1.24,6.09,2.35,7.57,1.8772,4.8068
21.32,36.47,0.96,12.84,30.33,3.8,2.65,4.25,0.9,3.55,2.0194,5.1753
25.56,48.47,0.51,19.45,37.59,1.72,2.22,2.61,2.16,7.4,1.403,7.6438
36.24,49.96,1.75,26.74,34.67,1.93,2.69,4.9,0.95,6.99,1.666,11.5196
39.37,27.06,0.63,13.08,18.0,1.95,0.76,2.78,1.05,4.7,3.7682,2.9419
21.37,41.81,1.45,13.89,12.78,3.42,1.64,7.58,1.83,5.74,5.0479,3.9122
48.38,31.34,1.26,43.24,14.44,1.3,1.07,5.4,1.22,5.9,4.4946,7.8797
45.26,20.24,1.29,28.02,10.03,2.37,2.3,3.04,2.15,5.49,6.8029,3.921
28.9,20.28,1.89,20.92,10.73,2.28,2.93,2.51,2.89,2.13,6.6676,4.5527
22.32,33.82,0.55,15.63,18.26,1.22,2.54,6.02,0.87,5.85,3.3979,3.1813
25.1,34.65,1.66,13.54,12.88,2.23,0.59,5.95,1.93,1.02,5.3686,4.1643
23.81,20.68,0.58,13.28,15.12,2.54,1.29,5.18,2.81,5.97,4.1695,2.6719
23.7,40.61,0.56,16.3,30.63,1.2,0.57,5.3,0.94,4.88,1.8326,5.8617
35.56,28.82,1.14,20.28,10.99,2.53,0.6,5.23,1.42,2.82,6.228,3.6516
27.38,36.8,0.59,17.06,15.43,3.88,0.7,3.52,0.81,6.63,4.1991,3.3503
30.74,29.03,1.68,21.22,21.49,3.94,1.19,7.56,2.11,3.84,2.9253,6.8067
49.69,25.01,1.29,36.97,18.04,2.6,1.26,4.35,2.17,4.4,3.6885,8.4468
40.53,32.22,0.54,16.93,26.28,2.55,1.5,1.14,2.16,1.19,2.5979,4.6906
48.47,26.97,0.56,14.91,21.94,1.86,1.51,3.44,1.86,3.81,2.9684,3.7948
24.28,36.04,1.42,12.71,30.54,3.99,2.43,1.91,2.37,2.17,2.2913,5.9039
31.46,25.96,1.71,18.36,14.5,1.82,0.85,3.54,0.59,2.93,4.7319,4.9735
36.64,35.25,1.16,17.4,15.07,2.36,0.89,5.26,2.89,2.76,4.4295,3.9738
22.3,24.72,1.33,14.15,17.37,1.01,2.07,1.16,1.06,1.32,4.16,4.6667
20.13,40.13,1.7,10.27,17.52,2.05,1.93,7.09,0.8,4.22,3.6288,4.0281
40.11,42.62,1.42,22.8,32.27,1.21,0.89,5.27,2.85,4.66,1.9841,8.8004
39.25,23.31,0.84,18.93,14.44,3.23,2.63,3.07,2.58,5.0,4.6611,3.456
32.32,34.03,1.42,19.26,25.11,2.68,1.32,3.18,2.41,4.24,2.6161,6.9276
34.69,22.13,1.44,18.32,11.97,2.72,1.42,4.26,0.76,7.09,5.5404,4.3491
32.46,37.95,1.6,14.96,21.66,1.86,1.55,2.74,2.52,1.26,3.3014,5.0394
20.72,27.93,1.43,15.17,17.29,3.44,1.31,1.03,2.02,5.3,3.9411,4.5209
30.06,35.83,1.95,12.78,29.64,1.01,1.89,1.19,2.33,7.06,2.1767,6.2626
25.31,35.52,0.8,17.03,15.47,2.0,1.47,3.5,2.95,1.29,4.5346,3.5489
22.95,47.73,1.93,17.35,40.66,2.98,1.15,1.87,0.99,4.47,1.6107,9.609
48.7,36.47,1.31,28.15,27.28,3.72,2.76,1.16,1.76,5.12,2.4447,9.289
37.98,37.49,1.51,30.14,26.44,1.7,1.27,7.01,2.38,2.34,2.3501,10.247
41.86,32.05,0.65,13.35,23.42,2.62,2.25,2.92,1.58,2.77,2.8475,3.1951
29.46,48.47,1.07,17.14,30.27,2.61,1.37,4.52,0.64,6.5,1.9479,6.712
31.79,43.32,1.65,17.68,16.91,3.62,1.59,2.26,0.78,4.97,4.1167,5.4974
27.11,28.56,1.56,10.1,12.57,1.15,1.09,1.33,2.01,3.21,5.5712,2.9891
22.91,45.33,0.56,13.51,36.27,2.27,2.38,6.21,1.21,6.35,1.3267,5.2358
25.37,32.97,1.32,13.83,23.03,1.55,2.34,1.87,0.84,6.23,2.8183,4.767
43.93,44.86,0.63,29.37,16.37,1.06,0.56,1.18,1.35,3.42,4.1718,5.4194
40.33,44.69,1.99,33.76,28.26,1.44,0.65,5.11,1.0,4.42,2.2525,12.2061
36.41,25.67,1.85,11.84,14.77,3.93,2.81,1.09,0.56,5.65,4.7138,4.1061
34.25,41.03,0.53,16.3,14.13,1.64,2.72,4.05,0.88,3.4,4.8543,2.9116
47.67,28.72,1.79,24.51,17.3,3.81,1.77,3.02,2.71,5.4,3.8693,6.7714
22.18,28.92,1.88,13.27,13.92,1.62,1.73,3.24,0.53,2.76,4.9149,4.7
28.42,28.89,1.03,20.4,11.34,3.79,2.53,1.03,2.43,3.04,6.1953,3.56
30.5,41.77,1.58,16.87,22.5,2.96,0.85,7.75,2.38,3.17,2.8075,6.2083
43.47,26.89,1.16,10.77,17.02,1.34,2.13,4.62,1.91,7.55,3.661,3.5801
49.78,20.03,1.48,34.69,10.24,2.75,1.69,5.01,1.02,6.84,6.554,5.5376
27.22,41.46,1.01,20.81,20.64,1.96,2.36,5.66,2.7,4.96,3.0419,5.5919
46.23,25.14,0.98,26.05,12.61,2.15,0.58,6.58,1.69,4.95,5.2051,4.6194
44.92,23.13,1.14,27.39,10.25,2.32,1.98,5.26,0.93,1.39,6.7978,4.1771
26.74,27.13,0.72,11.91,11.52,2.27,1.89,6.34,1.57,5.55,5.679,2.0939
31.98,31.4,1.75,13.75,12.28,2.99,2.6,4.14,0.99,3.3,5.6535,4.1517
32.29,34.28,1.02,14.07,13.53,3.31,2.19,3.6,1.44,5.29,4.8552,3.367
49.35,21.34,1.1,24.79,15.09,1.99,2.7,6.76,1.74,6.88,4.1183,5.064
25.43,49.12,1.84,19.68,24.99,3.77,2.72,7.06,1.4,1.32,2.6093,7.1889
43.97,41.48,1.24,25.12,13.9,3.82,1.52,1.96,2.14,5.25,4.8599,4.8935
30.03,29.7,1.32,12.89,11.47,1.12,0.84,4.8,2.84,4.95,5.8769,2.7142
41.93,29.56,1.93,17.16,14.34,1.04,2.08,5.79,1.37,2.45,4.752,5.0908
32.6,33.46,1.83,16.76,24.73,2.28,2.68,1.59,1.39,5.53,2.6965,6.5405
37.35,38.79,0.75,23.93,18.67,2.77,0.69,7.51,2.35,4.88,3.3303,5.0867
44.98,24.39,1.21,23.19,11.5,1.83,1.89,4.64,1.83,6.37,5.7919,4.2046
44.12,25.67,1.96,21.43,14.31,1.78,0.79,5.52,1.57,1.77,4.7737,5.8576
45.99,45.78,1.06,27.5,27.09,3.04,0.57,2.25,2.53,4.11,2.3973,8.4324
21.79,27.69,1.06,11.64,10.38,2.81,2.2,2.85,2.73,7.99,6.4938,2.2369
40.76,31.41,0.79,12.03,20.3,1.5,2.2,1.85,1.98,5.82,3.2288,3.4948
24.2,46.14,0.67,10.22,22.3,3.65,2.0,2.85,0.96,5.79,2.9014,2.8645
32.47,39.89,1.61,14.39,10.24,3.04,2.65,4.45,1.67,3.23,6.8017,3.4617
36.46,30.25,1.66,11.97,20.28,2.09,0.7,6.84,1.76,1.66,3.2479,4.6946
32.08,40.51,1.95,15.75,28.17,3.05,0.76,4.74,1.58,7.65,2.1862,7.1267
35.59,20.59,1.66,25.91,13.52,1.34,2.66,2.71,1.16,1.74,5.3104,5.7485
49.9,42.07,0.87,35.0,19.26,2.4,1.76,1.31,1.68,7.95,3.2478,7.8794
24.06,34.61,0.56,15.53,20.39,1.51,1.18,5.35,1.62,1.88,3.2037,3.9798
40.26,44.4,1.98,31.54,21.38,1.12,2.35,3.94,1.02,2.2,3.208,9.3105
31.88,48.64,1.01,14.76,33.57,2.01,2.74,7.89,2.76,3.16,1.6659,6.0265
23.99,47.77,0.97,17.96,29.13,1.45,2.22,6.46,2.71,4.59,1.9589,6.3563
24.76,47.28,1.86,13.9,12.64,2.9,2.48,6.66,2.4,6.53,5.1365,4.0335
48.48,35.37,1.38,23.42,23.1,3.02,1.21,1.09,1.5,7.8,2.8348,7.0613
46.39,30.8,0.82,22.72,20.86,1.45,1.22,6.44,1.43,3.51,2.9539,5.7377
47.21,33.95,1.83,13.16,17.03,1.07,2.66,2.36,2.29,1.14,4.213,4.3746
49.75,40.7,1.99,43.89,32.5,3.38,2.04,5.1,2.02,5.32,1.8106,16.7063
26.25,46.52,0.63,11.56,36.57,1.01,1.09,4.13,2.0,5.98,1.5764,4.9074
30.66,26.21,1.79,15.34,11.96,2.03,1.81,5.0,0.81,3.78,5.719,4.2255
40.08,47.55,1.09,18.01,39.43,2.48,2.21,1.93,2.05,2.28,1.7485,8.3379
34.51,44.46,1.29,11.46,22.99,3.46,1.05,4.2,2.75,3.14,2.8823,3.8724
32.55,49.37,1.87,12.67,34.87,3.52,2.14,1.26,0.71,5.59,1.8827,6.9072
30.73,46.41,1.96,10.71,35.57,3.17,0.61,1.29,1.35,4.46,1.9226,6.1007
37.81,28.4,0.89,16.67,16.77,1.74,1.26,5.6,1.77,6.2,3.839,3.6229
37.27,23.18,0.82,29.3,13.26,3.16,2.18,7.66,2.22,2.53,4.9188,4.6573
24.84,23.37,0.62,13.34,17.66,1.74,0.87,6.44,0.72,6.89,3.3171,3.3701
34.15,28.74,1.34,12.37,13.17,1.64,1.06,4.28,2.68,2.09,5.2054,3.3768
36.6,38.43,0.52,23.95,16.02,2.64,2.7,1.39,0.6,3.31,4.2204,4.3054
37.11,44.13,1.12,32.03,20.53,3.04,2.19,1.32,2.64,5.14,3.32,7.6961
26.3,46.98,0.61,12.63,37.48,1.16,1.75,2.11,0.57,6.16,1.5468,5.366
42.27,38.71,1.11,17.62,32.26,1.18,1.03,7.83,0.88,2.86,1.8341,7.4173
20.76,20.17,0.56,15.59,11.14,3.35,1.35,3.79,2.5,7.64,5.9068,1.9699
30.64,25.59,1.75,12.8,19.15,3.58,1.94,6.9,2.65,5.94,3.268,4.4759
43.41,22.99,0.81,24.52,12.06,2.81,0.89,5.94,2.96,2.52,5.5944,4.0091
36.92,30.9,0.99,15.25,25.43,2.29,1.7,5.24,0.79,6.08,2.419,5.0497
27.83,35.04,1.81,21.97,21.97,3.54,1.52,7.63,1.82,5.87,2.7689,7.5882
40.85,21.3,1.62,35.37,10.04,3.19,1.69,2.61,0.69,6.27,6.8925,5.8817
37.02,30.45,0.83,27.94,10.53,2.74,0.76,4.18,0.89,7.41,6.348,4.2498
43.89,25.38,0.61,19.09,11.53,1.96,0.77,7.05,0.94,5.98,5.6028,2.6179
42.05,39.41,1.57,20.91,14.58,1.59,2.91,4.86,0.66,3.46,4.6423,5.2644
38.3,33.93,1.09,15.65,24.53,2.26,2.95,2.73,2.73,6.53,2.542,4.7291
34.65,34.86,1.65,27.5,14.42,1.86,1.57,2.46,0.82,5.87,4.7701,6.3452
24.0,32.83,1.17,18.23,27.28,2.02,2.47,6.27,2.07,5.02,2.1265,6.197
27.84,48.68,1.02,15.38,31.42,2.55,2.14,1.09,2.06,3.48,2.113,5.9853
32.57,26.44,1.18,21.54,17.92,1.51,0.79,7.4,1.0,7.45,3.3512,5.2254
37.98,35.5,1.62,13.8,14.47,3.42,1.24,1.13,3.0,4.59,4.7625,3.6632
35.41,42.08,1.85,18.88,34.17,1.44,1.28,5.42,1.37,5.4,1.7075,8.9963
28.65,36.71,0.57,18.62,24.5,2.44,1.99,5.23,2.76,3.91,2.5766,4.8883
20.19,47.87,1.29,12.0,38.41,3.24,1.95,5.05,2.87,6.47,1.447,5.8787
34.89,31.34,0.55,17.11,25.63,2.46,2.81,4.32,2.87,3.39,2.4388,4.3047
28.57,33.91,1.2,10.01,12.38,2.08,2.48,6.97,2.38,6.67,5.2565,2.0225
42.04,22.66,1.83,31.75,10.74,2.42,2.64,5.62,1.13,1.76,6.5769,5.8784
20.72,38.27,1.04,15.09,28.7,3.55,2.73,6.47,0.8,5.96,1.9901,5.4884
37.54,28.65,1.9,31.86,21.82,3.97,2.5,1.81,1.92,4.34,3.2309,9.2353
48.24,24.81,1.45,33.91,15.73,2.89,1.33,1.35,1.4,5.89,4.3723,7.2712
25.23,36.34,1.9,15.62,17.81,3.38,1.04,1.2,2.58,4.72,3.8948,5.4742
34.15,35.97,1.64,15.16,23.69,1.04,1.93,2.03,2.36,1.94,2.9941,5.6682
22.74,22.28,0.66,17.74,12.22,3.64,2.22,5.67,1.19,4.34,5.4413,2.7208
38.77,40.95,0.85,24.02,16.19,3.86,1.47,4.46,0.54,7.75,3.8551,5.3832
36.52,38.71,1.09,24.66,21.58,2.73,2.62,6.27,1.09,6.28,2.6656,6.4579
32.22,25.67,0.76,21.75,12.31,3.26,2.9,2.34,1.92,3.1,5.5724,3.0458
35.64,34.08,1.24,27.45,19.23,2.54,1.92,3.57,0.7,7.61,3.176,6.8996
46.9,41.61,1.21,10.31,35.46,1.86,1.64,7.22,2.15,6.45,1.4164,5.0356
25.89,35.88,1.93,12.4,27.54,3.56,2.61,7.55,2.18,3.55,2.1498,6.0265
20.68,31.86,1.15,13.78,25.88,2.79,0.56,7.45,0.92,5.23,2.2883,5.0381
45.85,29.67,1.68,37.62,21.83,2.74,0.82,6.73,1.99,3.99,2.8489,10.4143
37.31,38.31,1.91,25.29,18.27,2.98,2.61,5.82,2.02,1.68,3.7578,6.8539
46.72,48.17,1.82,23.12,36.94,3.57,2.33,7.4,1.69,6.64,1.4539,11.0208
37.91,40.15,0.81,18.28,33.21,3.2,1.54,6.0,2.88,2.34,1.8526,6.8782
44.3,22.24,1.24,31.63,16.86,1.63,2.72,7.68,0.77,4.21,3.6785,6.7934
32.89,33.82,1.02,23.26,22.86,2.4,1.38,1.17,1.52,5.92,2.9321,6.5299
42.5,46.72,1.1,26.69,16.71,3.94,2.08,7.45,2.71,7.53,3.6627,5.6252
47.39,22.83,1.04,19.44,10.31,2.66,2.09,4.89,1.47,1.44,6.763,2.9238
37.16,49.67,1.74,30.5,15.1,3.81,0.96,1.78,1.56,3.75,4.7235,7.1967
25.42,48.47,1.18,15.75,42.32,3.44,1.21,2.5,2.17,5.3,1.457,8.3161
28.06,22.35,1.29,20.33,13.4,3.0,2.79,6.97,2.16,6.46,4.7367,4.164
25.96,48.0,1.97,12.35,38.22,2.05,0.96,4.54,0.56,7.45,1.5017,7.5149
27.41,30.89,0.59,14.27,17.39,1.91,0.93,7.88,1.64,1.0,3.6514,2.9097
29.19,45.34,1.23,22.41,30.05,2.93,1.7,1.82,1.33,5.39,2.1389,8.625
36.65,32.55,1.66,11.09,10.42,2.3,0.73,3.89,2.07,1.05,6.7544,3.6642
37.64,33.23,0.73,21.6,14.55,3.4,2.74,3.32,1.89,6.51,4.4949,3.8499
32.79,39.03,1.42,18.57,20.48,3.28,0.75,4.61,2.13,2.05,3.2245,5.8062
38.46,43.23,0.86,27.63,27.81,1.94,2.04,5.43,2.13,7.26,1.9532,8.7988
22.45,21.01,1.8,12.1,11.03,3.11,1.35,5.63,1.14,2.09,6.2541,3.9932
22.63,37.79,0.99,11.67,27.43,2.48,2.51,1.01,1.12,6.35,2.3272,4.1535
25.15,25.6,0.99,19.4,13.86,1.97,1.97,1.62,1.43,3.03,5.0038,3.7783
35.54,30.38,1.4,21.74,22.57,2.24,1.47,1.25,1.1,4.9,3.0732,6.8399
26.42,30.44,0.78,11.2,11.51,3.69,2.96,7.05,2.21,5.26,5.6946,1.9759
28.5,34.07,0.93,12.61,22.96,2.08,0.67,3.19,2.01,2.45,2.9445,4.1691
32.01,30.02,1.12,26.99,14.41,1.86,1.94,3.57,1.04,3.09,4.7239,5.406
44.36,23.22,1.03,15.74,16.54,2.06,2.97,4.15,2.71,1.75,4.062,3.6302
20.42,24.37,1.29,13.31,13.77,1.64,2.23,6.95,1.65,1.04,4.9234,2.8543
39.48,21.0,1.4,20.29,13.99,2.63,2.35,1.1,0.82,2.68,5.1515,4.8558
40.07,34.11,1.35,32.2,27.85,1.44,0.58,1.83,1.03,4.61,2.3916,10.9996
43.96,48.63,1.48,31.87,10.69,3.45,0.55,5.8,1.85,6.0,6.3013,5.8035
47.98,23.47,0.96,29.69,10.09,1.68,0.59,7.75,1.35,6.55,6.5273,4.1502
20.6,48.39,0.69,10.06,35.72,2.79,2.98,5.5,2.63,1.49,1.7496,3.6984
24.61,42.0,1.64,18.46,27.45,1.38,2.95,2.83,1.74,2.91,2.4932,7.0244
46.59,39.12,1.78,24.04,17.07,3.94,1.34,4.64,2.79,6.39,3.7664,6.4472
33.76,39.36,0.89,27.47,22.04,2.36,1.23,7.82,0.75,4.37,2.7127,7.0973
36.94,44.8,1.11,20.87,11.25,3.47,0.86,4.7,2.17,2.28,6.101,3.9846
39.89,23.21,1.25,27.28,11.58,3.31,1.32,3.61,2.71,3.75,5.9488,4.4949
40.37,35.14,1.3,11.76,18.55,3.14,1.43,3.68,1.23,2.89,3.5855,3.8452
47.95,40.91,1.49,34.55,31.61,3.48,2.37,7.77,0.84,1.35,1.9279,12.7871
49.91,37.6,0.56,21.8,20.84,1.3,2.67,6.03,1.64,6.35,2.8885,5.5112
41.6,44.98,1.58,19.35,27.58,3.04,2.37,5.81,2.9,3.04,2.2732,7.0014
28.62,22.17,0.59,11.62,16.26,1.8,2.12,2.62,2.08,7.62,3.8985,2.4753
46.39,40.72,1.2,14.61,17.94,3.36,2.41,4.92,2.11,7.22,3.4594,3.7325
21.48,36.02,1.74,11.2,24.73,3.87,2.35,3.5,2.18,6.01,2.5767,4.9988
26.93,31.37,1.18,13.92,24.11,3.7,1.69,2.68,0.6,3.29,2.6663,4.7006
46.92,30.21,0.72,38.47,13.08,1.34,1.34,7.27,1.61,2.96,4.9901,6.0429
27.69,38.62,1.98,14.67,18.42,2.11,1.21,3.68,0.69,4.33,3.7267,5.6606
26.62,46.73,1.83,18.42,41.09,2.09,2.2,2.98,1.29,3.48,1.6169,10.0237
24.14,34.89,1.66,10.76,29.55,1.37,2.9,7.52,2.55,7.31,1.865,4.8407
45.77,44.74,1.12,28.19,16.64,1.29,1.95,2.38,2.14,1.86,4.1057,5.9465
35.0,32.06,0.78,19.64,11.13,2.15,2.78,6.22,2.99,6.07,5.8651,2.7123
40.25,23.07,1.91,34.69,12.19,3.98,0.54,5.57,0.93,5.28,5.5109,7.1153
27.17,21.85,1.3,20.3,12.72,2.71,2.49,7.44,1.49,6.64,5.0694,3.9521
42.74,21.54,1.78,22.62,12.88,2.87,2.63,6.82,2.52,4.8,5.2025,5.2971
42.8,31.4,1.01,31.55,20.15,2.41,2.08,5.94,1.04,5.41,3.1305,7.759
29.38,30.12,1.0,12.78,23.6,2.99,2.84,3.2,0.88,7.74,2.5543,3.8723
32.32,41.54,1.98,19.74,18.77,3.87,1.97,4.47,1.57,1.64,3.6745,6.2737
26.29,42.28,1.28,10.84,33.19,2.77,1.1,7.61,1.46,1.73,1.8861,5.2566
49.3,21.53,0.71,21.94,10.61,1.2,1.04,1.16,2.95,3.76,6.5471,3.1964
39.37,26.63,0.83,15.5,10.49,2.48,1.89,6.56,1.64,4.31,6.3041,2.3798
48.04,28.23,1.22,33.75,16.67,3.98,2.77,2.76,2.65,2.4,4.1442,6.9593
29.1,36.43,0.56,16.91,11.28,2.16,0.68,2.3,2.72,1.58,6.2705,2.6326
43.46,24.34,1.19,31.37,13.66,2.78,2.01,2.63,0.89,1.16,5.1185,5.8372
42.98,24.02,1.13,24.42,18.09,1.32,2.42,1.42,2.29,6.35,3.6565,5.266
40.75,48.31,1.67,12.23,18.04,1.42,0.79,7.94,1.19,4.4,3.4697,4.4127
48.97,44.13,1.03,34.98,30.56,3.62,0.79,7.09,0.74,6.9,1.7912,12.2672
31.81,25.42,1.97,24.0,13.15,1.9,1.42,4.65,2.69,3.53,5.2409,5.863
23.92,32.2,0.77,18.06,10.77,1.92,1.18,6.01,1.23,5.92,6.1651,2.4109
40.15,30.67,1.39,24.39,18.72,2.16,1.0,4.9,1.36,4.42,3.5705,6.4497
41.88,43.73,0.63,30.26,33.99,3.9,1.0,6.68,1.31,5.28,1.4937,11.1929
37.25,35.31,1.6,26.73,18.31,1.25,0.83,6.91,1.0,3.59,3.5014,7.2226
26.2,23.84,1.99,11.75,15.45,3.46,2.03,2.63,1.59,1.57,4.5949,4.5727
35.13,42.17,1.73,13.31,34.45,2.02,2.22,4.22,1.57,7.63,1.6594,7.2109
29.37,31.91,1.33,11.02,23.35,3.55,2.26,5.44,1.52,6.85,2.6062,4.1866
32.82,27.89,1.23,15.7,12.5,3.98,1.83,7.85,2.79,3.18,5.2679,3.402
39.36,31.26,1.75,21.53,21.93,2.05,2.88,5.78,1.35,7.71,2.7272,6.7396
42.36,34.93,1.9,37.3,20.0,1.39,2.7,7.28,0.58,3.1,3.2936,9.8626
26.97,30.29,1.98,15.16,21.41,1.43,2.89,6.92,0.95,4.1,3.0148,5.7703
32.16,27.26,1.09,22.46,16.06,3.28,1.47,5.07,2.3,6.29,4.0095,5.0423
28.07,31.96,1.99,19.07,12.17,1.43,2.69,7.26,1.98,3.16,5.4465,4.6831
25.96,20.58,0.73,12.24,13.18,1.78,2.41,3.64,2.88,3.27,5.2148,2.4321
43.5,43.17,0.88,11.67,23.87,1.61,1.35,3.65,2.24,3.87,2.7173,3.5278
47.28,25.13,0.63,27.62,15.25,2.07,0.77,6.47,0.99,4.28,4.2085,5.1144
31.11,21.32,0.91,21.28,15.55,1.22,2.21,1.94,0.8,1.87,4.4575,4.4805
42.54,39.61,1.65,37.49,32.02,3.57,0.84,3.14,1.8,1.12,2.1535,14.2705
46.91,43.22,1.78,21.44,22.8,3.58,1.23,5.26,2.16,7.43,2.6354,7.4149
45.38,44.41,1.67,37.23,23.41,2.24,1.75,3.94,0.91,3.47,2.7516,10.8024
25.48,34.81,1.45,14.0,20.2,2.84,2.2,7.59,2.0,1.71,3.1784,4.4856
48.69,26.16,1.27,33.23,15.8,2.93,2.82,7.71,2.66,6.31,3.8721,6.4153
31.3,42.12,1.56,19.75,35.77,3.25,1.98,4.52,2.32,3.07,1.7732,8.9817
30.18,40.99,1.09,10.8,26.88,2.56,2.18,4.77,2.16,2.27,2.3593,4.0755
21.87,27.39,1.76,10.54,13.44,2.53,1.28,6.07,2.47,7.74,4.8439,3.8555
34.59,47.1,1.52,10.41,27.06,2.89,2.22,4.2,0.76,7.44,2.1284,4.8696
23.27,23.13,1.55,13.07,15.1,3.11,1.59,2.33,1.01,1.74,4.7466,4.1707
27.46,49.48,1.3,19.29,32.06,2.04,2.64,6.23,0.6,7.29,1.7265,7.7769
29.51,45.81,1.83,12.51,28.03,1.99,1.48,6.16,0.86,7.24,2.0106,6.0941
44.26,40.64,0.88,27.73,14.56,1.81,1.67,2.71,2.78,5.44,4.5878,5.2708
46.26,48.16,1.07,19.03,11.11,2.65,1.58,6.83,1.06,4.71,5.9217,3.1898
29.07,41.67,1.67,21.22,19.01,2.08,2.53,5.3,2.16,2.52,3.5664,5.6969
45.76,25.71,1.24,34.56,14.58,2.62,2.88,2.65,2.23,1.85,4.8932,6.5136
45.72,33.26,1.83,33.82,11.13,2.22,1.32,5.56,2.11,5.24,6.1276,6.0015
42.94,22.15,1.02,24.66,15.82,3.51,1.69,2.64,1.88,6.75,4.1175,4.7983
24.4,31.69,1.05,12.68,15.74,1.22,2.26,2.86,1.72,5.82,4.2197,3.2852
40.71,42.25,1.83,30.81,34.89,2.72,2.74,6.94,1.55,2.27,1.8486,12.8712
48.35,31.59,1.2,16.21,12.56,2.73,1.73,7.51,2.79,3.03,5.3115,3.6859
40.48,29.91,1.27,17.38,10.85,2.15,0.77,2.8,0.52,4.82,6.3882,3.6987
29.95,37.86,1.0,12.75,21.03,2.26,1.42,7.5,0.63,5.37,2.8899,3.9334
35.02,46.17,0.92,23.5,15.89,3.4,1.88,2.67,1.73,1.51,4.3855,4.582
39.37,21.43,1.48,26.72,16.03,1.84,1.54,1.82,1.33,5.3,4.2513,6.2646
35.32,31.56,0.68,23.26,10.17,3.61,0.97,1.41,1.52,6.15,6.6603,2.8182
23.6,24.75,1.82,13.57,14.02,3.69,0.59,2.69,2.99,2.27,4.9952,3.7793
29.36,40.86,1.67,11.44,33.97,2.95,2.22,3.7,2.44,2.72,1.9061,5.612
44.07,23.17,0.79,36.49,13.14,3.32,2.98,7.49,2.69,2.81,4.9874,5.6343
45.84,39.94,1.54,25.66,12.32,2.84,2.8,2.7,1.42,7.58,5.4486,4.8667
24.12,28.59,1.4,13.71,14.11,2.58,2.21,3.56,1.1,3.85,4.8309,3.4236
48.57,25.97,0.78,29.77,15.46,3.9,2.6,6.14,2.42,4.71,4.1707,5.2477
29.86,48.09,0.91,12.87,16.13,1.85,1.14,3.11,2.52,6.07,4.0992,3.5187
39.87,20.56,1.11,13.3,12.59,1.46,2.06,5.79,1.87,3.6,5.3,3.1698
42.55,33.13,1.55,21.17,25.17,1.86,0.65,4.02,2.74,1.74,2.7452,7.1527
44.36,20.65,1.46,16.67,14.93,2.84,2.27,2.38,2.92,5.58,4.5949,3.9936
48.37,34.51,1.3,18.15,10.96,1.56,2.92,6.14,1.68,5.67,6.0842,3.3178
29.39,35.03,1.65,22.84,13.22,3.73,2.65,1.19,1.06,2.82,5.3453,4.9463
45.76,29.65,1.64,26.32,14.03,2.23,1.84,3.05,1.79,1.25,5.0922,5.8952
23.95,23.96,1.43,14.33,15.33,3.55,2.47,3.49,2.97,5.66,4.3731,3.7252
41.15,31.29,1.68,28.03,15.88,1.75,2.86,4.21,1.23,5.92,4.1952,6.3405
42.26,40.17,1.0,35.94,31.24,1.94,1.04,5.76,2.04,1.18,2.1187,12.1546
40.33,43.47,1.82,12.84,30.4,1.18,2.48,4.22,2.23,5.85,2.0662,6.6259
27.57,35.92,1.42,20.48,12.1,1.77,1.17,5.16,1.03,7.57,5.4933,4.5384
46.19,37.7,1.73,28.22,24.17,2.47,2.69,5.17,1.97,2.25,2.7529,8.7839
25.07,26.02,1.32,11.47,11.25,3.84,0.75,3.61,1.29,4.65,6.0564,3.3084
21.61,28.62,0.83,11.96,13.47,2.17,0.95,7.54,2.64,5.88,4.7769,2.2649
41.52,24.86,1.31,22.79,11.75,2.92,2.3,7.69,2.29,2.61,5.6512,4.1632
34.26,27.48,1.06,23.32,12.16,2.28,0.94,5.07,2.57,6.26,5.5143,4.0204
45.47,26.75,1.55,17.39,17.24,1.14,0.9,1.5,1.0,7.08,3.9386,5.165
31.5,35.58,1.21,18.83,21.6,2.51,1.89,4.44,0.59,6.7,2.8793,5.4513
25.05,36.88,1.75,16.88,13.85,1.2,2.59,2.29,2.63,2.81,5.1429,4.4737
45.09,48.35,1.52,23.5,43.02,3.65,1.17,4.38,1.47,6.63,1.2964,11.7738
36.47,25.87,1.53,28.53,14.58,3.26,2.6,2.32,0.95,3.89,4.6808,6.0201
25.68,39.25,0.83,19.28,12.35,2.14,2.52,5.93,0.73,2.87,5.3906,3.5628
41.61,44.52,1.98,22.53,13.56,2.92,1.95,1.56,1.79,2.18,5.299,5.85
35.33,36.81,1.76,29.78,22.73,1.34,2.12,7.67,0.88,7.36,2.578,8.976
38.13,27.65,1.68,11.75,22.39,3.11,0.6,2.37,1.92,3.99,3.1104,4.5982
33.83,27.88,1.0,10.06,17.36,3.47,1.42,5.62,2.32,7.06,3.5985,2.4302
44.86,21.18,1.3,21.37,15.86,3.47,1.16,7.42,1.84,2.12,4.0981,5.1685
44.89,29.16,0.71,27.96,16.29,1.85,0.88,2.74,2.76,6.37,3.9778,5.3063
41.28,42.34,1.31,26.54,21.92,1.79,1.47,7.54,0.89,1.77,2.9655,7.6179
23.16,21.43,0.72,13.89,13.21,2.56,1.39,3.72,1.73,1.12,5.1507,2.9393
45.17,26.58,1.33,13.77,18.08,3.9,2.32,7.72,0.91,7.97,3.2341,4.1904
40.13,41.19,1.47,14.28,19.63,3.76,2.0,7.8,2.69,1.51,3.3064,4.5904
40.91,43.48,1.09,32.08,34.6,2.08,2.78,2.32,2.83,4.23,1.8941,11.8877
30.89,33.66,1.25,23.79,10.55,3.34,0.86,6.82,1.5,7.15,6.1961,4.4692
46.38,40.94,1.81,31.15,21.41,3.76,0.65,2.35,1.26,6.74,3.0902,9.1639
41.76,31.64,0.66,27.78,18.5,1.78,1.84,2.59,1.2,4.3,3.5873,5.6664
23.38,24.8,1.69,15.01,15.95,3.49,0.5,1.59,2.65,5.28,4.3026,4.651
32.23,31.94,0.76,13.5,14.68,1.8,2.47,2.1,2.21,5.41,4.5397,3.0478
46.59,37.4,0.56,23.53,19.58,2.03,1.76,5.43,2.7,1.77,3.3909,5.4188
21.42,48.44,0.78,14.46,26.2,1.6,1.72,4.14,0.79,2.99,2.3872,4.5124
48.84,22.06,1.65,28.18,14.85,2.52,1.41,6.54,1.69,3.11,4.4859,6.5822
40.37,35.22,1.11,10.47,25.64,3.53,1.44,3.32,2.19,3.65,2.6083,4.051
38.94,29.87,1.81,32.83,20.97,2.58,1.58,7.78,2.74,2.92,3.0179,9.3629
28.12,35.25,1.29,21.08,16.92,1.37,0.54,1.35,1.46,2.76,4.0725,5.3527
27.46,20.72,0.53,13.25,15.72,1.76,0.71,1.44,1.28,3.48,4.2514,2.8059
48.26,29.39,1.58,30.5,22.21,2.69,1.76,5.91,2.78,3.65,2.9319,8.9483
28.95,44.6,0.67,22.88,17.7,2.75,0.88,7.21,0.62,4.41,3.5631,4.5471
43.27,36.62,1.68,12.71,14.22,2.73,2.45,6.57,1.7,2.21,4.7416,3.9912
31.79,33.52,0.75,18.45,15.81,1.23,1.19,4.43,1.65,6.52,3.986,3.5285
24.18,28.57,1.02,14.19,16.14,3.26,0.74,2.89,0.87,7.02,4.0305,3.5629
20.32,28.94,1.64,12.18,21.86,3.73,1.09,1.09,1.49,2.74,3.3026,4.8688
36.33,31.49,1.93,27.82,22.84,2.53,1.39,4.57,2.31,1.86,2.9394,8.6792
49.27,45.07,1.06,23.05,35.59,3.16,0.59,4.33,1.42,6.06,1.6484,9.472
31.07,49.02,1.74,11.02,19.25,3.74,0.85,3.41,1.27,7.47,3.2603,4.2453
30.72,33.16,0.79,11.03,20.78,2.93,1.31,5.05,2.45,1.25,3.1489,2.9769
30.32,31.8,1.71,10.65,14.76,3.02,1.28,6.1,2.97,1.1,4.6616,3.8163
35.62,45.4,1.49,18.44,13.31,3.16,2.5,5.91,2.45,2.28,5.1575,4.3619
33.22,32.81,0.79,23.09,22.18,1.78,2.61,2.84,2.62,5.79,2.9442,5.6294
46.4,36.56,0.95,16.4,13.08,2.75,0.98,5.1,2.85,7.75,4.9682,3.4581
35.17,26.93,0.7,23.04,17.96,3.53,0.81,2.04,2.5,6.25,3.7133,4.9689
35.23,42.31,1.07,23.9,27.69,1.89,2.09,1.85,2.95,5.01,2.3557,8.0137
24.15,35.96,0.81,12.34,26.98,3.69,2.51,6.5,2.37,5.9,2.0794,3.6945
49.48,44.27,1.47,30.71,14.08,2.86,2.91,5.86,2.15,2.61,4.8593,6.0802
27.5,43.42,1.99,18.56,32.27,2.27,0.52,6.38,2.23,5.82,1.8737,8.8239
22.2,26.45,0.52,13.36,21.44,2.87,1.53,2.07,2.75,3.25,3.1675,2.8695
39.89,41.47,1.31,18.38,32.53,2.21,2.33,7.4,2.21,2.56,1.8623,7.9748
37.86,44.0,1.36,24.15,31.8,3.51,2.57,1.93,2.4,2.66,2.2247,9.098
32.45,30.38,1.87,27.07,20.19,2.45,0.66,7.09,1.04,5.67,3.1085,8.2101
32.67,25.18,1.26,17.54,14.29,3.7,2.2,3.47,2.78,6.37,4.6361,4.0826
43.55,20.08,1.32,21.18,13.71,2.53,1.22,1.74,1.62,5.07,5.0431,4.614
25.87,33.53,1.21,15.05,23.42,2.98,0.69,3.01,0.9,1.45,2.9757,5.4531
44.61,30.57,0.9,12.26,19.83,3.99,1.72,2.27,2.5,1.27,3.5631,3.7629
39.46,36.65,0.58,23.53,27.24,1.44,0.9,4.43,1.39,2.52,2.3295,6.8349
32.57,25.64,1.11,15.77,14.78,3.21,2.34,7.65,0.96,3.01,4.4639,3.6932
33.74,45.79,0.58,12.28,13.73,1.42,2.35,3.3,1.14,3.83,4.9513,2.3879
27.7,27.73,1.33,15.92,17.12,3.52,2.61,5.28,0.59,1.53,3.9798,4.0682
42.56,26.79,0.96,10.09,13.13,2.79,1.44,7.24,0.73,6.08,4.8408,2.762
35.39,34.42,1.3,18.19,17.47,3.81,0.53,5.41,1.98,5.98,3.7167,5.2177
29.63,34.97,0.7,11.55,10.35,3.6,1.15,3.54,2.67,3.43,6.5722,2.1222
37.88,26.45,1.9,10.56,14.38,1.22,1.67,7.94,1.62,4.94,4.4697,4.1254
49.87,28.16,1.84,38.75,20.64,1.41,2.24,2.31,2.07,1.71,3.4562,10.639
33.06,25.09,0.78,26.55,15.48,2.8,1.46,4.66,2.52,3.91,4.1451,4.9594
47.62,41.55,1.02,16.77,10.26,2.55,1.84,6.58,1.39,7.0,6.4693,2.6567
30.35,43.1,1.42,18.28,23.2,1.51,1.81,1.0,2.14,5.62,2.8931,5.8727
21.64,33.87,0.64,11.85,15.5,1.39,0.91,5.91,1.38,1.73,4.3729,2.5214
26.13,41.42,1.03,15.49,22.62,2.69,2.06,2.87,2.11,6.93,2.8651,4.6226
32.56,42.08,0.88,17.67,20.96,1.15,1.6,2.19,1.04,5.76,3.0943,4.7348
26.59,24.15,1.87,13.12,18.53,3.62,2.52,2.92,2.94,4.17,3.7602,4.6261
20.01,48.99,1.78,13.51,11.4,3.42,2.23,7.77,0.69,5.84,5.7174,3.9599
47.45,44.63,1.37,14.1,30.26,3.36,0.78,7.24,1.76,2.21,2.0495,6.3687
45.32,26.13,1.28,11.61,19.48,1.05,1.72,2.5,1.22,4.85,3.4086,3.9308
42.27,25.58,1.9,30.93,20.15,1.14,2.26,1.82,2.0,5.33,3.4155,8.7782
25.03,23.77,1.9,16.68,11.56,2.65,0.72,3.55,1.57,7.49,5.8689,4.1085
23.61,24.15,1.95,14.29,14.86,3.98,2.48,5.15,1.27,1.47,4.6682,4.7056
22.03,42.44,0.69,13.29,11.2,2.03,1.06,7.07,1.13,3.62,5.9483,2.5192
41.72,34.09,0.74,23.29,19.53,2.03,1.76,7.76,0.96,7.56,3.017,5.6378
47.86,43.49,1.52,24.36,13.57,1.4,2.85,6.26,2.46,2.52,4.9901,5.2778
32.92,42.39,1.31,17.04,32.95,3.02,1.93,5.19,1.06,6.69,1.8343,7.3446
23.57,38.14,0.53,14.28,12.63,2.94,1.56,2.0,2.43,1.01,5.5553,2.2797
35.37,40.59,0.59,20.77,23.14,1.3,0.52,1.52,1.71,1.18,3.098,5.3365
30.46,20.55,1.83,20.7,12.89,2.4,0.83,5.17,0.68,3.29,5.3638,5.4345
31.24,29.35,1.8,21.55,23.95,3.0,1.95,4.77,0.91,6.38,2.5159,7.4467
38.64,39.13,1.04,18.93,25.81,2.48,1.73,6.92,2.73,1.73,2.5165,6.128
41.56,20.28,1.84,20.98,11.52,3.02,1.41,3.26,2.01,3.68,6.0979,4.8389
23.32,20.99,1.39,13.11,11.44,3.45,2.81,1.28,0.96,1.92,6.2345,3.2118
21.07,45.56,1.71,13.26,13.92,3.06,1.33,3.97,2.26,2.57,5.0004,4.2495
49.83,40.52,1.14,25.79,29.31,2.85,1.84,7.78,2.56,4.52,1.9635,8.9422
26.98,27.96,0.67,20.66,18.95,3.56,1.92,6.57,1.33,3.23,3.4186,4.6523
21.61,40.64,1.15,14.61,25.64,3.7,1.82,1.24,1.89,2.48,2.6978,4.9999
25.7,43.77,1.19,19.61,11.18,2.17,1.69,7.12,1.23,3.75,6.053,3.9983
21.17,29.2,1.33,14.37,20.84,1.52,1.34,4.3,0.7,5.91,3.0002,4.8469
31.75,21.08,0.66,26.27,13.9,3.45,2.77,3.55,1.5,1.84,4.8517,4.3622
44.07,47.98,1.99,28.48,41.79,1.64,1.63,3.43,2.38,4.36,1.5502,14.4996
30.24,30.36,0.87,24.68,19.02,3.79,1.82,5.17,1.65,2.92,3.5055,5.5075
33.33,23.19,0.8,12.9,12.49,1.07,2.14,4.71,1.51,3.65,5.3776,2.5134
40.27,34.76,1.29,11.33,17.54,3.76,0.67,5.6,1.42,6.75,3.476,3.594
35.27,43.05,1.31,21.74,14.93,2.77,2.45,5.02,1.65,7.51,4.2185,4.8822
45.84,26.65,1.16,40.33,18.42,3.32,1.78,2.01,1.3,2.7,3.7842,8.209
45.98,28.08,1.66,22.94,19.26,2.2,2.14,2.8,2.03,5.41,3.4676,6.4072
20.3,27.28,1.27,11.12,12.46,3.98,2.43,6.89,0.66,5.74,5.2977,2.9871
43.34,49.75,1.41,24.78,15.51,1.68,2.69,5.64,2.52,6.9,4.1294,5.2535
33.82,25.92,1.59,22.21,10.84,1.79,1.48,4.14,0.93,7.29,6.1461,4.6178
49.67,37.27,0.54,20.93,30.31,1.15,2.53,2.28,2.08,4.28,2.1011,6.6023
34.5,47.76,1.36,23.94,17.63,3.82,1.15,1.05,1.62,7.88,3.7948,5.9766
49.61,24.41,1.83,43.75,13.24,2.37,2.15,3.18,2.43,7.8,5.1033,7.9615
42.64,49.13,0.53,34.79,19.57,3.02,0.76,1.38,2.57,4.55,3.4042,7.4604
27.46,48.42,1.11,13.63,23.83,3.06,0.55,4.38,1.01,4.79,2.6571,4.8628
36.15,46.54,1.89,16.91,32.52,3.62,0.74,6.75,2.19,5.67,1.8056,8.0996
49.76,26.44,1.03,22.92,19.96,2.99,1.3,3.0,0.97,3.62,3.3181,5.903
45.73,39.02,1.19,22.12,14.39,2.69,0.58,6.93,0.81,5.63,4.4979,5.3322
22.92,42.83,1.97,10.79,29.1,3.13,2.08,5.93,2.83,4.6,2.1164,5.5781
41.19,49.58,0.8,29.96,22.19,3.25,1.29,1.88,0.91,1.25,3.1422,7.4868
30.37,25.41,0.6,15.61,20.21,1.56,2.34,5.51,1.07,6.97,2.9742,3.4767
20.21,42.98,1.79,14.58,18.36,1.33,0.61,2.06,0.83,7.58,3.5972,5.3988
32.1,30.16,1.8,25.85,10.11,1.22,1.04,5.58,1.68,1.18,7.0114,5.3722
27.04,25.27,1.21,10.29,15.3,2.12,1.52,2.0,2.8,6.52,4.3465,2.7852
44.57,32.64,1.27,39.23,12.66,2.49,1.46,3.75,1.16,3.7,5.3827,6.554
30.12,43.82,1.75,20.74,11.28,2.85,0.83,4.97,1.85,5.1,6.0828,4.6299
44.83,33.95,1.61,25.52,23.23,3.87,2.99,1.35,1.53,4.5,2.9688,7.8638
20.02,36.13,0.9,11.95,25.47,1.99,1.21,2.07,1.34,4.86,2.5892,3.7827
29.23,49.85,0.53,17.38,26.06,3.28,2.3,3.24,1.93,4.47,2.3599,5.0551
27.23,31.97,1.22,13.97,21.49,2.59,1.05,4.24,1.9,6.97,2.9015,4.775
27.01,38.46,1.79,17.48,22.63,1.66,2.69,7.01,1.4,5.78,2.7399,5.847
22.05,30.96,1.84,10.66,20.05,2.85,1.47,2.31,2.63,3.89,3.4073,4.844
25.61,31.78,1.93,16.59,20.01,3.9,2.75,3.43,0.63,5.82,3.3351,6.2074
36.67,40.87,1.82,15.97,27.22,1.37,1.35,4.33,0.71,7.76,2.1941,6.2548
28.74,48.14,1.37,10.24,16.62,2.52,0.52,3.07,2.98,1.56,4.177,2.9723
32.52,36.27,1.17,19.68,15.72,1.15,1.79,5.38,2.37,3.72,4.2627,4.4011
31.31,43.05,1.66,19.43,22.34,1.96,1.81,2.8,2.51,7.09,2.9294,6.6659
46.28,22.68,1.61,23.34,13.42,2.86,0.8,6.41,2.01,6.17,4.8652,5.3255
47.16,26.33,1.31,12.32,18.78,3.52,1.09,4.54,1.55,7.54,3.3574,4.0157
34.79,35.06,0.63,27.68,17.37,3.19,2.46,1.6,2.07,1.28,4.1017,5.4161
29.9,20.6,1.89,19.11,10.91,2.39,0.59,5.39,0.73,7.04,6.1022,4.625
23.2,27.59,1.18,10.95,13.16,3.73,1.72,4.98,2.39,6.54,4.9913,3.0602
48.6,35.52,1.05,27.17,14.41,1.91,1.83,3.37,1.85,6.71,4.545,5.0931
21.81,20.45,1.44,13.38,13.99,3.26,2.22,1.08,2.89,5.18,4.8933,3.2006
28.93,27.94,1.51,10.84,16.08,2.42,0.59,2.4,2.09,1.36,4.3888,3.5821
28.94,35.42,0.82,18.46,24.47,3.7,1.96,3.84,0.88,4.77,2.5169,5.531
29.61,37.19,1.76,21.81,19.24,3.39,0.51,2.4,1.69,3.85,3.6013,6.551
24.93,47.77,0.93,17.44,39.16,3.7,1.16,5.04,0.64,4.69,1.3944,7.9709
43.49,39.36,0.78,15.78,33.96,1.64,1.75,5.99,2.36,6.18,1.5055,6.1593
23.67,32.44,1.11,17.48,21.68,3.0,2.78,6.99,1.75,5.17,2.8378,5.0732
39.05,47.91,1.6,18.24,38.43,3.22,0.82,5.53,1.42,3.05,1.6255,8.9319
23.72,43.55,1.95,18.25,24.5,3.23,0.92,5.82,2.92,5.2,2.5461,7.2535
22.12,26.0,1.71,10.51,20.28,2.51,2.17,5.26,2.85,1.58,3.3904,4.1739
47.28,23.93,1.91,25.7,17.42,1.03,1.44,7.9,2.88,1.04,3.8085,6.9946
25.7,40.27,0.71,16.39,35.07,1.78,2.06,2.83,1.05,3.81,1.7598,6.5227
44.64,36.8,0.61,17.34,23.58,1.97,2.99,2.86,2.32,6.3,2.6553,4.3855
36.34,43.69,1.34,26.46,32.36,3.56,2.97,1.88,2.86,6.76,1.9633,10.1655
22.34,42.16,0.94,14.6,24.75,3.52,1.38,4.4,1.93,4.85,2.5017,4.7009
48.66,38.76,1.74,10.61,16.16,1.31,1.76,1.67,1.04,7.08,4.1332,4.0623
27.41,49.59,1.51,17.55,22.27,3.85,2.76,2.89,2.54,1.88,3.1721,5.1421
45.79,36.01,1.96,25.13,28.78,1.55,0.73,4.38,2.7,7.75,2.1045,9.9884
25.06,23.39,0.88,11.97,10.47,2.24,1.63,7.7,2.26,7.45,6.1681,2.1538
45.62,44.85,1.23,40.49,27.65,1.65,1.44,7.75,1.23,5.19,2.1207,12.923
20.4,27.56,1.25,14.84,14.68,3.58,1.24,6.21,0.98,1.41,4.714,4.1637
35.35,43.32,0.86,15.95,20.95,3.25,2.99,3.72,2.06,4.18,3.1222,4.2906
43.08,48.71,1.39,25.2,39.82,2.06,2.33,7.06,1.71,2.25,1.4392,11.7176
48.04,40.9,1.16,20.46,32.12,3.05,1.47,7.13,2.17,5.4,1.7415,7.8964
47.28,37.88,1.17,35.03,23.7,1.55,2.57,7.37,0.78,2.33,2.608,10.2279
44.59,33.81,1.04,37.53,15.13,2.15,1.72,5.48,0.84,4.37,4.399,7.0858
46.65,30.93,0.53,21.36,17.58,2.13,2.68,2.41,1.41,2.44,3.8437,4.1743
25.98,30.59,1.28,18.84,16.37,1.71,1.17,1.64,1.15,2.27,4.2927,4.7405
28.53,39.09,1.0,16.74,18.52,3.63,1.06,7.4,2.05,2.74,3.4129,4.1146
28.67,42.54,0.5,15.42,12.83,3.04,1.12,1.39,1.42,1.2,5.503,2.0877
31.31,40.36,0.96,25.31,23.77,1.84,1.85,3.07,2.21,6.01,2.6611,7.3572
31.8,25.95,0.92,18.57,13.31,1.73,1.23,4.41,2.42,3.15,5.1255,3.3275
36.34,34.82,1.09,19.97,23.1,1.05,0.87,1.15,0.97,5.89,2.859,6.0268
24.8,43.75,0.7,16.59,19.18,2.04,2.99,7.35,2.8,5.57,3.1549,3.6278
40.74,34.27,1.26,16.72,18.31,2.58,2.75,3.01,2.47,1.46,3.7795,4.7189
25.03,36.1,1.54,13.26,11.1,1.83,2.09,1.2,2.07,3.18,6.3599,3.2114
29.31,43.13,1.45,23.34,37.92,3.1,2.73,7.96,2.77,4.97,1.3143,10.5196
35.1,39.84,1.71,23.64,22.61,2.24,2.84,3.18,1.16,7.43,2.8728,7.6048
43.89,32.28,1.18,33.88,10.42,1.95,2.19,7.14,1.55,3.81,6.4293,4.646
42.18,46.86,1.28,17.37,27.24,3.82,1.8,4.17,0.71,4.53,2.3992,6.1036
39.37,24.88,1.72,23.25,18.6,1.79,2.71,5.64,1.64,6.25,3.4162,6.3195
24.67,49.87,1.14,19.4,36.94,2.19,1.92,2.69,1.77,6.62,1.4896,8.5567
36.41,23.57,1.55,16.82,16.0,2.15,0.82,4.52,2.04,7.46,4.0019,4.7586
22.62,20.45,1.15,11.22,10.76,1.72,1.42,2.8,0.66,4.48,6.3968,2.7039
31.32,46.7,1.13,18.34,30.85,1.65,1.61,7.66,0.58,2.36,1.9331,7.2582
32.41,27.35,1.64,16.75,19.46,1.91,2.84,1.43,1.55,6.35,3.4832,5.1103
21.19,41.89,0.76,10.99,25.39,3.59,2.15,2.92,0.97,1.88,2.661,3.5875
28.22,44.33,1.01,21.75,36.18,3.3,2.69,7.25,2.4,3.93,1.5012,8.8494
48.67,45.77,0.84,43.36,18.52,3.04,2.39,4.36,2.17,5.4,3.4106,8.6628
48.61,49.75,1.04,29.11,18.41,2.37,1.27,5.2,1.31,5.84,3.4148,7.1196
30.57,28.82,0.85,22.06,22.02,2.52,2.3,5.56,0.61,6.13,2.7778,5.4028
21.29,41.31,1.37,15.41,26.45,1.8,0.99,1.5,0.96,2.35,2.6906,6.1826
25.37,23.46,1.7,17.27,10.01,1.22,1.52,1.12,2.23,7.87,6.8285,4.0602
31.77,32.2,1.68,10.74,16.08,1.99,2.52,7.56,2.98,2.25,4.1761,3.859
48.43,45.44,1.05,15.27,36.11,2.49,2.03,2.9,1.32,1.67,1.8847,6.7692
24.24,31.03,1.98,10.66,10.44,1.17,2.56,3.66,2.5,5.65,6.5394,3.8468
42.91,37.73,1.39,10.28,10.07,1.26,1.14,5.77,2.67,7.37,6.5927,2.6512
23.26,35.11,1.1,12.53,15.66,1.79,2.37,2.65,0.62,4.92,4.3172,3.3891
49.44,39.38,1.75,23.51,32.28,2.1,1.01,6.13,2.79,5.17,1.7723,9.8551
31.45,49.19,1.59,13.96,40.82,2.18,1.86,4.21,1.67,4.77,1.3946,7.693
43.26,21.67,1.62,11.83,13.46,1.35,1.58,7.0,2.91,1.3,5.0836,3.6027
30.28,37.22,0.79,18.1,22.29,1.68,1.89,2.95,1.85,5.77,2.8286,4.6616
38.83,45.89,1.2,16.51,20.26,1.78,0.84,2.43,1.09,3.51,3.4294,4.8232
25.76,34.44,1.79,18.57,14.74,1.2,1.4,6.82,2.94,7.55,4.3986,5.3075
24.38,22.36,1.26,10.08,16.0,1.98,2.17,3.28,1.11,2.31,4.3399,3.7446
48.14,36.82,1.53,37.92,12.32,1.22,1.9,3.88,2.71,3.11,5.6551,6.6032
47.53,29.96,1.38,41.06,17.29,3.11,1.87,6.56,0.93,4.53,3.6679,9.0587
46.62,24.65,1.76,32.65,16.12,2.16,1.78,5.45,2.19,4.34,4.0561,7.5623
38.76,45.47,0.93,27.43,13.16,1.98,2.86,4.09,1.53,3.8,5.1251,4.6525
44.25,35.65,1.36,37.3,20.73,1.38,2.84,2.75,2.93,3.2,3.2243,9.3098
22.07,48.0,0.68,11.48,29.06,1.68,1.4,6.35,0.96,2.03,2.1259,4.3334
30.04,44.18,1.54,24.96,31.67,1.7,1.38,2.26,1.52,6.75,1.9221,10.2247
29.41,40.79,1.6,21.15,16.06,3.96,1.89,7.5,2.1,4.14,4.0411,5.2167
39.07,20.15,0.56,27.49,11.51,3.51,0.74,2.05,2.94,5.01,5.907,4.2078
30.68,32.83,1.51,15.66,20.16,1.05,1.26,6.63,1.26,4.83,3.1578,5.2034
24.46,25.92,1.12,15.16,20.74,2.85,1.08,3.97,1.49,5.03,3.1265,4.5982
37.89,47.32,0.69,24.97,17.03,1.77,1.06,2.3,1.65,5.93,3.8356,4.9279
44.43,25.24,1.13,28.26,20.09,1.31,2.1,3.82,1.13,5.41,3.1423,6.968
31.46,28.58,0.79,21.61,19.7,3.12,1.46,2.55,2.54,2.92,3.4434,5.1668
23.97,35.51,1.12,10.74,26.94,1.39,0.93,1.95,0.73,4.88,2.3383,4.5396
25.9,27.9,1.08,13.88,11.16,2.33,2.72,2.67,2.26,2.71,6.3104,2.7779
27.12,26.3,1.61,15.26,13.39,2.9,2.69,7.07,1.83,5.12,4.9166,3.9125
29.0,37.97,1.66,13.65,11.33,2.66,2.66,1.74,1.1,4.02,6.2336,3.1215
39.28,22.67,1.41,14.19,12.85,3.93,1.48,7.81,1.73,1.28,5.2038,3.2593
38.03,21.75,0.53,13.2,16.62,3.36,0.64,1.03,2.57,6.14,4.0155,2.6755
40.88,31.17,1.9,19.48,11.7,3.32,0.77,5.61,1.61,2.92,5.8407,4.9538
30.88,41.62,1.53,17.83,24.97,2.07,1.19,7.0,0.8,7.44,2.3023,6.4637
44.72,36.64,0.55,11.87,10.13,1.03,1.05,7.54,0.6,2.96,6.5384,1.7259
26.12,32.69,1.73,20.53,22.6,3.2,2.68,2.01,2.44,7.98,2.8329,6.7789
34.07,36.97,0.8,24.59,14.33,4.0,2.97,5.89,1.33,4.24,4.4939,4.2749
44.03,30.96,1.37,31.22,12.07,2.22,2.54,1.75,2.83,1.18,5.9073,5.1882
25.4,48.08,1.2,11.8,21.15,3.96,2.32,3.47,2.04,1.53,3.1687,3.5355
23.3,21.65,1.13,15.01,15.13,1.43,1.97,6.12,1.59,1.57,4.5433,3.4398
46.51,40.2,1.83,26.69,12.69,1.89,2.42,3.42,1.91,1.39,5.5872,5.8911
30.29,46.74,1.16,25.02,17.29,1.51,2.87,3.19,1.64,2.87,3.9472,5.4176
40.52,44.12,0.61,29.08,10.25,2.43,2.0,1.81,2.76,3.27,6.8198,3.5549
20.76,25.52,1.92,13.32,20.19,3.39,0.89,1.47,1.65,1.78,3.5069,5.5925
40.7,28.88,1.88,31.87,18.22,2.02,0.91,1.81,0.76,4.07,3.7806,8.3015
29.48,41.51,1.53,12.25,29.09,3.72,1.96,7.13,1.99,3.56,2.1035,5.3677
21.67,22.53,1.2,10.1,14.9,2.63,1.33,1.08,2.06,5.45,4.5997,3.1666
38.29,44.36,0.64,26.08,14.24,2.4,2.78,5.85,2.41,2.37,4.6394,4.3997
27.22,41.57,1.69,11.2,25.81,3.36,2.03,6.38,2.83,7.4,2.2832,4.8047
31.6,41.89,0.61,11.92,13.53,1.3,2.19,4.98,1.61,4.61,4.881,1.8284
22.42,23.01,0.6,15.52,13.21,3.32,0.51,6.12,1.38,5.37,4.9236,3.017
24.41,41.53,1.31,12.55,25.1,1.73,1.75,5.57,1.73,1.28,2.6574,4.8773
28.94,40.39,0.74,18.76,24.19,1.84,1.58,4.19,2.75,4.91,2.5407,5.2967
22.69,44.93,0.51,17.06,13.56,2.8,2.26,3.68,2.95,3.58,4.9568,2.7426
47.32,21.25,1.13,20.23,10.22,3.71,1.46,7.59,2.93,7.47,6.268,3.093
20.18,20.69,0.71,11.13,14.54,2.74,2.94,7.8,1.07,7.2,4.2115,2.3535
34.52,31.19,0.74,12.08,21.75,2.95,2.18,5.56,1.74,5.46,2.7981,3.29
23.7,24.46,0.62,11.13,10.77,3.33,2.15,2.38,1.15,6.37,6.2921,1.9134
29.23,36.75,0.81,10.89,12.77,1.78,2.8,4.14,1.42,5.51,5.2232,2.3397
47.78,47.52,1.57,12.87,39.03,3.48,2.99,4.48,0.58,1.12,1.6723,7.2224
24.85,31.74,1.71,14.26,22.88,2.25,0.99,6.31,0.9,5.92,2.6469,5.7617
48.97,45.35,1.18,20.9,40.23,1.53,2.53,5.67,1.49,2.24,1.565,9.8255
26.17,20.01,1.26,17.89,11.27,2.05,0.91,4.6,1.41,5.78,5.9363,3.7319
42.25,25.06,0.55,33.71,14.91,1.74,1.64,5.76,1.2,1.07,4.5165,5.6376
36.4,20.91,0.6,26.79,11.4,1.69,0.75,1.17,1.08,3.18,6.1562,3.6525
46.53,29.84,0.89,26.73,19.25,1.85,2.06,6.44,2.37,4.62,3.2476,5.9572
36.62,47.25,1.32,12.21,13.72,1.54,1.67,2.48,1.24,3.33,5.0448,3.4395
36.04,22.91,1.61,24.93,11.01,3.0,2.07,5.59,2.27,5.86,6.0697,4.8543
25.86,38.19,1.41,13.94,11.67,2.74,2.19,1.8,1.42,4.66,5.9216,3.246
24.99,33.54,1.09,10.86,22.86,2.95,2.05,1.8,2.5,7.72,2.7678,3.4434
47.49,48.15,0.68,37.38,26.38,2.03,1.24,1.25,0.92,3.5,2.4496,10.3257
29.84,23.68,1.67,15.02,15.36,3.31,2.59,7.37,0.89,6.05,4.1337,4.2124
31.16,26.36,1.05,13.53,19.99,1.39,1.88,5.23,2.2,6.85,3.1048,3.7568
42.79,20.89,1.6,34.22,14.36,2.71,1.72,3.53,2.79,2.78,4.8467,6.7791
30.16,33.02,1.27,23.68,18.32,1.83,2.97,6.51,0.86,6.28,3.4613,5.8033
48.56,28.33,1.61,21.38,23.13,2.58,1.21,5.38,0.68,3.75,2.838,6.9253
42.14,46.1,1.86,19.63,24.19,1.97,1.82,5.34,2.84,1.9,2.8008,6.711
37.92,38.15,1.88,23.29,12.6,3.37,2.21,4.41,0.79,1.03,5.5919,5.4826
46.43,38.42,1.3,33.05,33.25,3.67,0.81,1.06,1.13,6.21,1.895,12.7748
21.49,35.96,1.27,10.41,10.48,3.23,1.39,2.81,2.82,2.3,6.7208,2.695
27.71,22.76,0.9,17.54,14.26,1.53,2.5,1.76,2.51,1.36,4.963,3.512
33.95,33.35,1.9,28.06,15.67,1.82,1.09,5.64,1.36,4.48,4.2287,7.0863
26.81,49.99,1.19,13.1,27.62,3.76,1.73,2.74,2.89,3.43,2.3563,4.9578
42.32,45.06,0.69,34.83,26.79,2.31,2.08,4.15,1.92,5.84,2.2357,10.1438
47.58,46.8,1.15,40.95,17.64,3.82,2.18,3.47,0.68,1.75,3.9662,8.945
32.71,44.7,0.69,14.77,26.54,2.18,2.32,2.0,2.26,1.93,2.5727,4.3615
30.26,23.09,1.25,21.51,16.12,3.86,2.66,7.71,1.84,3.83,3.9867,5.0511
48.85,26.82,1.34,18.08,13.15,3.78,1.48,7.53,1.93,4.64,4.9841,3.9246
33.35,20.09,1.01,23.53,11.95,2.98,2.27,1.59,2.99,6.77,5.6892,3.8414
34.67,29.11,0.61,25.69,13.78,1.03,2.33,6.79,0.88,5.1,4.6667,4.3445
30.55,23.26,1.92,13.84,16.78,2.2,1.25,4.42,2.14,7.32,3.8651,4.8014
47.29,34.18,1.66,33.11,23.91,3.73,2.92,6.42,1.65,2.52,2.6846,9.7595
37.07,40.31,1.76,27.92,32.05,3.66,2.66,2.06,1.18,5.17,2.0955,11.1113
42.87,46.24,1.05,19.99,15.31,1.56,1.22,1.93,2.23,5.59,4.3784,4.1001
44.35,42.48,1.64,14.92,12.02,2.2,2.19,7.24,2.17,6.08,5.5253,3.6052
30.26,48.16,1.23,11.4,13.96,3.51,2.29,7.28,2.64,7.92,4.4933,3.1815
33.01,21.62,0.8,20.36,11.07,2.73,1.58,4.26,2.7,4.28,6.1183,3.1346
45.45,20.37,0.69,39.79,12.86,3.54,2.66,7.09,1.9,3.59,5.1334,5.5464
30.9,39.84,1.02,23.08,34.12,3.48,2.23,5.67,1.31,6.97,1.5332,8.8509
43.82,28.68,0.71,22.56,14.89,3.72,2.15,2.3,1.82,2.24,4.6761,3.838
48.23,27.61,2.0,27.83,22.08,1.35,1.05,3.3,1.4,1.26,3.2158,8.753
38.7,29.93,0.57,16.62,10.57,1.44,1.52,1.95,1.19,4.11,6.5403,2.5771
42.25,28.09,1.16,14.44,22.14,1.25,1.58,6.42,1.88,2.73,2.855,4.5714
44.15,35.34,1.18,24.05,13.69,3.81,2.33,7.9,2.14,3.78,4.7249,5.0375
45.35,33.2,0.95,24.07,26.61,2.43,2.05,4.82,1.98,7.9,2.0543,7.4209
31.85,35.37,1.36,18.8,11.15,1.19,0.71,5.59,2.89,3.44,6.0773,3.6552
21.54,40.18,0.72,16.23,33.88,1.96,1.27,6.22,1.25,5.96,1.5489,6.5195
32.06,31.61,1.68,20.3,13.34,2.05,1.68,2.57,1.43,2.75,5.2302,4.5757
40.21,27.54,1.0,25.27,13.8,3.43,2.34,3.35,2.17,3.12,4.9537,4.5712
33.51,24.99,1.39,12.37,14.9,3.21,2.36,3.89,2.0,2.7,4.611,3.2455
42.47,30.48,1.57,37.37,15.9,3.07,1.73,5.16,0.5,5.01,4.1728,7.6411
30.71,42.25,1.83,22.14,28.19,1.07,0.79,6.95,1.28,2.58,2.2713,8.7617
39.04,42.7,1.75,31.09,37.0,3.73,1.23,2.78,1.13,6.03,1.7,14.0651
25.59,40.01,1.41,14.39,25.17,1.65,1.14,4.3,2.6,5.76,2.5146,5.4087
42.48,27.02,1.08,23.8,18.67,2.89,2.45,6.26,2.67,3.95,3.4411,5.5748
36.37,37.64,1.25,21.16,11.99,1.19,0.95,1.61,1.21,1.18,5.9515,3.6838
26.12,37.12,1.65,12.16,23.89,1.24,1.66,4.59,0.76,1.16,2.9179,5.1113
28.76,34.53,1.82,19.49,18.86,1.03,2.18,2.01,1.01,4.73,3.6703,6.052
42.46,36.5,0.66,34.79,29.04,2.7,2.91,4.77,0.94,6.87,1.8712,10.828
34.48,34.75,1.08,13.19,17.67,2.89,3.0,6.37,1.09,5.19,3.568,3.3254
26.48,36.96,1.66,10.99,24.92,1.15,2.88,2.66,1.09,4.05,2.61,5.0046
49.02,41.47,1.15,35.11,16.04,1.87,2.3,6.95,1.7,7.17,3.7763,6.8513
41.45,23.29,1.0,17.23,12.15,3.55,2.37,3.34,1.3,2.38,5.6739,3.1642
48.71,42.49,1.12,31.03,20.34,1.3,2.4,2.34,1.9,3.52,3.3286,7.6631
32.81,24.08,1.4,22.39,12.76,1.65,2.66,4.26,1.36,4.96,5.2628,4.3242
34.25,22.0,2.0,16.2,11.78,2.27,2.88,7.13,2.54,3.04,5.6745,4.5304
46.94,49.28,1.24,36.03,11.7,3.53,1.61,1.48,2.88,7.98,5.7999,5.3562
35.75,48.71,0.81,21.41,38.21,1.76,1.54,3.29,1.51,4.17,1.5446,9.2262
41.22,21.81,0.74,32.78,10.44,3.99,1.65,5.57,0.62,1.36,6.603,4.2638
27.57,33.3,0.56,19.59,26.24,2.07,2.15,3.5,1.1,2.23,2.4612,5.6297
33.4,25.59,1.34,25.98,11.33,2.16,2.44,1.5,0.75,4.73,6.1102,4.0185
23.7,34.56,1.32,10.18,11.28,1.37,2.68,3.32,1.36,4.85,6.0861,2.6008
26.18,44.91,0.81,12.72,26.84,3.04,1.64,6.75,2.11,7.89,1.9962,4.2087
20.03,48.52,1.54,10.45,26.84,1.73,1.41,7.78,1.8,5.2,2.1782,5.1092
21.18,39.03,1.61,12.73,21.8,2.89,2.96,1.28,1.11,5.67,3.1076,4.7795
49.32,30.62,0.89,40.54,18.97,1.67,1.08,4.98,2.42,2.5,3.4127,8.5443
27.27,38.1,1.02,15.74,16.63,2.16,1.06,1.74,0.83,1.75,4.251,4.1198
39.9,29.36,1.99,31.16,19.52,3.57,2.29,5.76,1.07,5.21,3.2663,8.6235
45.17,47.29,1.06,19.87,26.22,3.22,0.95,1.06,2.19,7.05,2.3719,6.696
36.52,46.11,1.64,17.31,20.41,1.46,1.5,1.1,0.99,5.11,3.3199,5.7982
24.59,36.75,1.18,18.59,27.97,2.82,1.23,6.44,2.2,4.1,2.1881,6.4469
41.84,29.74,1.69,21.43,20.73,2.89,0.92,1.52,2.94,5.05,3.2102,6.7786
38.01,28.8,1.65,28.17,15.43,1.27,1.95,3.14,2.58,4.28,4.4607,6.4952
41.94,21.0,1.5,16.37,15.09,2.4,1.43,7.71,0.9,1.99,4.4217,4.6688
43.09,44.47,1.78,36.65,37.12,1.78,1.66,7.9,1.8,6.19,1.4039,15.8987
49.26,33.51,1.91,29.69,19.94,2.4,0.99,2.13,1.56,4.73,3.4467,8.6479
37.21,29.75,1.37,26.86,13.17,3.33,2.42,4.93,2.98,3.8,5.1156,5.4373
30.25,34.13,0.86,11.37,27.52,1.47,1.29,4.91,2.91,4.92,2.2264,4.0267
39.45,44.56,1.1,22.05,15.6,1.37,1.36,4.17,0.82,2.69,4.3292,4.7895
22.05,23.74,1.64,16.36,10.42,1.81,1.13,7.47,2.77,4.0,6.3697,4.0795
46.92,45.73,1.48,38.0,20.06,3.86,1.59,6.28,0.98,5.36,3.1262,9.7145
23.58,46.93,0.77,10.4,33.21,3.24,1.66,6.35,1.3,2.58,1.8233,4.2185
29.84,48.4,0.58,14.51,40.84,1.06,1.82,2.89,1.38,6.24,1.3768,6.8154
44.47,31.92,1.52,23.07,20.79,2.2,2.92,4.04,1.22,4.65,3.2491,6.4268
37.92,26.51,0.88,13.95,20.96,1.77,2.76,4.41,2.63,7.03,2.9146,3.8048
